image_id,original_path,source_dataset,original_label,normalized_label,encoded_label,sha256,phash,flagged
img_005105,e:\Final_Project\Pnuemonia_Detection\data\raw_datasets\dataset_1\train\PNEUMONIA\VIRUS-5051946-0002.jpeg,dataset_1,PNEUMONIA,VIRAL,2,9653f94b4436d1416a31dc9991ea0398760f04eaa6daff0ab55d50eb30e4efcd,d47cc74fc5546c44,False
img_005778,e:\Final_Project\Pnuemonia_Detection\data\raw_datasets\dataset_1\train\PNEUMONIA\VIRUS-9438146-0003.jpeg,dataset_1,PNEUMONIA,VIRAL,2,a322ab2f81c7bcf67f6ea69653d382a7822fe9eb619f237415bbe9e503dd624e,9c3a931fd51c3c1a,False
img_000446,e:\Final_Project\Pnuemonia_Detection\data\raw_datasets\dataset_1\test\PNEUMONIA\BACTERIA-9156003-0001.jpeg,dataset_1,PNEUMONIA,BACTERIAL,1,8bed19f38664c54aa99f262a6abeba8cc4f375517be8511f33f53a30e6a2c2a5,d02aeb1b9b4b0f58,False
img_000350,e:\Final_Project\Pnuemonia_Detection\data\raw_datasets\dataset_1\test\PNEUMONIA\BACTERIA-5240350-0002.jpeg,dataset_1,PNEUMONIA,BACTERIAL,1,5cc7656071427f80932c4ee0d95621c63d6d0c942b19f5ee4a318fc5e2190918,906b6f1f4618794d,False
img_004802,e:\Final_Project\Pnuemonia_Detection\data\raw_datasets\dataset_1\train\PNEUMONIA\VIRUS-2982529-0002.jpeg,dataset_1,PNEUMONIA,VIRAL,2,3d6d05ff6dd760ed7b5b9a3efa4e09ba30274c5e1674fc8c1231174e1fcf6800,d56ce23ba30b9a83,False
img_002486,e:\Final_Project\Pnuemonia_Detection\data\raw_datasets\dataset_1\train\PNEUMONIA\BACTERIA-2915422-0001.jpeg,dataset_1,PNEUMONIA,BACTERIAL,1,5f25988a8a8610d6044b0d8e66874016ec61aba34248c3e53a5faad0ffa075c3,986b471fca5a9c4a,False
img_001567,e:\Final_Project\Pnuemonia_Detection\data\raw_datasets\dataset_1\train\NORMAL\NORMAL-7252162-0004.jpeg,dataset_1,NORMAL,NORMAL,0,1ef9d2eee363c59db6b9313c5da953777552d13c5930b7d14be60a496de58df8,c46cc73e8d4d2dc4,False
img_003664,e:\Final_Project\Pnuemonia_Detection\data\raw_datasets\dataset_1\train\PNEUMONIA\BACTERIA-6896388-0001.jpeg,dataset_1,PNEUMONIA,BACTERIAL,1,4b8f8fc529ad2e356bc7126b429875b933118d3583342294b2932c43da06dd89,c062e74de5c76ce0,False
img_004129,e:\Final_Project\Pnuemonia_Detection\data\raw_datasets\dataset_1\train\PNEUMONIA\BACTERIA-8550709-0002.jpeg,dataset_1,PNEUMONIA,BACTERIAL,1,99c3f718de5552cb1ada625774f800fd801a0193e03a70553c00d772519f970d,9a68ac1a879a7997,False
img_004287,e:\Final_Project\Pnuemonia_Detection\data\raw_datasets\dataset_1\train\PNEUMONIA\BACTERIA-9120067-0002.jpeg,dataset_1,PNEUMONIA,BACTERIAL,1,96c398c6eab15ba78c0431d34edbeb415e2c332872391c87e1c9dc62cc8233a5,c42fda1e9a4b954a,False
img_002577,e:\Final_Project\Pnuemonia_Detection\data\raw_datasets\dataset_1\train\PNEUMONIA\BACTERIA-3246536-0004.jpeg,dataset_1,PNEUMONIA,BACTERIAL,1,de825bfe9a3701b97739537988b7e315d286fa9f6bc3ab87f4a79737f07d1d3b,d42f051a834bf9cb,False
img_004660,e:\Final_Project\Pnuemonia_Detection\data\raw_datasets\dataset_1\train\PNEUMONIA\VIRUS-1985177-0002.jpeg,dataset_1,PNEUMONIA,VIRAL,2,ced930a58051f4a709b69ec8356783bab88553d72213bd5a24577a88df7c4268,d066c61ac06db5cf,False
img_004913,e:\Final_Project\Pnuemonia_Detection\data\raw_datasets\dataset_1\train\PNEUMONIA\VIRUS-3745681-0002.jpeg,dataset_1,PNEUMONIA,VIRAL,2,a30acc2119e9ade974fd2f6ecfede74b6e481d83f27d7d9cb7a847b8452654ac,c06f5f5b49090d4f,False
img_002056,e:\Final_Project\Pnuemonia_Detection\data\raw_datasets\dataset_1\train\PNEUMONIA\BACTERIA-1251753-0003.jpeg,dataset_1,PNEUMONIA,BACTERIAL,1,489623cc054e8c5f33a5aa44577fa1edb257514e6a0421000308089925c45e45,c07fa71a0b451f4d,False
img_001137,e:\Final_Project\Pnuemonia_Detection\data\raw_datasets\dataset_1\train\NORMAL\NORMAL-4418958-0002.jpeg,dataset_1,NORMAL,NORMAL,0,8758651addceaba6c42d4229de83d4049e52816783b66c8a86d45dc5ea1d52aa,812fc33ae8796969,False
img_000807,e:\Final_Project\Pnuemonia_Detection\data\raw_datasets\dataset_1\train\NORMAL\NORMAL-2333546-0003.jpeg,dataset_1,NORMAL,NORMAL,0,7b8ebee761e7fe14998ac85107d06459cad5f5f47d28c2770193478d313be604,913fa63a951d1d85,False
img_005649,e:\Final_Project\Pnuemonia_Detection\data\raw_datasets\dataset_1\train\PNEUMONIA\VIRUS-8550080-0001.jpeg,dataset_1,PNEUMONIA,VIRAL,2,6d92d22cf3d4c47c9e9a34c420d15283c14ff6223d7b7ecbab4ff11d74f0544b,90a1c71fd64bbc4a,False
img_002709,e:\Final_Project\Pnuemonia_Detection\data\raw_datasets\dataset_1\train\PNEUMONIA\BACTERIA-3690865-0002.jpeg,dataset_1,PNEUMONIA,BACTERIAL,1,cc6af1afdce834e255008d317c6d48c6e9fdfdff729abd6cc4f0dadfb9557467,d12ffa4a54495d58,False
img_004413,e:\Final_Project\Pnuemonia_Detection\data\raw_datasets\dataset_1\train\PNEUMONIA\BACTERIA-9566232-0002.jpeg,dataset_1,PNEUMONIA,BACTERIAL,1,c4b006c2c2728cfac9c658249b47dabbf2d7ea1173b7d665be401d53a3f9063a,857ab64b8a1c4d97,False
img_002897,e:\Final_Project\Pnuemonia_Detection\data\raw_datasets\dataset_1\train\PNEUMONIA\BACTERIA-4343805-0001.jpeg,dataset_1,PNEUMONIA,BACTERIAL,1,f36c19cc40ef33591a72f8c3a75e8ae6711d010679fef6877659eacaf640f4d5,d4284f1d454de8cf,False
img_003611,e:\Final_Project\Pnuemonia_Detection\data\raw_datasets\dataset_1\train\PNEUMONIA\BACTERIA-6680087-0001.jpeg,dataset_1,PNEUMONIA,BACTERIAL,1,ae95648d5d27116e0d1507c0ae39df64f91672311765c6c78c0602c7384b57c7,947ce53ac30b1bc3,False
img_004495,e:\Final_Project\Pnuemonia_Detection\data\raw_datasets\dataset_1\train\PNEUMONIA\BACTERIA-992913-0001.jpeg,dataset_1,PNEUMONIA,BACTERIAL,1,8c33104de9ac226900f5dadf21524b54f1baab62fd51fcf2a641bcfe3c78c5c0,957adc18947c70e6,False
img_005786,e:\Final_Project\Pnuemonia_Detection\data\raw_datasets\dataset_1\train\PNEUMONIA\VIRUS-9497066-0001.jpeg,dataset_1,PNEUMONIA,VIRAL,2,a51431d10108886b807961c4e956f4b2e076543ad90dc14ebca9bdb9a85e50f6,9125e21ede4a9c67,False
img_000841,e:\Final_Project\Pnuemonia_Detection\data\raw_datasets\dataset_1\train\NORMAL\NORMAL-2504415-0002.jpeg,dataset_1,NORMAL,NORMAL,0,4450a6a2047931ac116b7d985f648c230ba17c4ac886dad2e62b7f5e5a49992a,817d871aa96d38e5,False
img_001562,e:\Final_Project\Pnuemonia_Detection\data\raw_datasets\dataset_1\train\NORMAL\NORMAL-7233940-0002.jpeg,dataset_1,NORMAL,NORMAL,0,cc9378717df07f6f1d2c513422701bd196601ca54fb8d8ccd439d1a457252051,d13dc21ad87938d9,False
img_000891,e:\Final_Project\Pnuemonia_Detection\data\raw_datasets\dataset_1\train\NORMAL\NORMAL-2768393-0005.jpeg,dataset_1,NORMAL,NORMAL,0,a6d03bf936f9ccf9a86209a063812cd06fe09aa5043c5b0464ed943229b79591,917e8f3a1d1d1c45,False
img_003661,e:\Final_Project\Pnuemonia_Detection\data\raw_datasets\dataset_1\train\PNEUMONIA\BACTERIA-6886752-0001.jpeg,dataset_1,PNEUMONIA,BACTERIAL,1,144aea8c863f0e22024364cd4bba942922d82a9a156d56d2c5e0c40007725cf6,947d6a2bc30ecc4e,False
img_002777,e:\Final_Project\Pnuemonia_Detection\data\raw_datasets\dataset_1\train\PNEUMONIA\BACTERIA-3893778-0002.jpeg,dataset_1,PNEUMONIA,BACTERIAL,1,d68f34b26788211c2c15eb3a58a30418779b9c05e0ad09a5fc9b00e959480597,d17ee71a811b39a4,False
img_002491,e:\Final_Project\Pnuemonia_Detection\data\raw_datasets\dataset_1\train\PNEUMONIA\BACTERIA-2949827-0002.jpeg,dataset_1,PNEUMONIA,BACTERIAL,1,26582bcbef6ed052a6e8601d380eac26ef324d0488510357765900313046070f,9539f317f2033e42,False
img_003941,e:\Final_Project\Pnuemonia_Detection\data\raw_datasets\dataset_1\train\PNEUMONIA\BACTERIA-8003372-0001.jpeg,dataset_1,PNEUMONIA,BACTERIAL,1,1ef7578e60455a17ef8f4185f4dc4e91d7ce9d1b3d8cab560253ef28cd521d46,986be71ac12df03c,False
img_001396,e:\Final_Project\Pnuemonia_Detection\data\raw_datasets\dataset_1\train\NORMAL\NORMAL-6227100-0001.jpeg,dataset_1,NORMAL,NORMAL,0,42ce098da1684a2aca19d670d22fa75529f6f6690c076307f6caaa1d7141ad1a,802ac71ade493df9,False
img_001350,e:\Final_Project\Pnuemonia_Detection\data\raw_datasets\dataset_1\train\NORMAL\NORMAL-5887026-0001.jpeg,dataset_1,NORMAL,NORMAL,0,5ed7e54576f7e8d0b6708f9217916bcd4491825431cc689555ab5586318bc7d2,c56f0f094d4d4ac7,False
img_000268,e:\Final_Project\Pnuemonia_Detection\data\raw_datasets\dataset_1\test\PNEUMONIA\BACTERIA-2131702-0001.jpeg,dataset_1,PNEUMONIA,BACTERIAL,1,6a4500423ffa0fb8a6ca247f743c13e32ec06ef948add8761aee2ce4a83442c3,c82fe70f4d445d94,False
img_000580,e:\Final_Project\Pnuemonia_Detection\data\raw_datasets\dataset_1\test\PNEUMONIA\VIRUS-6840343-0001.jpeg,dataset_1,PNEUMONIA,VIRAL,2,893abc1afd7ea6be16eb26425aec0d7aef6f32ea1c53712371924305772d2019,946cc71a994f3d86,False
img_004202,e:\Final_Project\Pnuemonia_Detection\data\raw_datasets\dataset_1\train\PNEUMONIA\BACTERIA-8738712-0009.jpeg,dataset_1,PNEUMONIA,BACTERIAL,1,827e3a80f91205bf35b3635b0b06f1af7a92b4658f33c8a156486297630592ae,d03d79e1078e4ee8,False
img_001344,e:\Final_Project\Pnuemonia_Detection\data\raw_datasets\dataset_1\train\NORMAL\NORMAL-5840376-0001.jpeg,dataset_1,NORMAL,NORMAL,0,3256c233f4476c8eadc1634ef3d7a4d461749100050ef5f6b89381b99589e929,9128ce18d94f1fc7,False
img_001758,e:\Final_Project\Pnuemonia_Detection\data\raw_datasets\dataset_1\train\NORMAL\NORMAL-8626902-0001.jpeg,dataset_1,NORMAL,NORMAL,0,a69ea98800a8e1cc727bab633e10468fe880145804f0abeb26214b5500426c8b,d474871f8b2d68c6,False
img_000142,e:\Final_Project\Pnuemonia_Detection\data\raw_datasets\dataset_1\test\NORMAL\NORMAL-6137647-0001.jpeg,dataset_1,NORMAL,NORMAL,0,78fa246893459dafa780ffe14979af4fc8544eb187fe2849208d06a07874b6fe,917e061b075f194f,False
img_004442,e:\Final_Project\Pnuemonia_Detection\data\raw_datasets\dataset_1\train\PNEUMONIA\BACTERIA-9624424-0001.jpeg,dataset_1,PNEUMONIA,BACTERIAL,1,d4e6710517b8a74ebf1b9b355cfc4e1cf759a40a09a5bcefb75eb2ab148634f6,c13ec65b54492dd3,False
img_002278,e:\Final_Project\Pnuemonia_Detection\data\raw_datasets\dataset_1\train\PNEUMONIA\BACTERIA-213622-0007.jpeg,dataset_1,PNEUMONIA,BACTERIAL,1,5f327ea85d66d17d5e71daabf5ecd95b0e76c5e6da53c138ee17ed4b6993a41c,903bd25a5c5a1d5d,False
img_002852,e:\Final_Project\Pnuemonia_Detection\data\raw_datasets\dataset_1\train\PNEUMONIA\BACTERIA-4213815-0001.jpeg,dataset_1,PNEUMONIA,BACTERIAL,1,e5e736a1ed29a47f431b25b3c94f500bd19f3e34a1dc05855cedaa24ec399a28,9561623fe23ab949,False
img_002875,e:\Final_Project\Pnuemonia_Detection\data\raw_datasets\dataset_1\train\PNEUMONIA\BACTERIA-4313165-0003.jpeg,dataset_1,PNEUMONIA,BACTERIAL,1,13f5bc466f7b65853f189c9a2bc26472bb4b0806c470dce3e9736731ba095754,d4746566a45ab54b,False
img_001494,e:\Final_Project\Pnuemonia_Detection\data\raw_datasets\dataset_1\train\NORMAL\NORMAL-6960239-0002.jpeg,dataset_1,NORMAL,NORMAL,0,e96fadb9ef15666a1139bfe8fbf6fcaac3a209da5cb17fbc9bdd3ed3203abcf0,9828c75e5f591d4c,False
img_003663,e:\Final_Project\Pnuemonia_Detection\data\raw_datasets\dataset_1\train\PNEUMONIA\BACTERIA-6887146-0001.jpeg,dataset_1,PNEUMONIA,BACTERIAL,1,2c5658ec1f75b8773da04af82b747180d6678e238a2b0b8c8fc98f05d7be3407,9562e73ea52d6984,False
img_002064,e:\Final_Project\Pnuemonia_Detection\data\raw_datasets\dataset_1\train\PNEUMONIA\BACTERIA-1316845-0001.jpeg,dataset_1,PNEUMONIA,BACTERIAL,1,43e421da095c8775a0c50333f99520be135bc2cd2f24fad3bf24d82ca6f12fe2,9159e77aa54ea194,False
img_005180,e:\Final_Project\Pnuemonia_Detection\data\raw_datasets\dataset_1\train\PNEUMONIA\VIRUS-5423296-0003.jpeg,dataset_1,PNEUMONIA,VIRAL,2,02e8b6a10afa43558a3b97dbeabdcc488bb411849c15ee5a6d4747cc31596f92,d06fce1e194d1ccc,False
img_003922,e:\Final_Project\Pnuemonia_Detection\data\raw_datasets\dataset_1\train\PNEUMONIA\BACTERIA-7927059-0001.jpeg,dataset_1,PNEUMONIA,BACTERIAL,1,29db703a4235a992282b0b66ddefdbb670cb71eb0ea09bd79a8afd2890f45843,d52ae21b97591c5a,False
img_001577,e:\Final_Project\Pnuemonia_Detection\data\raw_datasets\dataset_1\train\NORMAL\NORMAL-7323530-0001.jpeg,dataset_1,NORMAL,NORMAL,0,67db748595127f81a14a2fb6d0f15ef78cc79717f679fe6a3da6e6b48ce1dc80,917e8f1a0d185cd7,False
img_000756,e:\Final_Project\Pnuemonia_Detection\data\raw_datasets\dataset_1\train\NORMAL\NORMAL-2010074-0002.jpeg,dataset_1,NORMAL,NORMAL,0,32ea979c387d1ce5a42e9656ad2f829559739f8d33077a14942b4bc0e50f7ce5,d43ec71f2d0d2c2c,False
img_002676,e:\Final_Project\Pnuemonia_Detection\data\raw_datasets\dataset_1\train\PNEUMONIA\BACTERIA-3581194-0001.jpeg,dataset_1,PNEUMONIA,BACTERIAL,1,e8e5c119b7bc9b83d1d5d68561efe520e0cb802ca573c6d39ff2c9c2dc48e828,90abf71504435f57,False
img_003727,e:\Final_Project\Pnuemonia_Detection\data\raw_datasets\dataset_1\train\PNEUMONIA\BACTERIA-7218018-0001.jpeg,dataset_1,PNEUMONIA,BACTERIAL,1,b315546fcb1f0a5679ee73641809004c1045624c4332b4067d47a3e7fd40ee52,dc6d631ec338652c,False
img_000733,e:\Final_Project\Pnuemonia_Detection\data\raw_datasets\dataset_1\train\NORMAL\NORMAL-1862776-0001.jpeg,dataset_1,NORMAL,NORMAL,0,b10885093a602720697476ba05cffe36f52bcf6b7fe891118bfae1254a9769a3,d01fc61fbcc12c96,False
img_004838,e:\Final_Project\Pnuemonia_Detection\data\raw_datasets\dataset_1\train\PNEUMONIA\VIRUS-3294243-0004.jpeg,dataset_1,PNEUMONIA,VIRAL,2,197686c4e6eb50554436b60fb3a6e43af928d156c240e98acf797efd101369d2,99a1eb3cc73cc00f,False
img_004465,e:\Final_Project\Pnuemonia_Detection\data\raw_datasets\dataset_1\train\PNEUMONIA\BACTERIA-9814452-0001.jpeg,dataset_1,PNEUMONIA,BACTERIAL,1,a2fa4ad9abd33642a002b3af917b169696975f33a2fd9eccfe83bb17b95b7077,853ff25a960b1cd2,False
img_000457,e:\Final_Project\Pnuemonia_Detection\data\raw_datasets\dataset_1\test\PNEUMONIA\BACTERIA-9242636-0006.jpeg,dataset_1,PNEUMONIA,BACTERIAL,1,d1a02657dcd792aa30ba5aaaccab6f59d73700b4efeaa4584f74fe61fa1fda6c,903be71fd60e304b,False
img_001459,e:\Final_Project\Pnuemonia_Detection\data\raw_datasets\dataset_1\train\NORMAL\NORMAL-6731317-0001.jpeg,dataset_1,NORMAL,NORMAL,0,d901845a7e5141c024273f1a11d6fb38c0bbaa1a627418c468f32c12f4f3e015,913de71aab4839cc,False
img_003445,e:\Final_Project\Pnuemonia_Detection\data\raw_datasets\dataset_1\train\PNEUMONIA\BACTERIA-6131865-0001.jpeg,dataset_1,PNEUMONIA,BACTERIAL,1,752c2db70ef15b55464c0a65b070deac5610f5bae66331a3f78f7fb4aca28fd0,d12fe25edc411d49,False
img_004206,e:\Final_Project\Pnuemonia_Detection\data\raw_datasets\dataset_1\train\PNEUMONIA\BACTERIA-8748267-0001.jpeg,dataset_1,PNEUMONIA,BACTERIAL,1,919a7e66c332743a24e0b997684b08349943b7d6ee4bbc57a12e235d7224ed81,9172e61aee9a2c96,False
img_002576,e:\Final_Project\Pnuemonia_Detection\data\raw_datasets\dataset_1\train\PNEUMONIA\BACTERIA-3246536-0003.jpeg,dataset_1,PNEUMONIA,BACTERIAL,1,bf26abf90b670495f285544ba2c60e2abc4f66525ea8f30e632f97606169eef9,c0afc30f8a2b3e2e,False
img_004636,e:\Final_Project\Pnuemonia_Detection\data\raw_datasets\dataset_1\train\PNEUMONIA\VIRUS-1801584-0004.jpeg,dataset_1,PNEUMONIA,VIRAL,2,284e5d2e98d5125ce4abd97554e141f2cc1e51d034388bc47ce03d9d490034e6,d02b4e1a190b3faf,False
img_002029,e:\Final_Project\Pnuemonia_Detection\data\raw_datasets\dataset_1\train\PNEUMONIA\BACTERIA-1116080-0001.jpeg,dataset_1,PNEUMONIA,BACTERIAL,1,f7e78725fdfe59cc5e34e9d5160ec378f11a292531411179222cd32aa7faf56f,d12bf7541c42715e,False
img_005820,e:\Final_Project\Pnuemonia_Detection\data\raw_datasets\dataset_1\train\PNEUMONIA\VIRUS-9682067-0002.jpeg,dataset_1,PNEUMONIA,VIRAL,2,54b4f7c0973fc56f749564337462b2da894c0743a3704d74f5a6837284de909d,9920c21bc74f6ee5,False
img_000388,e:\Final_Project\Pnuemonia_Detection\data\raw_datasets\dataset_1\test\PNEUMONIA\BACTERIA-6833685-0002.jpeg,dataset_1,PNEUMONIA,BACTERIAL,1,95afb6e8110dae09b4e01febb478900f445e6d3b767f375856be7fb6f5d12ce2,d13fe65a124b1d1c,False
img_000651,e:\Final_Project\Pnuemonia_Detection\data\raw_datasets\dataset_1\train\NORMAL\NORMAL-1170804-0001.jpeg,dataset_1,NORMAL,NORMAL,0,b5048bbac9e231d2ef4aaad2a092c664bab2b045ae3bfc7857483517f053a780,996fc71a491d384d,False
img_000111,e:\Final_Project\Pnuemonia_Detection\data\raw_datasets\dataset_1\test\NORMAL\NORMAL-5349917-0001.jpeg,dataset_1,NORMAL,NORMAL,0,b5fd770de54374f89dc1461730e447eaeab6ef83228d7b4646e69dd0e8ced9c3,d43d230f2f2d3ec0,False
img_003316,e:\Final_Project\Pnuemonia_Detection\data\raw_datasets\dataset_1\train\PNEUMONIA\BACTERIA-5626093-0006.jpeg,dataset_1,PNEUMONIA,BACTERIAL,1,b75a5ca28cc160bd6a6da57272028e5334d51e5bdabc1a0a10bf327c4cb479f0,d03feb5e56431c14,False
img_000640,e:\Final_Project\Pnuemonia_Detection\data\raw_datasets\dataset_1\train\NORMAL\NORMAL-1070073-0001.jpeg,dataset_1,NORMAL,NORMAL,0,f9c73787bb2dd73f0f99424ee07b787015df94921ade5d3e5a8b7830543ff6df,903dc71e99dd3894,False
img_000052,e:\Final_Project\Pnuemonia_Detection\data\raw_datasets\dataset_1\test\NORMAL\NORMAL-2959018-0001.jpeg,dataset_1,NORMAL,NORMAL,0,484cd3b55a30b7ca9d8430c5fb327ccd0c04dc05b734f43f66489f3843ad314a,81b7c21bbccc3cf0,False
img_002584,e:\Final_Project\Pnuemonia_Detection\data\raw_datasets\dataset_1\train\PNEUMONIA\BACTERIA-3273014-0002.jpeg,dataset_1,PNEUMONIA,BACTERIAL,1,df1fe6380859c654dea78b6129df1b47b7982ec86113a51abdd53b3da28b048e,94af431c151b3c5f,False
img_001632,e:\Final_Project\Pnuemonia_Detection\data\raw_datasets\dataset_1\train\NORMAL\NORMAL-770087-0001.jpeg,dataset_1,NORMAL,NORMAL,0,a2dbe1e02e65d6203e6fa2752a7c5f168a8d0024908ce9eba990154acae0fbb6,816fe77acc4529c4,False
img_001360,e:\Final_Project\Pnuemonia_Detection\data\raw_datasets\dataset_1\train\NORMAL\NORMAL-5943572-0001.jpeg,dataset_1,NORMAL,NORMAL,0,16cd0fe6eec6d4b26037e83bb5e1d774a2d7d39f9b0f6ee5631619960dd0e018,d46fc30fe56460c6,False
img_002275,e:\Final_Project\Pnuemonia_Detection\data\raw_datasets\dataset_1\train\PNEUMONIA\BACTERIA-213622-0004.jpeg,dataset_1,PNEUMONIA,BACTERIAL,1,b668222f475a45b07ac1367cdeae9b130dee6dbbc7ad592436f475e8636b6f1d,d42f021b574f445f,False
img_005121,e:\Final_Project\Pnuemonia_Detection\data\raw_datasets\dataset_1\train\PNEUMONIA\VIRUS-5132924-0002.jpeg,dataset_1,PNEUMONIA,VIRAL,2,4f5f2c3cfcae7ae00e3651960cd715dc4d2337ac4485eae696d2f431f20bf80f,912e061e1f7bd552,False
img_002338,e:\Final_Project\Pnuemonia_Detection\data\raw_datasets\dataset_1\train\PNEUMONIA\BACTERIA-2358368-0001.jpeg,dataset_1,PNEUMONIA,BACTERIAL,1,7fc0642f49d15ff7d3a5d293922f6dcfed9509e48f67d7e36b12cf861245a900,9f7fe21cc45a1443,False
img_005334,e:\Final_Project\Pnuemonia_Detection\data\raw_datasets\dataset_1\train\PNEUMONIA\VIRUS-6394993-0002.jpeg,dataset_1,PNEUMONIA,VIRAL,2,2f82d8fe57c168c9377119b3da0809959bd2d16264687665a71ddacf18dd4160,905eaaa72bc5075d,False
img_001512,e:\Final_Project\Pnuemonia_Detection\data\raw_datasets\dataset_1\train\NORMAL\NORMAL-7033377-0001.jpeg,dataset_1,NORMAL,NORMAL,0,0f20d47d3c1f723b805c94d13b6a59a9e65cd4333c7e451730c21594de8c0fe4,9074865bab9d6995,False
img_005326,e:\Final_Project\Pnuemonia_Detection\data\raw_datasets\dataset_1\train\PNEUMONIA\VIRUS-6376704-0001.jpeg,dataset_1,PNEUMONIA,VIRAL,2,f2b6b600cec8b21c11af81611a76f5720d3d9b771dc6e4815eefa9e9a370f5f1,d1fea61345557885,False
img_000680,e:\Final_Project\Pnuemonia_Detection\data\raw_datasets\dataset_1\train\NORMAL\NORMAL-1465577-0001.jpeg,dataset_1,NORMAL,NORMAL,0,6d36f70d4180eebc53e3776b1eff30f3cdff3b14e2b38ff1f34367de00e7decd,816dc63aea8f78b0,False
img_000264,e:\Final_Project\Pnuemonia_Detection\data\raw_datasets\dataset_1\test\PNEUMONIA\BACTERIA-2034017-0003.jpeg,dataset_1,PNEUMONIA,BACTERIAL,1,59e4e97f7aa8247cb30db9b2d420f041a54f551db0f9a7729adf3ca5ee595428,d43d431f9a4b3c64,False
img_002026,e:\Final_Project\Pnuemonia_Detection\data\raw_datasets\dataset_1\train\PNEUMONIA\BACTERIA-1086099-0006.jpeg,dataset_1,PNEUMONIA,BACTERIAL,1,2680f0fa2b5f3fc0c9c7624aea952c5d42d354c05e538a77c0292d5395966c19,d52ee21e925a9f42,False
img_001415,e:\Final_Project\Pnuemonia_Detection\data\raw_datasets\dataset_1\train\NORMAL\NORMAL-6369415-0002.jpeg,dataset_1,NORMAL,NORMAL,0,d7c13671b8adc4dd599d0d70a8ed9cca6137801810bb202d44cc6784b4416e4b,c12bc65edc692dc1,False
img_005162,e:\Final_Project\Pnuemonia_Detection\data\raw_datasets\dataset_1\train\PNEUMONIA\VIRUS-5334028-0003.jpeg,dataset_1,PNEUMONIA,VIRAL,2,96fbd6ca917564607cbdeeac13197bc01953c7890e0d3be3c882568c32768176,913fde5ed4403469,False
img_001247,e:\Final_Project\Pnuemonia_Detection\data\raw_datasets\dataset_1\train\NORMAL\NORMAL-5264964-0001.jpeg,dataset_1,NORMAL,NORMAL,0,ca0e162130ce94cf9ee60717e14b0e54751a4355dbc92de400a2b2b92a61b3e5,946fe33a0f4b1d44,False
img_002239,e:\Final_Project\Pnuemonia_Detection\data\raw_datasets\dataset_1\train\PNEUMONIA\BACTERIA-1984461-0007.jpeg,dataset_1,PNEUMONIA,BACTERIAL,1,b10f0017cdaae737bfb3c5e7bd33930cb3e6d61e5f75407c0e863cc4baa2a071,d56ca41ac31b9b4b,False
img_000304,e:\Final_Project\Pnuemonia_Detection\data\raw_datasets\dataset_1\test\PNEUMONIA\BACTERIA-4006043-0002.jpeg,dataset_1,PNEUMONIA,BACTERIAL,1,1095da09d8f8846bcf17b78bbb81986c814e471c2db600e76a487b0a8d54221e,ca28750f4a6ffa0a,False
img_005136,e:\Final_Project\Pnuemonia_Detection\data\raw_datasets\dataset_1\train\PNEUMONIA\VIRUS-5186686-0002.jpeg,dataset_1,PNEUMONIA,VIRAL,2,ef133b78509e53bc7b0dd5bda8adad1f775732288d8a91821e6fc794e708317c,952bc33ec23ab04f,False
img_000271,e:\Final_Project\Pnuemonia_Detection\data\raw_datasets\dataset_1\test\PNEUMONIA\BACTERIA-227418-0001.jpeg,dataset_1,PNEUMONIA,BACTERIAL,1,5da18cecc59c5283aff466de3ccd6397d2fab5a9619c4b40fcce2ecab1615ac1,902fd71a931f3817,False
img_004071,e:\Final_Project\Pnuemonia_Detection\data\raw_datasets\dataset_1\train\PNEUMONIA\BACTERIA-8360857-0001.jpeg,dataset_1,PNEUMONIA,BACTERIAL,1,e3deed0323461c9e81f615a5c9f785dd046f9b7270751246188481b4212be10a,c02fe70fc2432fe4,False
img_001092,e:\Final_Project\Pnuemonia_Detection\data\raw_datasets\dataset_1\train\NORMAL\NORMAL-4092650-0001.jpeg,dataset_1,NORMAL,NORMAL,0,7793e3b98979d674ba81eae4d7dca54d1578e74e5470dbbb4e6a7382cb28dfa9,916bc67a39696968,False
img_000353,e:\Final_Project\Pnuemonia_Detection\data\raw_datasets\dataset_1\test\PNEUMONIA\BACTERIA-5421131-0001.jpeg,dataset_1,PNEUMONIA,BACTERIAL,1,603b7db1059ef074156009eb1d6ca099ddb72bc6366f06e904d7f0439e04df63,d02fe33ad4783c68,False
img_003505,e:\Final_Project\Pnuemonia_Detection\data\raw_datasets\dataset_1\train\PNEUMONIA\BACTERIA-6340005-0002.jpeg,dataset_1,PNEUMONIA,BACTERIAL,1,afb4add0af000132295d92fdceacaf62a6232a3b11d8ba8f72ee712d09f91c93,802be63ed65e3ac2,False
img_004237,e:\Final_Project\Pnuemonia_Detection\data\raw_datasets\dataset_1\train\PNEUMONIA\BACTERIA-8923422-0001.jpeg,dataset_1,PNEUMONIA,BACTERIAL,1,b4934728477dacf312068f7f577b78e206c773a526f027e26ff4ff5adad8d7c7,812bd6d6de485c59,False
img_003774,e:\Final_Project\Pnuemonia_Detection\data\raw_datasets\dataset_1\train\PNEUMONIA\BACTERIA-7432256-0001.jpeg,dataset_1,PNEUMONIA,BACTERIAL,1,5cca902545b4cde4eb2de27acfc120d977f04ff88761cf6d1bb8a3c66e62593b,9568851e9b1f1a6b,False
img_005821,e:\Final_Project\Pnuemonia_Detection\data\raw_datasets\dataset_1\train\PNEUMONIA\VIRUS-9694192-0001.jpeg,dataset_1,PNEUMONIA,VIRAL,2,84eb9cb6682942621dbef3382af66f5826655febbaf7cc64e62687914ce86ba5,d4bfe30f440d1c4b,False
img_002753,e:\Final_Project\Pnuemonia_Detection\data\raw_datasets\dataset_1\train\PNEUMONIA\BACTERIA-3828519-0005.jpeg,dataset_1,PNEUMONIA,BACTERIAL,1,c9223d89ad8b6e62b67fbfe13e97d551d640efe5c6366a10dce477382d62508e,d02d6f1edc493c68,False
img_004462,e:\Final_Project\Pnuemonia_Detection\data\raw_datasets\dataset_1\train\PNEUMONIA\BACTERIA-9766851-0001.jpeg,dataset_1,PNEUMONIA,BACTERIAL,1,61bfa50e7bce738c093f3b66fce38091e1512fb4aceef7a9abc68ada842ab49f,91e0c71ac31fb0de,False
img_004471,e:\Final_Project\Pnuemonia_Detection\data\raw_datasets\dataset_1\train\PNEUMONIA\BACTERIA-9827460-0001.jpeg,dataset_1,PNEUMONIA,BACTERIAL,1,8d537aa526d7c00b5c59e5d8b682cd7f11e1e9e927acc4e169f8788f22ecbde0,d42bef5f54430d09,False
img_002480,e:\Final_Project\Pnuemonia_Detection\data\raw_datasets\dataset_1\train\PNEUMONIA\BACTERIA-2897609-0002.jpeg,dataset_1,PNEUMONIA,BACTERIAL,1,10867fbfd3a52e119675ec7adfa18d8fc2837fca0e353c789274410bc6157e1a,d06ae71efa893981,False
img_003483,e:\Final_Project\Pnuemonia_Detection\data\raw_datasets\dataset_1\train\PNEUMONIA\BACTERIA-6280838-0003.jpeg,dataset_1,PNEUMONIA,BACTERIAL,1,db1b9b7f0da79657f52f922b53fad7d8f5d48607a9ead38472bde8b92268ba07,91ebd690c63a663a,False
img_003096,e:\Final_Project\Pnuemonia_Detection\data\raw_datasets\dataset_1\train\PNEUMONIA\BACTERIA-5023591-0005.jpeg,dataset_1,PNEUMONIA,BACTERIAL,1,31618f3a0264eb062016ba82237bb15f9e43053d6664fb8974b1fa69fb09792a,9062a63a8f6f3547,False
img_004847,e:\Final_Project\Pnuemonia_Detection\data\raw_datasets\dataset_1\train\PNEUMONIA\VIRUS-3361518-0001.jpeg,dataset_1,PNEUMONIA,VIRAL,2,986f125fb6595af480d994662dc943d429e937ca1473265fda68ed29f1eadbd1,d121e60bbecab21e,False
img_000881,e:\Final_Project\Pnuemonia_Detection\data\raw_datasets\dataset_1\train\NORMAL\NORMAL-2705424-0003.jpeg,dataset_1,NORMAL,NORMAL,0,0f236901a6e6985818c35fe80f5dd00bac666364b30bd150b35f1f3d3b6adc9b,816fce5e5d491d44,False
img_002632,e:\Final_Project\Pnuemonia_Detection\data\raw_datasets\dataset_1\train\PNEUMONIA\BACTERIA-3399638-0003.jpeg,dataset_1,PNEUMONIA,BACTERIAL,1,307329c1a4362dba0ef735b53313cd2762f5f8bbe054899314f74443174e6873,94ab830bd15f7474,False
img_002417,e:\Final_Project\Pnuemonia_Detection\data\raw_datasets\dataset_1\train\PNEUMONIA\BACTERIA-2643639-0001.jpeg,dataset_1,PNEUMONIA,BACTERIAL,1,b99102c789ff42314336bd626057f7717f91c63b47b555ed5c4abf1f4c28742e,902fe25e564b1d4d,False
img_004722,e:\Final_Project\Pnuemonia_Detection\data\raw_datasets\dataset_1\train\PNEUMONIA\VIRUS-2528951-0002.jpeg,dataset_1,PNEUMONIA,VIRAL,2,2105095193a6387afd3ba6045cbb1b2b5eb80433fae590bd99836160c0a4caf7,d02fe70a29493d7c,False
img_003803,e:\Final_Project\Pnuemonia_Detection\data\raw_datasets\dataset_1\train\PNEUMONIA\BACTERIA-7518164-0001.jpeg,dataset_1,PNEUMONIA,BACTERIAL,1,e8cc3b51575a5cc1409f6a8f6be581d6e811ac2fb6946b51de84a3b957a44bd0,903be21e525a3df8,False
img_004982,e:\Final_Project\Pnuemonia_Detection\data\raw_datasets\dataset_1\train\PNEUMONIA\VIRUS-4217562-0002.jpeg,dataset_1,PNEUMONIA,VIRAL,2,669a2c8fce40ca4d768f3c30196f6f6583d4fe21348b21a88d56523f354b3ec4,d529e20ae968bde8,False
img_002991,e:\Final_Project\Pnuemonia_Detection\data\raw_datasets\dataset_1\train\PNEUMONIA\BACTERIA-4615614-0007.jpeg,dataset_1,PNEUMONIA,BACTERIAL,1,0c537155ffb3b46b802a0992bf062680334828eee72ac5e9f35335b81b29b0ee,d12aefde54583c50,False
img_000430,e:\Final_Project\Pnuemonia_Detection\data\raw_datasets\dataset_1\test\PNEUMONIA\BACTERIA-840611-0005.jpeg,dataset_1,PNEUMONIA,BACTERIAL,1,bb20b7298a8fd503536e5c686f5293ce4ba4b08d0715779b82d5540a4d543add,8123f63ef2693163,False
img_005512,e:\Final_Project\Pnuemonia_Detection\data\raw_datasets\dataset_1\train\PNEUMONIA\VIRUS-7654964-0002.jpeg,dataset_1,PNEUMONIA,VIRAL,2,162aebb46fd634163927dc6f10db4782c4a89b9885eb7d3eaf849f11f7032e01,d462a75ac31fc117,False
img_002774,e:\Final_Project\Pnuemonia_Detection\data\raw_datasets\dataset_1\train\PNEUMONIA\BACTERIA-3887361-0001.jpeg,dataset_1,PNEUMONIA,BACTERIAL,1,07dde6c48690df5dfa56d94a56298effb9f561145d62c4d53191042cb1fab36e,846e8759c54e9c8f,False
img_005014,e:\Final_Project\Pnuemonia_Detection\data\raw_datasets\dataset_1\train\PNEUMONIA\VIRUS-444191-0002.jpeg,dataset_1,PNEUMONIA,VIRAL,2,73fcf020e7837dc3c74ea85794714a420ab146bd234ac83e5255a61a88a150fc,d1fcc61a854bb0cb,False
img_002898,e:\Final_Project\Pnuemonia_Detection\data\raw_datasets\dataset_1\train\PNEUMONIA\BACTERIA-4352107-0001.jpeg,dataset_1,PNEUMONIA,BACTERIAL,1,ea13bf7d8756df9278fdc7ad7b6105f818037e04f3a881e20b037faea2639a26,d02a7a5f5a5a1d58,False
img_000967,e:\Final_Project\Pnuemonia_Detection\data\raw_datasets\dataset_1\train\NORMAL\NORMAL-3387483-0001.jpeg,dataset_1,NORMAL,NORMAL,0,4aacbc415a4283b218064b9d94facfb07ab32705a8403b5a72ccc0415ae29108,913ae65adc591c96,False
img_003003,e:\Final_Project\Pnuemonia_Detection\data\raw_datasets\dataset_1\train\PNEUMONIA\BACTERIA-4629598-0001.jpeg,dataset_1,PNEUMONIA,BACTERIAL,1,34a2499934ff3e0c0433d17d282fea1d9d080183ef0c37a858fd11cb578f8e62,882ae75b2ccd4f8c,False
img_001112,e:\Final_Project\Pnuemonia_Detection\data\raw_datasets\dataset_1\train\NORMAL\NORMAL-4212770-0001.jpeg,dataset_1,NORMAL,NORMAL,0,cc92a5fc6e5743210bb6cc840d6bc9824afbf792cb9fadc9c0122cd2ee982aaf,912bc24a5cd859df,False
img_002773,e:\Final_Project\Pnuemonia_Detection\data\raw_datasets\dataset_1\train\PNEUMONIA\BACTERIA-3884102-0001.jpeg,dataset_1,PNEUMONIA,BACTERIAL,1,2b37ea6ac8cc7f0c4624936be52807d42b3384971beeab5baf1f3d367bc1a369,d05f4a1e1a2f3e25,False
img_000438,e:\Final_Project\Pnuemonia_Detection\data\raw_datasets\dataset_1\test\PNEUMONIA\BACTERIA-8983865-0001.jpeg,dataset_1,PNEUMONIA,BACTERIAL,1,3c602c9107cfb732b330c10e1ff3e19e758b156b5f264c7fdd7d4d7ecb09fb16,d13fe25ed04d3c48,False
img_003061,e:\Final_Project\Pnuemonia_Detection\data\raw_datasets\dataset_1\train\PNEUMONIA\BACTERIA-4926034-0002.jpeg,dataset_1,PNEUMONIA,BACTERIAL,1,5d9aded09927f12d6afa064669ec54537bcff77ccd101654c8aab26e5d1c1ad7,d0d4eebeaea9a420,False
img_002754,e:\Final_Project\Pnuemonia_Detection\data\raw_datasets\dataset_1\train\PNEUMONIA\BACTERIA-3829565-0001.jpeg,dataset_1,PNEUMONIA,BACTERIAL,1,1317845f02ebb2f8b696f32f74d9a53d10dfe4cb3eda65ab73a7c64cd927aa27,d02f2f1ec24bd343,False
img_000621,e:\Final_Project\Pnuemonia_Detection\data\raw_datasets\dataset_1\test\PNEUMONIA\VIRUS-9671740-0001.jpeg,dataset_1,PNEUMONIA,VIRAL,2,6489e481f7bb8af244900902772dd664de55659cea3e007be795673b7fcff65d,c137c61ebcc83e49,False
img_000071,e:\Final_Project\Pnuemonia_Detection\data\raw_datasets\dataset_1\test\NORMAL\NORMAL-3518268-0001.jpeg,dataset_1,NORMAL,NORMAL,0,0a6dbd68b9ffe590bbefb7d5ff67c22c3135c9b511e4898790f7551d7e02bfd5,91a5c60abce03fb6,False
img_002798,e:\Final_Project\Pnuemonia_Detection\data\raw_datasets\dataset_1\train\PNEUMONIA\BACTERIA-3974793-0001.jpeg,dataset_1,PNEUMONIA,BACTERIAL,1,06caf9f8abfcbbda1bf426845ade65061582e6c27385c2f25e05cd781faca1a0,9121e61ee23af16e,False
img_003355,e:\Final_Project\Pnuemonia_Detection\data\raw_datasets\dataset_1\train\PNEUMONIA\BACTERIA-5789469-0001.jpeg,dataset_1,PNEUMONIA,BACTERIAL,1,06e55f2e782d4930b4a83f5ff644b01b39bf0285f6ca6b348527f79d43bc988d,822fd55b5b5b08cc,False
img_003425,e:\Final_Project\Pnuemonia_Detection\data\raw_datasets\dataset_1\train\PNEUMONIA\BACTERIA-6065052-0003.jpeg,dataset_1,PNEUMONIA,BACTERIAL,1,8228eb5473454e208ef32c459c6403e28dd3a375402b6f9821d7442baeef50b2,d03ee15f94c2479a,False
img_001710,e:\Final_Project\Pnuemonia_Detection\data\raw_datasets\dataset_1\train\NORMAL\NORMAL-8310605-0001.jpeg,dataset_1,NORMAL,NORMAL,0,0dc9114b7d9b19ff913f4ee932b794917fef9086d5eb2984e59e46e18ea79a4f,d46fef1f0d0c0cc4,False
img_005770,e:\Final_Project\Pnuemonia_Detection\data\raw_datasets\dataset_1\train\PNEUMONIA\VIRUS-9365328-0004.jpeg,dataset_1,PNEUMONIA,VIRAL,2,c7e323ce34b49f4266a52684cc3919490c630254d6bf3630c87731cebb3e322c,d17fc63ac8d13990,False
img_002184,e:\Final_Project\Pnuemonia_Detection\data\raw_datasets\dataset_1\train\PNEUMONIA\BACTERIA-1790048-0003.jpeg,dataset_1,PNEUMONIA,BACTERIAL,1,76e95a63949b47dd86211c38a6464655429f7793957c4d365767179b0c8b1d02,91abf357d602c649,False
img_005074,e:\Final_Project\Pnuemonia_Detection\data\raw_datasets\dataset_1\train\PNEUMONIA\VIRUS-4766617-0003.jpeg,dataset_1,PNEUMONIA,VIRAL,2,c76954dc7488f4fdfe7066a61a2ade379f2dc450eed851d4703e40d05dad8027,d12fc34ac56978e4,False
img_000889,e:\Final_Project\Pnuemonia_Detection\data\raw_datasets\dataset_1\train\NORMAL\NORMAL-2768393-0003.jpeg,dataset_1,NORMAL,NORMAL,0,90e39da1fd1051b3978e749c69c130488986b87a312a675273ed26c4a5daea3c,917f871a8b1b18cd,False
img_001621,e:\Final_Project\Pnuemonia_Detection\data\raw_datasets\dataset_1\train\NORMAL\NORMAL-7635797-0002.jpeg,dataset_1,NORMAL,NORMAL,0,a5397312b094b6c16a944ee5a5914861238fb86ef3096e25ad9336b278362092,9d38a24a9f4b3dd0,False
img_005848,e:\Final_Project\Pnuemonia_Detection\data\raw_datasets\dataset_1\train\PNEUMONIA\VIRUS-990515-0002.jpeg,dataset_1,PNEUMONIA,VIRAL,2,d6235d1ad6d6bf1e77d1874fdcf5070e29dea9b5e4aa6db43db84680fca49425,91a5c60f92cb3c7a,False
img_000610,e:\Final_Project\Pnuemonia_Detection\data\raw_datasets\dataset_1\test\PNEUMONIA\VIRUS-8903181-0001.jpeg,dataset_1,PNEUMONIA,VIRAL,2,d5fc4de1434c9df5154668db05ee575859384af16221c4fe37f790fbca537c2b,942aaf9eec0f1a4a,False
img_003967,e:\Final_Project\Pnuemonia_Detection\data\raw_datasets\dataset_1\train\PNEUMONIA\BACTERIA-8054264-0001.jpeg,dataset_1,PNEUMONIA,BACTERIAL,1,c8b90a4bd785252024c476017f54d05f726e160d81ec4e2faa3899435f4ec0b3,d02de31b97491cd6,False
img_003147,e:\Final_Project\Pnuemonia_Detection\data\raw_datasets\dataset_1\train\PNEUMONIA\BACTERIA-5152728-0001.jpeg,dataset_1,PNEUMONIA,BACTERIAL,1,6428bc3a7dc452ca78a166d752729b9ece9bdd61987afe353898d1d60a8c77c7,d467971b9b3cc01a,False
img_002806,e:\Final_Project\Pnuemonia_Detection\data\raw_datasets\dataset_1\train\PNEUMONIA\BACTERIA-4016460-0001.jpeg,dataset_1,PNEUMONIA,BACTERIAL,1,0974d23eb6a66b4c8579f8f0dad7d8d61227ab4957e468d23686d22bfde4d000,d02eef1ac36d944a,False
img_005069,e:\Final_Project\Pnuemonia_Detection\data\raw_datasets\dataset_1\train\PNEUMONIA\VIRUS-4747179-0002.jpeg,dataset_1,PNEUMONIA,VIRAL,2,9b4f4bcc86768b11e67660b1a69564285bed30a6e3bc9a67f3a327abf9c39e04,d42ad30fc04b7dd2,False
img_002935,e:\Final_Project\Pnuemonia_Detection\data\raw_datasets\dataset_1\train\PNEUMONIA\BACTERIA-444469-0001.jpeg,dataset_1,PNEUMONIA,BACTERIAL,1,a2a31d7391fc4804f3291b5c40483b2ebb98b11dc3445851fbc513e8031d5e0f,903f76543861f535,False
img_002407,e:\Final_Project\Pnuemonia_Detection\data\raw_datasets\dataset_1\train\PNEUMONIA\BACTERIA-2603500-0001.jpeg,dataset_1,PNEUMONIA,BACTERIAL,1,c5d815f41608e13057fdf3c4022b0ec6645ca9bee26beb25350794d677317e24,91280716471fdd5f,False
img_005509,e:\Final_Project\Pnuemonia_Detection\data\raw_datasets\dataset_1\train\PNEUMONIA\VIRUS-7628373-0002.jpeg,dataset_1,PNEUMONIA,VIRAL,2,fd822f038ceb359743ad8ef6d66ad22b7b3e2ee66cc531e2cc4dc3566479c98a,816f265a417d69e5,False
img_003379,e:\Final_Project\Pnuemonia_Detection\data\raw_datasets\dataset_1\train\PNEUMONIA\BACTERIA-5882940-0003.jpeg,dataset_1,PNEUMONIA,BACTERIAL,1,214405ac5bfb0b3f9c8609fee7f6a9798dcd49f1d15a181756122656ca8fc4e4,902ae23e964b9d5b,False
img_000100,e:\Final_Project\Pnuemonia_Detection\data\raw_datasets\dataset_1\test\NORMAL\NORMAL-4911367-0001.jpeg,dataset_1,NORMAL,NORMAL,0,5a38f254e14791b766c25df003a123132a39d0581c7f94f2f299546a67617788,9125c63ebc683d69,False
img_002672,e:\Final_Project\Pnuemonia_Detection\data\raw_datasets\dataset_1\train\PNEUMONIA\BACTERIA-3563948-0001.jpeg,dataset_1,PNEUMONIA,BACTERIAL,1,d3ad6d18f588e0f50a4e511b6e39993421aeecf1f1c675d1a8af10f17e1f0a10,9034c71e97cb3de0,False
img_000011,e:\Final_Project\Pnuemonia_Detection\data\raw_datasets\dataset_1\test\NORMAL\NORMAL-1430636-0001.jpeg,dataset_1,NORMAL,NORMAL,0,70a36b1fcc041e6dbc938f1f3b682c2533d25f3fe8bde8634639e78513dcc334,9135c61ad86939ed,False
img_004541,e:\Final_Project\Pnuemonia_Detection\data\raw_datasets\dataset_1\train\PNEUMONIA\VIRUS-1157929-0002.jpeg,dataset_1,PNEUMONIA,VIRAL,2,347668532257add6e44977fdb345c42ccd715379d73e652821f99e491beb042d,8135c21ade4b3cd7,False
img_003279,e:\Final_Project\Pnuemonia_Detection\data\raw_datasets\dataset_1\train\PNEUMONIA\BACTERIA-5510638-0010.jpeg,dataset_1,PNEUMONIA,BACTERIAL,1,10c1cb7a5cc29cbb54f9e230befbc955388f886beb7b32553838fb95150c1b79,dfafa23d94a53480,False
img_001012,e:\Final_Project\Pnuemonia_Detection\data\raw_datasets\dataset_1\train\NORMAL\NORMAL-3644944-0003.jpeg,dataset_1,NORMAL,NORMAL,0,e28e55effe814e18140a23e655d0345985e4f1e6a318ec246eb80ca461b0c781,907ce73abcc93988,False
img_001697,e:\Final_Project\Pnuemonia_Detection\data\raw_datasets\dataset_1\train\NORMAL\NORMAL-8229007-0001.jpeg,dataset_1,NORMAL,NORMAL,0,ef2983268c002fae216affccf6e10787ec0331fa59e6b862200508eaa42a1b00,997e861a955d9586,False
img_000075,e:\Final_Project\Pnuemonia_Detection\data\raw_datasets\dataset_1\test\NORMAL\NORMAL-3686746-0001.jpeg,dataset_1,NORMAL,NORMAL,0,040be27d329bb91d1528f127f69fd5173058d38d9c5c38d08b39fefbbc561e97,90ef871af92d3825,False
img_001650,e:\Final_Project\Pnuemonia_Detection\data\raw_datasets\dataset_1\train\NORMAL\NORMAL-783461-0001.jpeg,dataset_1,NORMAL,NORMAL,0,46e6044b9ded87259c1486879be66bc9bfbcc81752eaf5d69f4b8b8df52cf45a,d1fec71aa94c30c6,False
img_004956,e:\Final_Project\Pnuemonia_Detection\data\raw_datasets\dataset_1\train\PNEUMONIA\VIRUS-3973430-0001.jpeg,dataset_1,PNEUMONIA,VIRAL,2,f614964bc03fb0b4328c31c42acb119107615705b7f2ea62b71b4a5ef7634afe,9125c63ac679d84f,False
img_000297,e:\Final_Project\Pnuemonia_Detection\data\raw_datasets\dataset_1\test\PNEUMONIA\BACTERIA-3865791-0004.jpeg,dataset_1,PNEUMONIA,BACTERIAL,1,e774345235c214265486616672c37cf38cab1d3e346d3e6b062b2eeadfb9727f,82aaad9dd53d850d,False
img_000227,e:\Final_Project\Pnuemonia_Detection\data\raw_datasets\dataset_1\test\NORMAL\NORMAL-9334007-0001.jpeg,dataset_1,NORMAL,NORMAL,0,3c6c8f7629af28ab6d54ff85e4e47f03b4e8a99bac258e9ca30a185f7bb34594,d12dc63a78693969,False
img_002162,e:\Final_Project\Pnuemonia_Detection\data\raw_datasets\dataset_1\train\PNEUMONIA\BACTERIA-1748581-0001.jpeg,dataset_1,PNEUMONIA,BACTERIAL,1,7f21bd4e605cf591227cad4d1b3978dda27e321c581b69d3b28e65cced5f2f0a,916de638c96978c5,False
img_001837,e:\Final_Project\Pnuemonia_Detection\data\raw_datasets\dataset_1\train\NORMAL\NORMAL-9084382-0002.jpeg,dataset_1,NORMAL,NORMAL,0,583eaaf1a2bdf348d33f223d280d162bf9730ae852cc98f15928698b6e24c17e,81d4c61ac987f3c7,False
img_001749,e:\Final_Project\Pnuemonia_Detection\data\raw_datasets\dataset_1\train\NORMAL\NORMAL-8571076-0001.jpeg,dataset_1,NORMAL,NORMAL,0,702b9c667a017974a8c2d804ceeab2257b61d6e36e827b6b01b2888f3a885c35,912bc25ad8795979,False
img_002060,e:\Final_Project\Pnuemonia_Detection\data\raw_datasets\dataset_1\train\PNEUMONIA\BACTERIA-1259378-0001.jpeg,dataset_1,PNEUMONIA,BACTERIAL,1,52e3e8ddcfec3de28a64cb4be47e66812983e37a7a8048342d8c164a08f0abfe,d02fafea9a4e6812,False
img_005968,e:\Final_Project\Pnuemonia_Detection\data\raw_datasets\dataset_2\test\NORMAL\NORMAL2-IM-0139-0001.jpeg,dataset_2,NORMAL,NORMAL,0,ce041458395b1b9558a3e8d591bb01a867ebe1ba72bf5da8400be6c5cf84f729,d07cc73c8d2d38cc,False
img_002799,e:\Final_Project\Pnuemonia_Detection\data\raw_datasets\dataset_1\train\PNEUMONIA\BACTERIA-3981879-0001.jpeg,dataset_1,PNEUMONIA,BACTERIAL,1,e92a84da05c5e97d8b29c56715f0db953700c770a7602fcc9819210a92ca418f,d0f4c65ac51af11e,False
img_000070,e:\Final_Project\Pnuemonia_Detection\data\raw_datasets\dataset_1\test\NORMAL\NORMAL-3487620-0001.jpeg,dataset_1,NORMAL,NORMAL,0,4dbfae8f7a29a9871b5b6e6febc33b2a4d14cbf9b4a0aef37e3db018f92798c3,81a4c63a96cb9e6b,False
img_001064,e:\Final_Project\Pnuemonia_Detection\data\raw_datasets\dataset_1\train\NORMAL\NORMAL-3895972-0001.jpeg,dataset_1,NORMAL,NORMAL,0,909013431d14353f7a6e17252838753c6bee1a78d2c00eb924ee8c160749c214,9179863ab82d39ad,False
img_003642,e:\Final_Project\Pnuemonia_Detection\data\raw_datasets\dataset_1\train\PNEUMONIA\BACTERIA-6805436-0002.jpeg,dataset_1,PNEUMONIA,BACTERIAL,1,f62078debc085c01de3cf2e5df44f02e64285a1de5a95a4ed920729a1b2ce65a,90ece63a834b9c4f,False
img_004789,e:\Final_Project\Pnuemonia_Detection\data\raw_datasets\dataset_1\train\PNEUMONIA\VIRUS-291080-0002.jpeg,dataset_1,PNEUMONIA,VIRAL,2,7fe4b22a651d3052e1c9142c3dc2e1da19bfc15f04b83766f8d30efd3e3ea82b,c07d2d2c6eaee44a,False
img_003579,e:\Final_Project\Pnuemonia_Detection\data\raw_datasets\dataset_1\train\PNEUMONIA\BACTERIA-6565531-0003.jpeg,dataset_1,PNEUMONIA,BACTERIAL,1,512e5926b4fa0eed21bba5e99e9667b9c5acaab372d09aa12e777d2044ea0010,803de3a7964a94de,False
img_002803,e:\Final_Project\Pnuemonia_Detection\data\raw_datasets\dataset_1\train\PNEUMONIA\BACTERIA-4003398-0001.jpeg,dataset_1,PNEUMONIA,BACTERIAL,1,10a73181396f0634fdc9ecad78ed71e66e562373720305f495f9aa27ad9e569f,986cc316d65b1dc3,False
img_003641,e:\Final_Project\Pnuemonia_Detection\data\raw_datasets\dataset_1\train\PNEUMONIA\BACTERIA-6805436-0001.jpeg,dataset_1,PNEUMONIA,BACTERIAL,1,5eb8669174a70415d598646d4858adf0849dfb33eeb3a3db470f62b91374888a,d46eab1bc91ce80e,False
img_001237,e:\Final_Project\Pnuemonia_Detection\data\raw_datasets\dataset_1\train\NORMAL\NORMAL-5176049-0001.jpeg,dataset_1,NORMAL,NORMAL,0,a854953409ceef10a6addc82736c0e0c93b1e575dc47eedc67337f4ec0a2149f,817f0f1a0d5d594d,False
img_000106,e:\Final_Project\Pnuemonia_Detection\data\raw_datasets\dataset_1\test\NORMAL\NORMAL-5180957-0001.jpeg,dataset_1,NORMAL,NORMAL,0,4fa1bfb759b7d3bda85b421d63a26d6e6ff7680b8a4f4c10543b4adf7b2c3af1,c19e6f193ce13ae0,False
img_002642,e:\Final_Project\Pnuemonia_Detection\data\raw_datasets\dataset_1\train\PNEUMONIA\BACTERIA-3443773-0002.jpeg,dataset_1,PNEUMONIA,BACTERIAL,1,4170baec1c8c41aca6e89275650e4d5bc89224f9d76556abe765db22f7d6b42c,813fee5a78517458,False
img_005071,e:\Final_Project\Pnuemonia_Detection\data\raw_datasets\dataset_1\train\PNEUMONIA\VIRUS-4757979-0002.jpeg,dataset_1,PNEUMONIA,VIRAL,2,75b222e1c5ede89c6139982a290251ea9b660629a9d838bb9cb5d8ff2085c5d3,c43b641d5d4f1a6c,False
img_005403,e:\Final_Project\Pnuemonia_Detection\data\raw_datasets\dataset_1\train\PNEUMONIA\VIRUS-6805436-0003.jpeg,dataset_1,PNEUMONIA,VIRAL,2,f1ee61015ca993e541d7b435fe9c0c3947e186f10b08bf94ab8813fad535f283,d4f6c71b8d1b0d0c,False
img_003088,e:\Final_Project\Pnuemonia_Detection\data\raw_datasets\dataset_1\train\PNEUMONIA\BACTERIA-4991468-0006.jpeg,dataset_1,PNEUMONIA,BACTERIAL,1,7c2874c56c8ecb0580a252a3dddf08ed3ad4cb889eef5bbec430c6d1565f1a1b,c135f44ea64eb668,False
img_004659,e:\Final_Project\Pnuemonia_Detection\data\raw_datasets\dataset_1\train\PNEUMONIA\VIRUS-1984314-0002.jpeg,dataset_1,PNEUMONIA,VIRAL,2,f4166c97b355a3e9d8eb9ddaa69a0afa18e365185793d3645db491718a6a57e5,d42ea33b97c31991,False
img_000633,e:\Final_Project\Pnuemonia_Detection\data\raw_datasets\dataset_1\train\NORMAL\NORMAL-1044645-0001.jpeg,dataset_1,NORMAL,NORMAL,0,d26330cbdc9c7a481b0928fb28fb62662e1b8b804b8eae00986d0270b37a2810,d46ec71fcd052cc4,False
img_002051,e:\Final_Project\Pnuemonia_Detection\data\raw_datasets\dataset_1\train\PNEUMONIA\BACTERIA-1229776-0001.jpeg,dataset_1,PNEUMONIA,BACTERIAL,1,616a9af3a0a0f70ed9b39d836bbdef6be861f52729abd74eb9b1df0ff9682973,906eae3ecd19486e,False
img_002518,e:\Final_Project\Pnuemonia_Detection\data\raw_datasets\dataset_1\train\PNEUMONIA\BACTERIA-3015897-0003.jpeg,dataset_1,PNEUMONIA,BACTERIAL,1,dd1ecaee58e0efd86459e85a0bf3f29a84613a5a85888cc0b4e9214235f10cb2,80adef3ff442b442,False
img_000819,e:\Final_Project\Pnuemonia_Detection\data\raw_datasets\dataset_1\train\NORMAL\NORMAL-2387301-0001.jpeg,dataset_1,NORMAL,NORMAL,0,10da122feb691999349abaa66d8c22ef4e7c43e30c634d8487721b80b1453961,947da73e8d2d180d,False
img_001336,e:\Final_Project\Pnuemonia_Detection\data\raw_datasets\dataset_1\train\NORMAL\NORMAL-5759621-0002.jpeg,dataset_1,NORMAL,NORMAL,0,2cd6286d5787a8bbf7f28af5fac5254dc3f593eabae5768a9637cba51b268655,94f4c75b8d2d6c0c,False
img_000962,e:\Final_Project\Pnuemonia_Detection\data\raw_datasets\dataset_1\train\NORMAL\NORMAL-3342765-0002.jpeg,dataset_1,NORMAL,NORMAL,0,be927d48183392a3ab654531865611d5e51a81491732736d39e719600deacebc,912dc63ab86939e9,False
img_002231,e:\Final_Project\Pnuemonia_Detection\data\raw_datasets\dataset_1\train\PNEUMONIA\BACTERIA-1982399-0003.jpeg,dataset_1,PNEUMONIA,BACTERIAL,1,6225dd6e671e3a89b6c6ad5b8151ad187185dda781647684c3bcabacb50c5238,912be65e565e1549,False
img_003889,e:\Final_Project\Pnuemonia_Detection\data\raw_datasets\dataset_1\train\PNEUMONIA\BACTERIA-7801701-0006.jpeg,dataset_1,PNEUMONIA,BACTERIAL,1,5183fe96eb51544629636814eb9aa629ca563e9c129716b039f49fc3fc44501f,903beb1ed65a1c51,False
img_000856,e:\Final_Project\Pnuemonia_Detection\data\raw_datasets\dataset_1\train\NORMAL\NORMAL-2552119-0003.jpeg,dataset_1,NORMAL,NORMAL,0,c50563172e9defafe9e7cd19c7984c9aca6b169b5ba9e28bdce77044d5b5cd80,997e4612474e786d,False
img_002070,e:\Final_Project\Pnuemonia_Detection\data\raw_datasets\dataset_1\train\PNEUMONIA\BACTERIA-1335423-0002.jpeg,dataset_1,PNEUMONIA,BACTERIAL,1,c008dc411dc7a244540f70ae80510ed50d3612eb009717778db714dd11b4f691,94be9f1cc51ce40e,False
img_002776,e:\Final_Project\Pnuemonia_Detection\data\raw_datasets\dataset_1\train\PNEUMONIA\BACTERIA-3893778-0001.jpeg,dataset_1,PNEUMONIA,BACTERIAL,1,db73224277c00794d4626208a556c8960aacc1762882e6ec576b1b506800566b,902ee73ac31739e4,False
img_000771,e:\Final_Project\Pnuemonia_Detection\data\raw_datasets\dataset_1\train\NORMAL\NORMAL-2154341-0001.jpeg,dataset_1,NORMAL,NORMAL,0,a5ca79ac8dedf46c0e57271e8ad75e3e621444c4a7bb16fcb4df6822d7ee7333,942bc31b9c583cd7,False
img_002647,e:\Final_Project\Pnuemonia_Detection\data\raw_datasets\dataset_1\train\PNEUMONIA\BACTERIA-345112-0002.jpeg,dataset_1,PNEUMONIA,BACTERIAL,1,ff2e64577f49f6c92fe985ff58df18824537b2d4c9b68adf04ce62a209ca9ced,c560135b835fb24f,False
img_002890,e:\Final_Project\Pnuemonia_Detection\data\raw_datasets\dataset_1\train\PNEUMONIA\BACTERIA-4338635-0003.jpeg,dataset_1,PNEUMONIA,BACTERIAL,1,5f3b16defd4c69daff17c639d4826b42ab2aed7d465cc60451d9d76cae2eb040,d03ee31b45437dc2,False
img_005695,e:\Final_Project\Pnuemonia_Detection\data\raw_datasets\dataset_1\train\PNEUMONIA\VIRUS-8814390-0003.jpeg,dataset_1,PNEUMONIA,VIRAL,2,f11deddba6a7bb2acbd0da4d5641597b2fd33492a117cc6f6223340c264ed26b,90a1e31adeca9ec6,False
img_000195,e:\Final_Project\Pnuemonia_Detection\data\raw_datasets\dataset_1\test\NORMAL\NORMAL-7950798-0001.jpeg,dataset_1,NORMAL,NORMAL,0,d2c25d62efc9c0cc230f2255206825a1fb18f6839e85b709e1ba13c9c6c441a2,903dc61ab8493ded,False
img_003449,e:\Final_Project\Pnuemonia_Detection\data\raw_datasets\dataset_1\train\PNEUMONIA\BACTERIA-6144621-0004.jpeg,dataset_1,PNEUMONIA,BACTERIAL,1,4c533b07ea81b7470b252400415f003b1d15aff685438c134886ece591f53d9a,c93fe61a18cf5c18,False
img_002904,e:\Final_Project\Pnuemonia_Detection\data\raw_datasets\dataset_1\train\PNEUMONIA\BACTERIA-4368689-0003.jpeg,dataset_1,PNEUMONIA,BACTERIAL,1,37356230a6d2691f65261619a889544ab48c976eb1018bc4d655095fe86c5c3b,d12bea425d59595c,False
img_002333,e:\Final_Project\Pnuemonia_Detection\data\raw_datasets\dataset_1\train\PNEUMONIA\BACTERIA-2338085-0001.jpeg,dataset_1,PNEUMONIA,BACTERIAL,1,ea36d7111ef6d7757ff7f02d655a55a2b14ce496f8b3fe5f236f798870a0d2ec,853ee2965a597469,False
img_003926,e:\Final_Project\Pnuemonia_Detection\data\raw_datasets\dataset_1\train\PNEUMONIA\BACTERIA-7942103-0002.jpeg,dataset_1,PNEUMONIA,BACTERIAL,1,c5d77548dc95ff230af77668f2b67ad48466d89d6eebe38c204035799efb9e82,d926e61ac31b3547,False
img_001747,e:\Final_Project\Pnuemonia_Detection\data\raw_datasets\dataset_1\train\NORMAL\NORMAL-8551467-0001.jpeg,dataset_1,NORMAL,NORMAL,0,9b306abff329b6b2cb725cedf6f68f24b55c9242ee2be3eea46bb4e48a1000a3,957e8f1a095c5ac6,False
img_004079,e:\Final_Project\Pnuemonia_Detection\data\raw_datasets\dataset_1\train\PNEUMONIA\BACTERIA-8426593-0002.jpeg,dataset_1,PNEUMONIA,BACTERIAL,1,84afb39657814e76849cd2f089fcdd28eaff18c334f45010e744d87f1f9604d5,953ae37f54561c42,False
img_004686,e:\Final_Project\Pnuemonia_Detection\data\raw_datasets\dataset_1\train\PNEUMONIA\VIRUS-2305885-0001.jpeg,dataset_1,PNEUMONIA,VIRAL,2,a2ed3e6a876053046d445d583288efdbcdb6d398e4463e60f5a74700044eead2,d525e21eea4bb443,False
img_001036,e:\Final_Project\Pnuemonia_Detection\data\raw_datasets\dataset_1\train\NORMAL\NORMAL-3802540-0002.jpeg,dataset_1,NORMAL,NORMAL,0,a2d5d675a6e5e4e7957ec620af4aee5c1d4b1ffed81ed6e397c0de937f4e7701,917fae3a294d1c4c,False
img_001687,e:\Final_Project\Pnuemonia_Detection\data\raw_datasets\dataset_1\train\NORMAL\NORMAL-8116905-0004.jpeg,dataset_1,NORMAL,NORMAL,0,650026ae7bfb7659615d658b44a39a3bead78bacbcd7b3c613845f02df4bec0e,9139e65a986d3939,False
img_000563,e:\Final_Project\Pnuemonia_Detection\data\raw_datasets\dataset_1\test\PNEUMONIA\VIRUS-5813112-0001.jpeg,dataset_1,PNEUMONIA,VIRAL,2,00b902736ee2da017487edd348d27b1bdef2ba5bec89039b8be42af5f97d6401,d06fe71fc9194c0c,False
img_005413,e:\Final_Project\Pnuemonia_Detection\data\raw_datasets\dataset_1\train\PNEUMONIA\VIRUS-6871671-0002.jpeg,dataset_1,PNEUMONIA,VIRAL,2,568afa270c3a46f0a794f338f3f048fa878ea5b2bfb3575e1ae8da6d41237a6a,912be25af85b5949,False
img_002998,e:\Final_Project\Pnuemonia_Detection\data\raw_datasets\dataset_1\train\PNEUMONIA\BACTERIA-4617189-0005.jpeg,dataset_1,PNEUMONIA,BACTERIAL,1,0422c604c70142e0ab497ab5ceed18fc2e074a27d08ce605318dc0f52b8ca18c,c43eb33a81516d97,False
img_005242,e:\Final_Project\Pnuemonia_Detection\data\raw_datasets\dataset_1\train\PNEUMONIA\VIRUS-5804347-0002.jpeg,dataset_1,PNEUMONIA,VIRAL,2,49d6a75d6c3865d527c971090b88e080da1dec9f594c148daac4361199b1f2ff,912fc61ae868b46f,False
img_005742,e:\Final_Project\Pnuemonia_Detection\data\raw_datasets\dataset_1\train\PNEUMONIA\VIRUS-923246-0003.jpeg,dataset_1,PNEUMONIA,VIRAL,2,d603bfeae4bb7d48d2acaad94eb6c04ca89834e21392c3d08202eed406ab897c,d4f6a75a910f2986,False
img_000416,e:\Final_Project\Pnuemonia_Detection\data\raw_datasets\dataset_1\test\PNEUMONIA\BACTERIA-8190872-0003.jpeg,dataset_1,PNEUMONIA,BACTERIAL,1,4fe38d5a63b1458b405c2f0a848d148975d3ce5f11ed73c09b90c88d36fe69b8,d03fe31a3ec24b34,False
img_003668,e:\Final_Project\Pnuemonia_Detection\data\raw_datasets\dataset_1\train\PNEUMONIA\BACTERIA-6909155-0001.jpeg,dataset_1,PNEUMONIA,BACTERIAL,1,80e2a683c34525f542fc0ba45307b1c3d82036d5419173921e82582f9ddc2cb8,d0abfb5e524b124c,False
img_000707,e:\Final_Project\Pnuemonia_Detection\data\raw_datasets\dataset_1\train\NORMAL\NORMAL-1602738-0001.jpeg,dataset_1,NORMAL,NORMAL,0,3c93e5e526878c8bc868252d745971a83356103505140055957c6adce880a73a,d06ec71acd6d01c7,False
img_000441,e:\Final_Project\Pnuemonia_Detection\data\raw_datasets\dataset_1\test\PNEUMONIA\BACTERIA-8983865-0004.jpeg,dataset_1,PNEUMONIA,BACTERIAL,1,f121e90cc64bb16cb00e371fcd6514f1a83adcd6d0638a157bd686b4b208de27,892fe31998a9bcc3,False
img_002299,e:\Final_Project\Pnuemonia_Detection\data\raw_datasets\dataset_1\train\PNEUMONIA\BACTERIA-2190092-0001.jpeg,dataset_1,PNEUMONIA,BACTERIAL,1,581f837a0b9656463a063a2ca25e7924ebc59f6f1f4d3d9f0fc97b3e8810daa7,d02eab0e9a4b7c59,False
img_000391,e:\Final_Project\Pnuemonia_Detection\data\raw_datasets\dataset_1\test\PNEUMONIA\BACTERIA-6950003-0002.jpeg,dataset_1,PNEUMONIA,BACTERIAL,1,6211aa5bb73c2aa1d598bf2ebe7c14ac6617552c031523c1c73c9528f2d6b2e3,903fe728c05c3dd3,False
img_004439,e:\Final_Project\Pnuemonia_Detection\data\raw_datasets\dataset_1\train\PNEUMONIA\BACTERIA-9613278-0001.jpeg,dataset_1,PNEUMONIA,BACTERIAL,1,4ec487467ea3f94184ec8a40885374635b7cd5b9ea61b8f46e022df58a310e79,812bc65ad8da3dd8,False
img_002955,e:\Final_Project\Pnuemonia_Detection\data\raw_datasets\dataset_1\train\PNEUMONIA\BACTERIA-4519487-0001.jpeg,dataset_1,PNEUMONIA,BACTERIAL,1,6196d508517e268fcbb4c2d4c1f6c2ddbcc5d874db7176474c7c373eb49b0332,8021cb3db1ceb5cb,False
img_001256,e:\Final_Project\Pnuemonia_Detection\data\raw_datasets\dataset_1\train\NORMAL\NORMAL-5355820-0003.jpeg,dataset_1,NORMAL,NORMAL,0,7cdb638eb3c20a43b0bcf6a7826cafa60ffed5e2026d1f8405905a2790230e24,903bc63ab8599dc6,False
img_005800,e:\Final_Project\Pnuemonia_Detection\data\raw_datasets\dataset_1\train\PNEUMONIA\VIRUS-9594118-0002.jpeg,dataset_1,PNEUMONIA,VIRAL,2,7270794347d816289f3071f75683efe6b64bf1fb3cc93ec8f3bc442972de29cd,dd2ce03ef2433e84,False
img_002581,e:\Final_Project\Pnuemonia_Detection\data\raw_datasets\dataset_1\train\PNEUMONIA\BACTERIA-3251555-0002.jpeg,dataset_1,PNEUMONIA,BACTERIAL,1,c711c6a6428de492ab001750fc1ba0fd6ef092bae76bdc6403c1e7ee84996476,d123c61e926bbc6a,False
img_005434,e:\Final_Project\Pnuemonia_Detection\data\raw_datasets\dataset_1\train\PNEUMONIA\VIRUS-7064932-0002.jpeg,dataset_1,PNEUMONIA,VIRAL,2,42e0bd2c3bc3872d32348be672c54436bf34a6abb78830e21c2100981aca0e6e,d01ac30b9ccd3df4,False
img_001230,e:\Final_Project\Pnuemonia_Detection\data\raw_datasets\dataset_1\train\NORMAL\NORMAL-5082504-0001.jpeg,dataset_1,NORMAL,NORMAL,0,939e689af1f8e379e2fbfaa63fe1562996a26add99309d1969125d3b885041f5,912bc21add791dd1,False
img_004023,e:\Final_Project\Pnuemonia_Detection\data\raw_datasets\dataset_1\train\PNEUMONIA\BACTERIA-828649-0001.jpeg,dataset_1,PNEUMONIA,BACTERIAL,1,335e15d1f68126ffa69674cfbad83bb5624f78c2ae2f08098a66c47c7a8b6ffb,d02be6ca3ed84b19,False
img_003614,e:\Final_Project\Pnuemonia_Detection\data\raw_datasets\dataset_1\train\PNEUMONIA\BACTERIA-6680938-0002.jpeg,dataset_1,PNEUMONIA,BACTERIAL,1,f5dbdf7ab94742d0803743c9c8358ad8e61784585d333d2fc629c9d3bd8a4877,d02fc24616533777,False
img_002055,e:\Final_Project\Pnuemonia_Detection\data\raw_datasets\dataset_1\train\PNEUMONIA\BACTERIA-1251753-0002.jpeg,dataset_1,PNEUMONIA,BACTERIAL,1,8d3cd69048e2efb2f37b0c259a488de55a288556f496719c4f4123731f105bd3,dd6de41aa4431f85,False
img_000668,e:\Final_Project\Pnuemonia_Detection\data\raw_datasets\dataset_1\train\NORMAL\NORMAL-137300-0001.jpeg,dataset_1,NORMAL,NORMAL,0,68fdf8d382d0b7cd17064bceedf59f6c78ec91103477d8bf50c12297dd3fdb36,9133c61af465b6c6,False
img_000871,e:\Final_Project\Pnuemonia_Detection\data\raw_datasets\dataset_1\train\NORMAL\NORMAL-2675017-0002.jpeg,dataset_1,NORMAL,NORMAL,0,11698a9f38e164cae54f711236a8e215e6d6f537990fc993a41efac5f8a5dc78,84ea871bed3c58c5,False
img_001359,e:\Final_Project\Pnuemonia_Detection\data\raw_datasets\dataset_1\train\NORMAL\NORMAL-5940371-0001.jpeg,dataset_1,NORMAL,NORMAL,0,d9214e8372210473d315777d387b7e7b0dc2e88d28bd94ac7b4b7ed53926e876,8c3fc71f4d5058d2,False
img_001369,e:\Final_Project\Pnuemonia_Detection\data\raw_datasets\dataset_1\train\NORMAL\NORMAL-6054279-0001.jpeg,dataset_1,NORMAL,NORMAL,0,1da72395874241bb8bf134220fd5f9e332e54c4dc90a8ef4de3e6f7d4ebba93a,d462c779c56ce0c6,False
img_005706,e:\Final_Project\Pnuemonia_Detection\data\raw_datasets\dataset_1\train\PNEUMONIA\VIRUS-8939376-0001.jpeg,dataset_1,PNEUMONIA,VIRAL,2,edf0f9f89dedeb906ca4e6b51a4a9440cfb7f5a0689a88549c58160425d23c93,d475e71fad3c200c,False
img_005446,e:\Final_Project\Pnuemonia_Detection\data\raw_datasets\dataset_1\train\PNEUMONIA\VIRUS-7172433-0008.jpeg,dataset_1,PNEUMONIA,VIRAL,2,4efe9dfdc8cefb6e2f71bbe39be428414d5ceaf0d9a7373c6e54f0ce01dad1d1,9135c21fd64b9e4a,False
img_002061,e:\Final_Project\Pnuemonia_Detection\data\raw_datasets\dataset_1\train\PNEUMONIA\BACTERIA-1281442-0001.jpeg,dataset_1,PNEUMONIA,BACTERIAL,1,a1c4ff5b186cbeb46b1e6549290bfe2f3071eb4360726d56637978f619f290fd,947ea21c961b91d7,False
img_001923,e:\Final_Project\Pnuemonia_Detection\data\raw_datasets\dataset_1\train\NORMAL\NORMAL-9739016-0001.jpeg,dataset_1,NORMAL,NORMAL,0,8be34d64518583952887b381887884a1eebedf66688cdac604c29362b8d8249f,d0f6cf9ac98960c6,False
img_001163,e:\Final_Project\Pnuemonia_Detection\data\raw_datasets\dataset_1\train\NORMAL\NORMAL-4617560-0001.jpeg,dataset_1,NORMAL,NORMAL,0,4e325d03341034d919fc75edcf7024d60fee657981b05db2216d8afec86fdb9d,d821c61efe783d60,False
img_002983,e:\Final_Project\Pnuemonia_Detection\data\raw_datasets\dataset_1\train\PNEUMONIA\BACTERIA-4611169-0001.jpeg,dataset_1,PNEUMONIA,BACTERIAL,1,0230d552260f13c3a065c13d42c596da1fe369bc31121977d0a76c710fe780a0,d01fc78f9cc86c98,False
img_005923,e:\Final_Project\Pnuemonia_Detection\data\raw_datasets\dataset_2\test\NORMAL\IM-0109-0001.jpeg,dataset_2,NORMAL,NORMAL,0,4feeb8d280836d561b15f39499030467a8d7bc3a54ac57181aef9e036555f412,c06aaf2bcba464e6,False
img_004284,e:\Final_Project\Pnuemonia_Detection\data\raw_datasets\dataset_1\train\PNEUMONIA\BACTERIA-9088808-0001.jpeg,dataset_1,PNEUMONIA,BACTERIAL,1,a21d85b2823f7444a5ee72a697bdfa6eb1285b84d256cbd6ad40cac616a9bffc,913f6e1e944f9443,False
img_003765,e:\Final_Project\Pnuemonia_Detection\data\raw_datasets\dataset_1\train\PNEUMONIA\BACTERIA-7422586-0001.jpeg,dataset_1,PNEUMONIA,BACTERIAL,1,173fe0628e4f31dd2215a15c6727be3d60e6c793d85da093d32860ea95691a1d,9828e13ff1433de1,False
img_004298,e:\Final_Project\Pnuemonia_Detection\data\raw_datasets\dataset_1\train\PNEUMONIA\BACTERIA-9176009-0001.jpeg,dataset_1,PNEUMONIA,BACTERIAL,1,2c92a126072f04631c5c82676ad9ee3ff43968a94770c6583a4858b995c03d5d,90b5e30fd64bb468,False
img_004689,e:\Final_Project\Pnuemonia_Detection\data\raw_datasets\dataset_1\train\PNEUMONIA\VIRUS-234758-0001.jpeg,dataset_1,PNEUMONIA,VIRAL,2,b294461d08692dae3d519f7f7161859176507dab744696a9b8c0bcf300677f3a,d464931b853de996,False
img_000758,e:\Final_Project\Pnuemonia_Detection\data\raw_datasets\dataset_1\train\NORMAL\NORMAL-202916-0002.jpeg,dataset_1,NORMAL,NORMAL,0,ec3020a28d1a4c4a2f9fab1b319b65ece1ea0c8d32e6b3aa96aaca73a546fa81,813bc65b9859399b,False
img_001516,e:\Final_Project\Pnuemonia_Detection\data\raw_datasets\dataset_1\train\NORMAL\NORMAL-7049415-0001.jpeg,dataset_1,NORMAL,NORMAL,0,89bcde90c53bf977ad4afd45c5bf34838fb6ffecbffa12e17db08f308e8baba2,9129c26bd9697879,False
img_005169,e:\Final_Project\Pnuemonia_Detection\data\raw_datasets\dataset_1\train\PNEUMONIA\VIRUS-537555-0002.jpeg,dataset_1,PNEUMONIA,VIRAL,2,89d597dc394cbeb73f3d3f3974a5b2e51a4a78de0d9708b76f6c8512537849ba,d46ce02fb4c20fbc,False
img_002679,e:\Final_Project\Pnuemonia_Detection\data\raw_datasets\dataset_1\train\PNEUMONIA\BACTERIA-3582443-0002.jpeg,dataset_1,PNEUMONIA,BACTERIAL,1,6b2cb46d57a4abc2091a39e69a5149bd0852ea2afb0420009c9581a2f54ecc9b,9c2de11ef6529e42,False
img_000975,e:\Final_Project\Pnuemonia_Detection\data\raw_datasets\dataset_1\train\NORMAL\NORMAL-3400382-0002.jpeg,dataset_1,NORMAL,NORMAL,0,e893a97b0e7b9c7d166a239bab7e78c0c418c416368c92ca918056513fbd6273,dcacc21bcb4f1cc2,False
img_002499,e:\Final_Project\Pnuemonia_Detection\data\raw_datasets\dataset_1\train\PNEUMONIA\BACTERIA-2964867-0001.jpeg,dataset_1,PNEUMONIA,BACTERIAL,1,1f2bbbee88483aeb8d2316479fb89de3a14a1c0e4cc3c9eb3b1906a6fa5f7b10,c82e6f1e4b0f862d,False
img_002602,e:\Final_Project\Pnuemonia_Detection\data\raw_datasets\dataset_1\train\PNEUMONIA\BACTERIA-3322717-0001.jpeg,dataset_1,PNEUMONIA,BACTERIAL,1,d8fcf013aa12f58274a892874db62bc6ae07c68a3f22566a4ed9398141b6ab0c,d41ce2e13bd2e30b,False
img_004950,e:\Final_Project\Pnuemonia_Detection\data\raw_datasets\dataset_1\train\PNEUMONIA\VIRUS-3956374-0003.jpeg,dataset_1,PNEUMONIA,VIRAL,2,1eb30e4345b154903a6a6d8f5516cd2059a37e35b910a798bdd50267f7fe5f78,953de67bb4ca2890,False
img_003382,e:\Final_Project\Pnuemonia_Detection\data\raw_datasets\dataset_1\train\PNEUMONIA\BACTERIA-5882940-0006.jpeg,dataset_1,PNEUMONIA,BACTERIAL,1,bc81e8f492fa38fa4e9a7235f8c001544218bd141a34184ed96e367cb2ebe9e9,d0f6a73aa11f310e,False
img_004227,e:\Final_Project\Pnuemonia_Detection\data\raw_datasets\dataset_1\train\PNEUMONIA\BACTERIA-8849094-0001.jpeg,dataset_1,PNEUMONIA,BACTERIAL,1,e557577cd48526d062f1571bea66b17e8bf115d94e755f7fc933a800a3519d7b,d02b2d1c4b3fd23a,False
img_000773,e:\Final_Project\Pnuemonia_Detection\data\raw_datasets\dataset_1\train\NORMAL\NORMAL-2162388-0001.jpeg,dataset_1,NORMAL,NORMAL,0,a1fff4f31e9829d3030287f70aeb2449a30c838ce47b3a3b45aef67412178141,d82ee34b1e48397c,False
img_003559,e:\Final_Project\Pnuemonia_Detection\data\raw_datasets\dataset_1\train\PNEUMONIA\BACTERIA-6518498-0005.jpeg,dataset_1,PNEUMONIA,BACTERIAL,1,913dbe0df965c9c7984fa2bd66356a27df5fcce4eeeb06b77ddfed3ed81d6979,c5e6861bd378f148,False
img_003662,e:\Final_Project\Pnuemonia_Detection\data\raw_datasets\dataset_1\train\PNEUMONIA\BACTERIA-6886752-0002.jpeg,dataset_1,PNEUMONIA,BACTERIAL,1,2cc4ce8cb35d26eec63476861c3da31c946560e5e91d9d5bcb26075e379f598b,947a6b2fa73a9029,False
img_002134,e:\Final_Project\Pnuemonia_Detection\data\raw_datasets\dataset_1\train\PNEUMONIA\BACTERIA-1620679-0008.jpeg,dataset_1,PNEUMONIA,BACTERIAL,1,3fec035eb2eccdceaceb1a120bb1c03efed0a29a22d31164200a82eece7b53e3,d57fe4809ccb5198,False
img_000031,e:\Final_Project\Pnuemonia_Detection\data\raw_datasets\dataset_1\test\NORMAL\NORMAL-2162145-0001.jpeg,dataset_1,NORMAL,NORMAL,0,2aeb3a99c890ab73bfba95c429e3b394d21f1e2b0407b6b39ab4873bbf6445ea,d93ac61fd24b124e,False
img_003551,e:\Final_Project\Pnuemonia_Detection\data\raw_datasets\dataset_1\train\PNEUMONIA\BACTERIA-6500745-0006.jpeg,dataset_1,PNEUMONIA,BACTERIAL,1,ab8f552dcf8808ba64e0df93e4d028ef580b29ee5f668f6ec7427b1d7e39c56b,c43fb03938936f1c,False
img_003976,e:\Final_Project\Pnuemonia_Detection\data\raw_datasets\dataset_1\train\PNEUMONIA\BACTERIA-8091146-0001.jpeg,dataset_1,PNEUMONIA,BACTERIAL,1,6e5cbf4952eb78e75e405b0d683fc8dad817ab8c438f014f1dc3110e6487488b,9139e147a5c2e735,False
img_001530,e:\Final_Project\Pnuemonia_Detection\data\raw_datasets\dataset_1\train\NORMAL\NORMAL-7103127-0001.jpeg,dataset_1,NORMAL,NORMAL,0,9efe633695be8878e9b3e7e2405b969e0204a3675652bbeb705eda4171459754,9075a73aad396865,False
img_005417,e:\Final_Project\Pnuemonia_Detection\data\raw_datasets\dataset_1\train\PNEUMONIA\VIRUS-6897628-0002.jpeg,dataset_1,PNEUMONIA,VIRAL,2,4c18df6e2b6129a8dba0a69969c236ec2879bc733ff7e58f0d3da6f64ed8e85e,d039e20bbcca1fb4,False
img_001427,e:\Final_Project\Pnuemonia_Detection\data\raw_datasets\dataset_1\train\NORMAL\NORMAL-6474092-0002.jpeg,dataset_1,NORMAL,NORMAL,0,0ae9d22ab5408bac77789b0d92d1dbd0c2dbe475583319a94c048bc0501610b4,d928c64add491dcb,False
img_003741,e:\Final_Project\Pnuemonia_Detection\data\raw_datasets\dataset_1\train\PNEUMONIA\BACTERIA-734967-0001.jpeg,dataset_1,PNEUMONIA,BACTERIAL,1,b8201626ee0e8876c8c3bdfe3d1d4247cbff591b9d27166278cd610735a0977e,d12ad25e5e58585b,False
img_000339,e:\Final_Project\Pnuemonia_Detection\data\raw_datasets\dataset_1\test\PNEUMONIA\BACTERIA-5141192-0002.jpeg,dataset_1,PNEUMONIA,BACTERIAL,1,6d18495ae1e66ae79f2c2036efb2042b164e7d30484397dfca24160fa90b3694,913fe6161c523d1d,False
img_001326,e:\Final_Project\Pnuemonia_Detection\data\raw_datasets\dataset_1\train\NORMAL\NORMAL-5728847-0002.jpeg,dataset_1,NORMAL,NORMAL,0,635d856c7927d5c59e3abd923b47d0b69219cbeeccc4573f206c4a0cea28f5c2,90abc34b3cea39b8,False
img_001375,e:\Final_Project\Pnuemonia_Detection\data\raw_datasets\dataset_1\train\NORMAL\NORMAL-6084744-0001.jpeg,dataset_1,NORMAL,NORMAL,0,13bbb88a6508b77c5f87f1f9c86e8ca7eabf6baee40ae9c03dc5c57cec3f3e2e,9139c61a9ada39b5,False
img_002495,e:\Final_Project\Pnuemonia_Detection\data\raw_datasets\dataset_1\train\PNEUMONIA\BACTERIA-2949827-0006.jpeg,dataset_1,PNEUMONIA,BACTERIAL,1,039cdcc01e85c356afcdb8ca386aa55639b244c7424845f1b3f5f10afb1d1b99,917de71a921a3837,False
img_004814,e:\Final_Project\Pnuemonia_Detection\data\raw_datasets\dataset_1\train\PNEUMONIA\VIRUS-3076396-0005.jpeg,dataset_1,PNEUMONIA,VIRAL,2,1b5e7c7f08acba0e89d4d45fb6affa84dfde9dbf5bfd0f38de286738296e8dd0,dd34e00bb54a3dd2,False
img_002220,e:\Final_Project\Pnuemonia_Detection\data\raw_datasets\dataset_1\train\PNEUMONIA\BACTERIA-1950119-0005.jpeg,dataset_1,PNEUMONIA,BACTERIAL,1,670e6b4aaf0e9aaa2811fdaa47fef0f8a11df58eff81b35a2be9e9608f9b8f54,9137de18d538d50d,False
img_005596,e:\Final_Project\Pnuemonia_Detection\data\raw_datasets\dataset_1\train\PNEUMONIA\VIRUS-8231687-0001.jpeg,dataset_1,PNEUMONIA,VIRAL,2,7c450b23ea57f74f4279386367de9a12e12a2eb879b73948b96f2139a8654664,d068c61a99b43df6,False
img_002025,e:\Final_Project\Pnuemonia_Detection\data\raw_datasets\dataset_1\train\PNEUMONIA\BACTERIA-1086099-0005.jpeg,dataset_1,PNEUMONIA,BACTERIAL,1,2902df865c22b39baf433bde7b5e8338d20bc7bb5af08a580649e6e3732b9ba5,d429f21eea9bc20b,False
img_004542,e:\Final_Project\Pnuemonia_Detection\data\raw_datasets\dataset_1\train\PNEUMONIA\VIRUS-1167498-0001.jpeg,dataset_1,PNEUMONIA,VIRAL,2,5da7792198948274f8d6c7abe760f27a6b591e219e020417b6b5f84e5ddb58a5,9468e31fc31b9b4a,False
img_000326,e:\Final_Project\Pnuemonia_Detection\data\raw_datasets\dataset_1\test\PNEUMONIA\BACTERIA-4269599-0005.jpeg,dataset_1,PNEUMONIA,BACTERIAL,1,3081cc3bd2747eadc0a9a8073d69c3daebf1543d3b661348731224d1b290d429,81a7869ade18de59,False
img_002601,e:\Final_Project\Pnuemonia_Detection\data\raw_datasets\dataset_1\train\PNEUMONIA\BACTERIA-3320644-0002.jpeg,dataset_1,PNEUMONIA,BACTERIAL,1,3737886ae3b376ac3ddc0a1ab6daf52eb2ac4777df9448a85e600679a6510c4f,95688639873f69c6,False
img_000866,e:\Final_Project\Pnuemonia_Detection\data\raw_datasets\dataset_1\train\NORMAL\NORMAL-2646645-0001.jpeg,dataset_1,NORMAL,NORMAL,0,1fba93989e45fce158d07d7e2c924d6edeca11778e706b19dfba5543f1f3b3cf,91b5c63acb6d3944,False
img_003906,e:\Final_Project\Pnuemonia_Detection\data\raw_datasets\dataset_1\train\PNEUMONIA\BACTERIA-7847892-0005.jpeg,dataset_1,PNEUMONIA,BACTERIAL,1,ad56db073b9ad7334a9e55e3e563291ffd61bb8b7ad5da1c73f63d2f836e4a50,d43ea30b914d3c6e,False
img_004941,e:\Final_Project\Pnuemonia_Detection\data\raw_datasets\dataset_1\train\PNEUMONIA\VIRUS-3896855-0002.jpeg,dataset_1,PNEUMONIA,VIRAL,2,9a5d074a62331532abecd6f8bb38807d4ecaf67813b5bb451698d556174810c9,90aee71ff04b38c2,False
img_005148,e:\Final_Project\Pnuemonia_Detection\data\raw_datasets\dataset_1\train\PNEUMONIA\VIRUS-525517-0002.jpeg,dataset_1,PNEUMONIA,VIRAL,2,2dc202929e2b7d18de339da4b12cf5b36ab7d51fb6c6fb91fd33360a39e88fbb,d02fef1dc30f814a,False
img_005139,e:\Final_Project\Pnuemonia_Detection\data\raw_datasets\dataset_1\train\PNEUMONIA\VIRUS-5202840-0002.jpeg,dataset_1,PNEUMONIA,VIRAL,2,3035c0a54c2232a983a4ba43daf2f9699dcd56b97f49264959aa87d38b65bd43,d520c08baf783cfc,False
img_004008,e:\Final_Project\Pnuemonia_Detection\data\raw_datasets\dataset_1\train\PNEUMONIA\BACTERIA-8241424-0004.jpeg,dataset_1,PNEUMONIA,BACTERIAL,1,e82e0b8d424c9cbfe76b9d9ca0b290bd3e5163f63bbf14520f5969198d366daf,d40ae53d2c7d2c6c,False
img_003776,e:\Final_Project\Pnuemonia_Detection\data\raw_datasets\dataset_1\train\PNEUMONIA\BACTERIA-7432256-0003.jpeg,dataset_1,PNEUMONIA,BACTERIAL,1,e1e8e343f6af8c64d7866d5c69e83ad04e5daf2e5e18e8f4285185d2d5293809,9075430ed44bd55f,False
img_000818,e:\Final_Project\Pnuemonia_Detection\data\raw_datasets\dataset_1\train\NORMAL\NORMAL-2386444-0001.jpeg,dataset_1,NORMAL,NORMAL,0,c79b63e68a25d6fb66ae5b936591fbe94cba42624724d77ac11717c057ff6457,912cc31bcd6d3cc9,False
img_002819,e:\Final_Project\Pnuemonia_Detection\data\raw_datasets\dataset_1\train\PNEUMONIA\BACTERIA-4061450-0001.jpeg,dataset_1,PNEUMONIA,BACTERIAL,1,d9b76c2db4fa8d62f893dcdeab1af637edb74b360bfc58eba4a1f55950021db6,803f03151f1f1e5f,False
img_000546,e:\Final_Project\Pnuemonia_Detection\data\raw_datasets\dataset_1\test\PNEUMONIA\VIRUS-4810299-0002.jpeg,dataset_1,PNEUMONIA,VIRAL,2,371819f00a2ee7c3e383c7b799dda3d25e807d5ff94f9391f5e997016c540682,d046c25ba56b2de5,False
img_004668,e:\Final_Project\Pnuemonia_Detection\data\raw_datasets\dataset_1\train\PNEUMONIA\VIRUS-2092977-0007.jpeg,dataset_1,PNEUMONIA,VIRAL,2,95fbb15da4c3e1300dbfe8ea00222972839e6e8dcb3c71eb885390551a069bf8,d440c31fd31bbd43,False
img_004965,e:\Final_Project\Pnuemonia_Detection\data\raw_datasets\dataset_1\train\PNEUMONIA\VIRUS-408626-0001.jpeg,dataset_1,PNEUMONIA,VIRAL,2,554c8f000dfee99fa3bdb50bfcd9785347e26ab6ec3f224a9a80278a33422dfc,9125c71eca4ebc4e,False
img_002688,e:\Final_Project\Pnuemonia_Detection\data\raw_datasets\dataset_1\train\PNEUMONIA\BACTERIA-3595819-0005.jpeg,dataset_1,PNEUMONIA,BACTERIAL,1,219290941ed09f8f8e81983d0fa91a39d724f0946fb75b18cecd2bd9806b007a,d0ff150a090faf47,False
img_003172,e:\Final_Project\Pnuemonia_Detection\data\raw_datasets\dataset_1\train\PNEUMONIA\BACTERIA-5212251-0001.jpeg,dataset_1,PNEUMONIA,BACTERIAL,1,7857caeee0a88b3a00afa8a334d17ca5f16134499d9c3a80621362529932638a,d47ea30b815d1dc5,False
img_003558,e:\Final_Project\Pnuemonia_Detection\data\raw_datasets\dataset_1\train\PNEUMONIA\BACTERIA-6518498-0004.jpeg,dataset_1,PNEUMONIA,BACTERIAL,1,642cd7d30689ffafcdd31bc5c613ba40e15e0eae387934e1f2f33ca85dd0047d,d0eea719851ce596,False
img_003870,e:\Final_Project\Pnuemonia_Detection\data\raw_datasets\dataset_1\train\PNEUMONIA\BACTERIA-7746316-0001.jpeg,dataset_1,PNEUMONIA,BACTERIAL,1,0ba251cd10c075ff95ec04a43545c569886cabab8be83c16a934fa17ac07c119,d029c71fd54f1e12,False
img_002560,e:\Final_Project\Pnuemonia_Detection\data\raw_datasets\dataset_1\train\PNEUMONIA\BACTERIA-3194796-0001.jpeg,dataset_1,PNEUMONIA,BACTERIAL,1,b4027cdf5aab30e3f401ad6a83f35b9e49f93b47e763c2d010e872ec1ae64fa6,856ec74ac54e68c7,False
img_003857,e:\Final_Project\Pnuemonia_Detection\data\raw_datasets\dataset_1\train\PNEUMONIA\BACTERIA-7718116-0008.jpeg,dataset_1,PNEUMONIA,BACTERIAL,1,af2f91a212a0c97dbd982cab8536b0c52d3786e20146b16d327dfdde79b2cc3d,d07ab13f330b4b19,False
img_002716,e:\Final_Project\Pnuemonia_Detection\data\raw_datasets\dataset_1\train\PNEUMONIA\BACTERIA-37006-0002.jpeg,dataset_1,PNEUMONIA,BACTERIAL,1,db79df2c61a5ecff436ce23f42155d895f0ff908e1f7153123268dc5fe0831f5,d47c64a783b3a383,False
img_005196,e:\Final_Project\Pnuemonia_Detection\data\raw_datasets\dataset_1\train\PNEUMONIA\VIRUS-5573469-0001.jpeg,dataset_1,PNEUMONIA,VIRAL,2,c4b72f31b495b326e621e06b8fee9ed5770437e3451127d0f5deaae42f3d1144,917fe61a3949390d,False
img_003596,e:\Final_Project\Pnuemonia_Detection\data\raw_datasets\dataset_1\train\PNEUMONIA\BACTERIA-6653535-0001.jpeg,dataset_1,PNEUMONIA,BACTERIAL,1,1318ee521c639016c6b4b3797ed73e02eea8ddf12393cd3561ef0a2a60964922,91b0c21f823fe26f,False
img_000288,e:\Final_Project\Pnuemonia_Detection\data\raw_datasets\dataset_1\test\PNEUMONIA\BACTERIA-3105669-0005.jpeg,dataset_1,PNEUMONIA,BACTERIAL,1,b6de73f48cdaa98ebddc06c859b44efafac3dcebfcbba70f0f8ab741c2897ecf,d4feeb1e055a1143,False
img_000514,e:\Final_Project\Pnuemonia_Detection\data\raw_datasets\dataset_1\test\PNEUMONIA\VIRUS-3239718-0001.jpeg,dataset_1,PNEUMONIA,VIRAL,2,ad737888d5a6dd3d37e7682558d7fcc95185e6e392fba29fdedd78157aaa575c,d43ee28baf8b2c24,False
img_003357,e:\Final_Project\Pnuemonia_Detection\data\raw_datasets\dataset_1\train\PNEUMONIA\BACTERIA-5803481-0001.jpeg,dataset_1,PNEUMONIA,BACTERIAL,1,f8860204dd49c988a3c1b6e27c0ebf4a5af99d58bc41d4d07c914b423dc5087c,d42f231a471f1d0f,False
img_002624,e:\Final_Project\Pnuemonia_Detection\data\raw_datasets\dataset_1\train\PNEUMONIA\BACTERIA-338181-0003.jpeg,dataset_1,PNEUMONIA,BACTERIAL,1,eeb16767cdf981e3515b54243aacaba62fb22b835b019e905024a0bd28a5fc34,902be73ed61a1d4a,False
img_005432,e:\Final_Project\Pnuemonia_Detection\data\raw_datasets\dataset_1\train\PNEUMONIA\VIRUS-7035571-0004.jpeg,dataset_1,PNEUMONIA,VIRAL,2,23485d6a02e30051cfe5af5b13bc38ee24f5cc07d001b0a87e620e142cc64bb9,c0ba4f1e4c9a6d9c,False
img_003786,e:\Final_Project\Pnuemonia_Detection\data\raw_datasets\dataset_1\train\PNEUMONIA\BACTERIA-743788-0002.jpeg,dataset_1,PNEUMONIA,BACTERIAL,1,5f5777a1d79e87121c703543733fe9f2da6b498456d260513bd0454418a1cd32,917b661e4619455f,False
img_005349,e:\Final_Project\Pnuemonia_Detection\data\raw_datasets\dataset_1\train\PNEUMONIA\VIRUS-6483321-0001.jpeg,dataset_1,PNEUMONIA,VIRAL,2,4815d57f00e95dee2c76bf201f84ce3c73c38df66eedc3eb8d286b45d0d75fd9,902bc31ed65fd443,False
img_002335,e:\Final_Project\Pnuemonia_Detection\data\raw_datasets\dataset_1\train\PNEUMONIA\BACTERIA-2355867-0001.jpeg,dataset_1,PNEUMONIA,BACTERIAL,1,d31ec28e617ffac63182f53d90fe5109ec9b5479d1dc642d415f68f964e87723,c03d5b0a5a6a5d3d,False
img_001486,e:\Final_Project\Pnuemonia_Detection\data\raw_datasets\dataset_1\train\NORMAL\NORMAL-6943766-0003.jpeg,dataset_1,NORMAL,NORMAL,0,891d82f4377cdaf4bc141f385d77d189088dce77d50305515b64bbfbb03c4464,956c8f3b8d2c6c4c,False
img_003519,e:\Final_Project\Pnuemonia_Detection\data\raw_datasets\dataset_1\train\PNEUMONIA\BACTERIA-6396632-0001.jpeg,dataset_1,PNEUMONIA,BACTERIAL,1,136f305b1c81ca30036e791d3dca04075d3fc6b3e8ebf26c90f7ff38971dc912,d076c75a8539b994,False
img_001296,e:\Final_Project\Pnuemonia_Detection\data\raw_datasets\dataset_1\train\NORMAL\NORMAL-559372-0001.jpeg,dataset_1,NORMAL,NORMAL,0,a009161cde955bec143022c75b8da42d323e8095137b8468642307a69bee0f52,812fc67a98c939d5,False
img_004058,e:\Final_Project\Pnuemonia_Detection\data\raw_datasets\dataset_1\train\PNEUMONIA\BACTERIA-8324394-0006.jpeg,dataset_1,PNEUMONIA,BACTERIAL,1,4798c1d47633e4835990d59476e6f4b2f3492156ddca104f474e570cd0c856a0,906fef18e54a3c4a,False
img_000623,e:\Final_Project\Pnuemonia_Detection\data\raw_datasets\dataset_1\test\PNEUMONIA\VIRUS-9890836-0001.jpeg,dataset_1,PNEUMONIA,VIRAL,2,bd9bc6eca80af125516814dfb5b16be8c65c05e345274f5b865ac3ed97c71a92,9123c23aea78f86b,False
img_001201,e:\Final_Project\Pnuemonia_Detection\data\raw_datasets\dataset_1\train\NORMAL\NORMAL-4839411-0001.jpeg,dataset_1,NORMAL,NORMAL,0,784108970953028547243022d7f85e29f3aa943d23abd49242e2b6083909de2a,9129c75abaca39b1,False
img_000560,e:\Final_Project\Pnuemonia_Detection\data\raw_datasets\dataset_1\test\PNEUMONIA\VIRUS-5708148-0001.jpeg,dataset_1,PNEUMONIA,VIRAL,2,63cd01e8c01d299129a69567cf4b3bff77eef1edc0ffa7aef00068371a107b3d,9571c71aa71e6986,False
img_002379,e:\Final_Project\Pnuemonia_Detection\data\raw_datasets\dataset_1\train\PNEUMONIA\BACTERIA-249675-0001.jpeg,dataset_1,PNEUMONIA,BACTERIAL,1,8fa71941549925893ba01cd5541b8ae278d35b78c50be33ff0cd860b28a2bde1,91e9c65ac55ad41e,False
img_004578,e:\Final_Project\Pnuemonia_Detection\data\raw_datasets\dataset_1\train\PNEUMONIA\VIRUS-1376718-0002.jpeg,dataset_1,PNEUMONIA,VIRAL,2,8b070c0ba6dfe62ef483cc5b1f0f7be56d3d06e74fac9ae7e23956014c04a228,c062c31bc34fb5cb,False
img_004165,e:\Final_Project\Pnuemonia_Detection\data\raw_datasets\dataset_1\train\PNEUMONIA\BACTERIA-8660561-0004.jpeg,dataset_1,PNEUMONIA,BACTERIAL,1,9a1f2b96816429b9ca4587a7defdf43f39c8900a095d8e6cb5b562b99f8d33da,c07f2f2a830f954b,False
img_001704,e:\Final_Project\Pnuemonia_Detection\data\raw_datasets\dataset_1\train\NORMAL\NORMAL-824917-0002.jpeg,dataset_1,NORMAL,NORMAL,0,26197414f4ddb2c9e12e1592b34f57c6d1ad797a6042c5c7c6e0356e599eb9f1,906bce1a59591dce,False
img_004886,e:\Final_Project\Pnuemonia_Detection\data\raw_datasets\dataset_1\train\PNEUMONIA\VIRUS-3613917-0002.jpeg,dataset_1,PNEUMONIA,VIRAL,2,f88b8a2e54d97e86f36f56b7a021c51bb6a42ed4101835dfebc9b3b503f59c56,d42f830b074f6dc6,False
img_004518,e:\Final_Project\Pnuemonia_Detection\data\raw_datasets\dataset_1\train\PNEUMONIA\VIRUS-104960-0003.jpeg,dataset_1,PNEUMONIA,VIRAL,2,acd4ff7a30a93ad0ca1654bb6ea6d702d744e443afdb8e26dab63524969a360e,903de55fb4c21a96,False
img_001645,e:\Final_Project\Pnuemonia_Detection\data\raw_datasets\dataset_1\train\NORMAL\NORMAL-7806612-0001.jpeg,dataset_1,NORMAL,NORMAL,0,0362703fa343b814291830ea2a772e416f3287a55bb0867cf0a3d97b69e203ef,9023c21efc7839f3,False
img_000549,e:\Final_Project\Pnuemonia_Detection\data\raw_datasets\dataset_1\test\PNEUMONIA\VIRUS-4852350-0001.jpeg,dataset_1,PNEUMONIA,VIRAL,2,c5b74f3c1555a8ff1c68a856ec57665ad9e6f2d7027c55fde8e00f1c0a83add3,d02bc21ee87d3c4b,False
img_003228,e:\Final_Project\Pnuemonia_Detection\data\raw_datasets\dataset_1\train\PNEUMONIA\BACTERIA-5401887-0002.jpeg,dataset_1,PNEUMONIA,BACTERIAL,1,1ae2a27032887e0ae0371d21a00aa6336a46ef18cf4ded35be434ec2cbb380c3,953ffa1ed80b9821,False
img_005550,e:\Final_Project\Pnuemonia_Detection\data\raw_datasets\dataset_1\train\PNEUMONIA\VIRUS-789029-0001.jpeg,dataset_1,PNEUMONIA,VIRAL,2,99f9188e3b1b7deda7e2c2db21dba28ec48c87dab7a68f7f045f8d47c9002afa,d46aa71bcb396138,False
img_005591,e:\Final_Project\Pnuemonia_Detection\data\raw_datasets\dataset_1\train\PNEUMONIA\VIRUS-8197210-0003.jpeg,dataset_1,PNEUMONIA,VIRAL,2,21ed2061707e308f4d98f077c932430d9a76ba0a6d271d178e071ded92dedbe4,996e071a075a5b7c,False
img_001124,e:\Final_Project\Pnuemonia_Detection\data\raw_datasets\dataset_1\train\NORMAL\NORMAL-4286410-0001.jpeg,dataset_1,NORMAL,NORMAL,0,7c2b0f28ebd7b2f90e95d1258a4f067686cf09bfccef16f426104e5e4bc9a140,d037c71ae9c938c3,False
img_005373,e:\Final_Project\Pnuemonia_Detection\data\raw_datasets\dataset_1\train\PNEUMONIA\VIRUS-6650710-0002.jpeg,dataset_1,PNEUMONIA,VIRAL,2,dd94f0a6424c658f12a33d4a7e998bc58c985fb8e34f99d4c3d3d5f6020d847f,812de27ab86d3c78,False
img_005547,e:\Final_Project\Pnuemonia_Detection\data\raw_datasets\dataset_1\train\PNEUMONIA\VIRUS-7882471-0007.jpeg,dataset_1,PNEUMONIA,VIRAL,2,14a44e7f6722098468466caf8260fd4a2d4bfeb36fed84437655254705b32600,d47ea71f8d1d2884,False
img_003904,e:\Final_Project\Pnuemonia_Detection\data\raw_datasets\dataset_1\train\PNEUMONIA\BACTERIA-7847892-0003.jpeg,dataset_1,PNEUMONIA,BACTERIAL,1,80fbcacace269147f1b8dfdeb136ea64970c82e83a5cd15197474a1c24d626cc,81aaea7ecb4b504b,False
img_000455,e:\Final_Project\Pnuemonia_Detection\data\raw_datasets\dataset_1\test\PNEUMONIA\BACTERIA-9242636-0004.jpeg,dataset_1,PNEUMONIA,BACTERIAL,1,31e48cd59fdede4fe435fcc54beae49ff64d327d9972446d5c37da8a152dcd9e,d83ffe7e58481890,False
img_002582,e:\Final_Project\Pnuemonia_Detection\data\raw_datasets\dataset_1\train\PNEUMONIA\BACTERIA-3258517-0001.jpeg,dataset_1,PNEUMONIA,BACTERIAL,1,0cc369dab29bf766241c7bc90876b9fff6e4da689e19a9c78ec1dc9807516fb4,d12bf25f5d58181a,False
img_003732,e:\Final_Project\Pnuemonia_Detection\data\raw_datasets\dataset_1\train\PNEUMONIA\BACTERIA-7237852-0002.jpeg,dataset_1,PNEUMONIA,BACTERIAL,1,d802c058c02839b47a9375536349d1f3315aa20c0b12798be13ef607a6e73671,803bfe5e571c461a,False
img_003458,e:\Final_Project\Pnuemonia_Detection\data\raw_datasets\dataset_1\train\PNEUMONIA\BACTERIA-6171093-0001.jpeg,dataset_1,PNEUMONIA,BACTERIAL,1,7900315fd48c3a3c2b0c182fc2a0e478d9422a78fff7d30c2965e30507b46730,c02f775f5c4c4c52,False
img_005504,e:\Final_Project\Pnuemonia_Detection\data\raw_datasets\dataset_1\train\PNEUMONIA\VIRUS-7606234-0001.jpeg,dataset_1,PNEUMONIA,VIRAL,2,be214e75e381b14d2f445137d3f3d0d7f0de3c6c21970e68684bb7d086930548,d12de61ed4423e6a,False
img_005590,e:\Final_Project\Pnuemonia_Detection\data\raw_datasets\dataset_1\train\PNEUMONIA\VIRUS-8175587-0002.jpeg,dataset_1,PNEUMONIA,VIRAL,2,1eb124606632aa987bc39fd2de5d1ec74f507ad955bd52da4a3935f472091830,9cede54e8318c157,False
img_003770,e:\Final_Project\Pnuemonia_Detection\data\raw_datasets\dataset_1\train\PNEUMONIA\BACTERIA-7430292-0004.jpeg,dataset_1,PNEUMONIA,BACTERIAL,1,a2eaff20b19f0efde5ea88d928f44c41bf8a93266d70a09ed64beeec9e126897,d021c197c6ca3fe9,False
img_005483,e:\Final_Project\Pnuemonia_Detection\data\raw_datasets\dataset_1\train\PNEUMONIA\VIRUS-7430292-0005.jpeg,dataset_1,PNEUMONIA,VIRAL,2,3559544199084ddb0152fed6ff91d3753b2295ab0aa2348284636acf10175dde,9939e1e53c94cab4,False
img_000109,e:\Final_Project\Pnuemonia_Detection\data\raw_datasets\dataset_1\test\NORMAL\NORMAL-522391-0001.jpeg,dataset_1,NORMAL,NORMAL,0,036e1379d119953bb9cbd82e6018822a3bdfd7a3f88c64baf53a7e1a31d165af,91acc61b474f1a4f,False
img_004622,e:\Final_Project\Pnuemonia_Detection\data\raw_datasets\dataset_1\train\PNEUMONIA\VIRUS-1734791-0003.jpeg,dataset_1,PNEUMONIA,VIRAL,2,a9daa4af05a47cf5a79827e742e071d5501e2bc7d36dc876c5b9dc64220105a2,d0afe21fc74b1c48,False
img_004885,e:\Final_Project\Pnuemonia_Detection\data\raw_datasets\dataset_1\train\PNEUMONIA\VIRUS-3595819-0006.jpeg,dataset_1,PNEUMONIA,VIRAL,2,ed69fb0f43d6218389e1f0c3b1c5c4ae595ccb880355f6735c828331b89d3347,d074e73ab28b29a5,False
img_004923,e:\Final_Project\Pnuemonia_Detection\data\raw_datasets\dataset_1\train\PNEUMONIA\VIRUS-3826195-0001.jpeg,dataset_1,PNEUMONIA,VIRAL,2,ca0cf149e8ac78c0ec4d5900b6012c2df807898930730ce7123b4c6739be8fb5,d16be71ed2423ac2,False
img_001466,e:\Final_Project\Pnuemonia_Detection\data\raw_datasets\dataset_1\train\NORMAL\NORMAL-6836464-0001.jpeg,dataset_1,NORMAL,NORMAL,0,dcb3105326723832f90b6cf3fe5b34847a42cd7e3b31e9a6faf36a7e41016883,806bc71aedc569d1,False
img_000665,e:\Final_Project\Pnuemonia_Detection\data\raw_datasets\dataset_1\train\NORMAL\NORMAL-133685-0001.jpeg,dataset_1,NORMAL,NORMAL,0,596647a38d6afa637a9a43d2d5a094c298d9cb26f5f10b4a8f5df418364c9cdf,d938c71ee91839c9,False
img_001162,e:\Final_Project\Pnuemonia_Detection\data\raw_datasets\dataset_1\train\NORMAL\NORMAL-4612356-0001.jpeg,dataset_1,NORMAL,NORMAL,0,98e37b581ff3c68cb97149e8ed8dd407ef6358b2fa6a03eab72cb8fb5e545aed,912bc63af87939c1,False
img_005160,e:\Final_Project\Pnuemonia_Detection\data\raw_datasets\dataset_1\train\PNEUMONIA\VIRUS-5328496-0001.jpeg,dataset_1,PNEUMONIA,VIRAL,2,0e1e3229eb503e428a8d1a9e620e24044396e9a6aa14edc5d4fb67e82e27bf42,90f5871ac63e6987,False
img_000785,e:\Final_Project\Pnuemonia_Detection\data\raw_datasets\dataset_1\train\NORMAL\NORMAL-2239107-0001.jpeg,dataset_1,NORMAL,NORMAL,0,4c09be48d86dbcf069416550464bf0007c8783585c6a239b38d00a936199fc27,91fcc63ab9293869,False
img_004456,e:\Final_Project\Pnuemonia_Detection\data\raw_datasets\dataset_1\train\PNEUMONIA\BACTERIA-9722112-0001.jpeg,dataset_1,PNEUMONIA,BACTERIAL,1,368e7ea14c002deed65a71ed783f4a85040fd9f46e50a7cfd66a7dd692033900,d42ee31ed28b6d90,False
img_001523,e:\Final_Project\Pnuemonia_Detection\data\raw_datasets\dataset_1\train\NORMAL\NORMAL-705474-0002.jpeg,dataset_1,NORMAL,NORMAL,0,bed19ae58022a7b5d9dd50b038f443b71391565ba3c9a884819a688e61eff933,902bca7a78785a9e,False
img_002823,e:\Final_Project\Pnuemonia_Detection\data\raw_datasets\dataset_1\train\PNEUMONIA\BACTERIA-4091020-0001.jpeg,dataset_1,PNEUMONIA,BACTERIAL,1,b2b87a5bdcd996db95f848717d20748d60b5d91df48bc3d17badc317a8a60565,956eef3e871a1142,False
img_005191,e:\Final_Project\Pnuemonia_Detection\data\raw_datasets\dataset_1\train\PNEUMONIA\VIRUS-5503803-0004.jpeg,dataset_1,PNEUMONIA,VIRAL,2,a369321c32ae71c9cc2407eba2a8c409f467e6d8d5dcf6612aec3e0a2ecf6f15,94a9e33ee80b784b,False
img_002218,e:\Final_Project\Pnuemonia_Detection\data\raw_datasets\dataset_1\train\PNEUMONIA\BACTERIA-1950119-0003.jpeg,dataset_1,PNEUMONIA,BACTERIAL,1,b792f506d96b623efad4f46e98a83a7d7007a8aee39b8ca721a75d6c46278873,c0ea831d971ee996,False
img_002347,e:\Final_Project\Pnuemonia_Detection\data\raw_datasets\dataset_1\train\PNEUMONIA\BACTERIA-2404809-0001.jpeg,dataset_1,PNEUMONIA,BACTERIAL,1,1b40a6a648f8c61990cb4c9bd496420d3245fa474f5fb2c89af08d50475aa94f,993ed35ec818dc98,False
img_003981,e:\Final_Project\Pnuemonia_Detection\data\raw_datasets\dataset_1\train\PNEUMONIA\BACTERIA-8111843-0003.jpeg,dataset_1,PNEUMONIA,BACTERIAL,1,aa0c9921e1a5cb1df48776fe3d121e05fc84dd7f436c5dc5cfe40fd8b326dcfd,9165c71e92ca39d3,False
img_004738,e:\Final_Project\Pnuemonia_Detection\data\raw_datasets\dataset_1\train\PNEUMONIA\VIRUS-2618307-0002.jpeg,dataset_1,PNEUMONIA,VIRAL,2,2bffd6ddc0fdd8e3dea638d6941ba3e279868718bdd31db671c9044d45e9227c,9039e71ab2cf2e94,False
img_002397,e:\Final_Project\Pnuemonia_Detection\data\raw_datasets\dataset_1\train\PNEUMONIA\BACTERIA-2565888-0001.jpeg,dataset_1,PNEUMONIA,BACTERIAL,1,0b70b4cd0d12b03b9f43270e59884fec665d64701a0fcd86da09c16770ac830d,9c3ce0523bc34b9e,False
img_001084,e:\Final_Project\Pnuemonia_Detection\data\raw_datasets\dataset_1\train\NORMAL\NORMAL-4019172-0002.jpeg,dataset_1,NORMAL,NORMAL,0,f65cfaa7c67ce0d0ec66ea84f013046058cb6c7b54e0d3b36c1355cc873c86ca,d02de20bdc691de9,False
img_004574,e:\Final_Project\Pnuemonia_Detection\data\raw_datasets\dataset_1\train\PNEUMONIA\VIRUS-1355733-0002.jpeg,dataset_1,PNEUMONIA,VIRAL,2,1934576b0333d45d4433fd8ff2a09d567f06aea19a07c2fc3fd4b22e0dd19834,d166875a8578b566,False
img_002435,e:\Final_Project\Pnuemonia_Detection\data\raw_datasets\dataset_1\train\PNEUMONIA\BACTERIA-272219-0001.jpeg,dataset_1,PNEUMONIA,BACTERIAL,1,4cbb3e635e98e67d248f6e231283b166840e4a36a8eebe909127a5f5bb449cd1,d46e075bc71d491c,False
img_003494,e:\Final_Project\Pnuemonia_Detection\data\raw_datasets\dataset_1\train\PNEUMONIA\BACTERIA-6295192-0006.jpeg,dataset_1,PNEUMONIA,BACTERIAL,1,3c10ecad3575006b60fad2a1e59d90a4855e6bbc305a27235d817f1c1eab9afd,d125eb1ed21ed24a,False
img_003208,e:\Final_Project\Pnuemonia_Detection\data\raw_datasets\dataset_1\train\PNEUMONIA\BACTERIA-5285130-0005.jpeg,dataset_1,PNEUMONIA,BACTERIAL,1,d73f1e87b29064e2897276ea9909933b4c07c4a44727672efd51019fd79f6dc0,957a2f1e034e4b4e,False
img_003907,e:\Final_Project\Pnuemonia_Detection\data\raw_datasets\dataset_1\train\PNEUMONIA\BACTERIA-7847892-0006.jpeg,dataset_1,PNEUMONIA,BACTERIAL,1,2b62933e0ea772b8b85cd2dfd649a3de6c5f56c4c75576fdd98e1104ecf6f286,9a3bd618155f7894,False
img_002320,e:\Final_Project\Pnuemonia_Detection\data\raw_datasets\dataset_1\train\PNEUMONIA\BACTERIA-2253626-0001.jpeg,dataset_1,PNEUMONIA,BACTERIAL,1,331e416aab4c9abd0cc2a09d9fd0fc7906897a8d134b66ad311b5d9b9487cb2a,9c3cc03f7ac3073c,False
img_001159,e:\Final_Project\Pnuemonia_Detection\data\raw_datasets\dataset_1\train\NORMAL\NORMAL-4587209-0002.jpeg,dataset_1,NORMAL,NORMAL,0,3ebea284df521c8f9248f19236b24610519afbbe1e48eef27b65a896c0544ba6,dd2dc30b0d4d3d4c,False
img_005199,e:\Final_Project\Pnuemonia_Detection\data\raw_datasets\dataset_1\train\PNEUMONIA\VIRUS-5593364-0003.jpeg,dataset_1,PNEUMONIA,VIRAL,2,b095cba62aceb244586132ee86a96a49d06fc2604435da8ff213fa48ff546002,d035c33fe51f8a03,False
img_002821,e:\Final_Project\Pnuemonia_Detection\data\raw_datasets\dataset_1\train\PNEUMONIA\BACTERIA-4070068-0001.jpeg,dataset_1,PNEUMONIA,BACTERIAL,1,74b4657c9926c5e9ada8966a3adbf5546d8c9bc175dae20781b0bc98ac6a53f7,c0afaaabba5c5550,False
img_000324,e:\Final_Project\Pnuemonia_Detection\data\raw_datasets\dataset_1\test\PNEUMONIA\BACTERIA-4269599-0003.jpeg,dataset_1,PNEUMONIA,BACTERIAL,1,adb515f47df3b73ec7fe2fcc8028cedfca37dfc5de003f6a0b69be36df34a67e,996de63a821ed20f,False
img_002447,e:\Final_Project\Pnuemonia_Detection\data\raw_datasets\dataset_1\train\PNEUMONIA\BACTERIA-2784562-0005.jpeg,dataset_1,PNEUMONIA,BACTERIAL,1,8cf2ce3021608e1a4ce23f5a44c9e049c6d014d55e7ba59b1467be8455e08834,946ae23ce7161ac7,False
img_002724,e:\Final_Project\Pnuemonia_Detection\data\raw_datasets\dataset_1\train\PNEUMONIA\BACTERIA-3720452-0001.jpeg,dataset_1,PNEUMONIA,BACTERIAL,1,63ec2edefe46e2d46ae62daa4580a94908fc3b911490f75a47a1ba82e59b3c94,d02fc71d1c433e1e,False
img_002808,e:\Final_Project\Pnuemonia_Detection\data\raw_datasets\dataset_1\train\PNEUMONIA\BACTERIA-4016460-0003.jpeg,dataset_1,PNEUMONIA,BACTERIAL,1,258d69a40823a375f8e09229555fd09232a8be10630a9e4b45e2cbdb94ec2763,91edef38861aa51a,False
img_005328,e:\Final_Project\Pnuemonia_Detection\data\raw_datasets\dataset_1\train\PNEUMONIA\VIRUS-6382033-0001.jpeg,dataset_1,PNEUMONIA,VIRAL,2,12a249b8dde6e73f1bf9a3c83c44ea6a204791c9fd6f63b7f15766ddce806877,d47e871e0d0f6896,False
img_005842,e:\Final_Project\Pnuemonia_Detection\data\raw_datasets\dataset_1\train\PNEUMONIA\VIRUS-987036-0003.jpeg,dataset_1,PNEUMONIA,VIRAL,2,91dab81fcce601fec7239d7c65f07672f6d22e315dda71e5ae857b02a59aef6c,916a6f7c51585d07,False
img_002409,e:\Final_Project\Pnuemonia_Detection\data\raw_datasets\dataset_1\train\PNEUMONIA\BACTERIA-2609076-0001.jpeg,dataset_1,PNEUMONIA,BACTERIAL,1,f13538e90a811476c19172e55d59254b68002f60f09f64376c4496fc7f69a281,913fe61ab8ca3b90,False
img_003250,e:\Final_Project\Pnuemonia_Detection\data\raw_datasets\dataset_1\train\PNEUMONIA\BACTERIA-5445939-0003.jpeg,dataset_1,PNEUMONIA,BACTERIAL,1,79760fbf6bfe2f08fa36b8e4374f690c997d5089149df2735a7717af864c5df7,9869663a2b2a3ceb,False
img_001293,e:\Final_Project\Pnuemonia_Detection\data\raw_datasets\dataset_1\train\NORMAL\NORMAL-5571242-0003.jpeg,dataset_1,NORMAL,NORMAL,0,2a088ed0e56852529a9ec7d20e0b1ff00fe9c61ac1e3892d42d2760ca1baa392,91bec61a8c0d2d9f,False
img_004630,e:\Final_Project\Pnuemonia_Detection\data\raw_datasets\dataset_1\train\PNEUMONIA\VIRUS-1776217-0002.jpeg,dataset_1,PNEUMONIA,VIRAL,2,44388dba3860bf4cd9346376da68171e58db90c9642468ab941dbe0cd263531b,946ac31a81347def,False
img_004638,e:\Final_Project\Pnuemonia_Detection\data\raw_datasets\dataset_1\train\PNEUMONIA\VIRUS-1801584-0006.jpeg,dataset_1,PNEUMONIA,VIRAL,2,f436d3c913ea97786ea4cca89ad0ebd6033d0ba5d726b59723e47256712d855d,912be27af8795c41,False
img_000386,e:\Final_Project\Pnuemonia_Detection\data\raw_datasets\dataset_1\test\PNEUMONIA\BACTERIA-6806075-0005.jpeg,dataset_1,PNEUMONIA,BACTERIAL,1,d0426e7a6bc9cb0173f64d1dece755ea9ede4f53d5d7e2bb05f0ecc65c8d65bc,9469a71ec20fb743,False
img_005595,e:\Final_Project\Pnuemonia_Detection\data\raw_datasets\dataset_1\train\PNEUMONIA\VIRUS-8213030-0001.jpeg,dataset_1,PNEUMONIA,VIRAL,2,24785d01edb539bd0a8eaa529ac64719fd75ea7784ad74b19bc6841018e56ed7,d01ac31f966bb4c3,False
img_004750,e:\Final_Project\Pnuemonia_Detection\data\raw_datasets\dataset_1\train\PNEUMONIA\VIRUS-2727335-0002.jpeg,dataset_1,PNEUMONIA,VIRAL,2,2edaa83945ee291eb731e9e58e5b1100adac971b272d5e176fb782d6bf8c4211,957e230617531f6c,False
img_001109,e:\Final_Project\Pnuemonia_Detection\data\raw_datasets\dataset_1\train\NORMAL\NORMAL-4199443-0001.jpeg,dataset_1,NORMAL,NORMAL,0,c2fef5f27dc48333a832fd1ba88e66bd5fdd14026020ede8c60cf2cb8b0391a0,952f0f1c4d5d48ce,False
img_002042,e:\Final_Project\Pnuemonia_Detection\data\raw_datasets\dataset_1\train\PNEUMONIA\BACTERIA-1182905-0001.jpeg,dataset_1,PNEUMONIA,BACTERIAL,1,c71becbec435bbf214ea1ef37eb8c6c2dd80710d05b1ea0f65741597549abe01,d46fef5f4d48400a,False
img_000272,e:\Final_Project\Pnuemonia_Detection\data\raw_datasets\dataset_1\test\PNEUMONIA\BACTERIA-227418-0002.jpeg,dataset_1,PNEUMONIA,BACTERIAL,1,ffcec9d2a6465fbde1f87bea681723c33c141725e3173bfe9a7ceb166501deba,986ebf38823aaa3a,False
img_004970,e:\Final_Project\Pnuemonia_Detection\data\raw_datasets\dataset_1\train\PNEUMONIA\VIRUS-4147572-0001.jpeg,dataset_1,PNEUMONIA,VIRAL,2,0d9c0dbf6239a0dd1c675b3a58d9bc6306963172a14b4fc36f2f3efa695006f8,80ade23af86938cf,False
img_000485,e:\Final_Project\Pnuemonia_Detection\data\raw_datasets\dataset_1\test\PNEUMONIA\VIRUS-1352878-0005.jpeg,dataset_1,PNEUMONIA,VIRAL,2,080a3d4b578b4b3c8172b8c75cbb40bedbb071e7c63ffa631f38b1a31857a25a,d0eaab08814bb9df,False
img_000501,e:\Final_Project\Pnuemonia_Detection\data\raw_datasets\dataset_1\test\PNEUMONIA\VIRUS-2470676-0001.jpeg,dataset_1,PNEUMONIA,VIRAL,2,229ccfca30ef2f47de5366d1098b7d1d3c49c41783938420053da56ec2ad4860,916fc73aca3ba04a,False
img_001333,e:\Final_Project\Pnuemonia_Detection\data\raw_datasets\dataset_1\train\NORMAL\NORMAL-5748384-0001.jpeg,dataset_1,NORMAL,NORMAL,0,39c5a10b57ad8bf0f86c90d9d0066bad7585d8f656e3b3a9fd21382d9cededb8,812ec61acc799dcb,False
img_001731,e:\Final_Project\Pnuemonia_Detection\data\raw_datasets\dataset_1\train\NORMAL\NORMAL-8391295-0002.jpeg,dataset_1,NORMAL,NORMAL,0,57698078de074efa6cb15dda4bff98bef14244c3532877f152c0464f22d009a3,95b0c71b9dce38d0,False
img_002542,e:\Final_Project\Pnuemonia_Detection\data\raw_datasets\dataset_1\train\PNEUMONIA\BACTERIA-3110493-0001.jpeg,dataset_1,PNEUMONIA,BACTERIAL,1,88b32b455ea8800d70e2aa113e94d202a9bcd7ac688cc884101aff620f58b87c,d57e05171f1a0f0d,False
img_002002,e:\Final_Project\Pnuemonia_Detection\data\raw_datasets\dataset_1\train\PNEUMONIA\BACTERIA-1083680-0012.jpeg,dataset_1,PNEUMONIA,BACTERIAL,1,6f66fdccd3cd1745dfdd30c01c88ee53cafe9282fc668fd3fb8420d4b626d8f1,952bff1ed6021e42,False
img_001908,e:\Final_Project\Pnuemonia_Detection\data\raw_datasets\dataset_1\train\NORMAL\NORMAL-9585882-0001.jpeg,dataset_1,NORMAL,NORMAL,0,9319e8b3cc697f17fb088ed4d9f1211a2b0ba793257f9330bbb0d9e4e0b823a0,9165875ac969786d,False
img_003348,e:\Final_Project\Pnuemonia_Detection\data\raw_datasets\dataset_1\train\PNEUMONIA\BACTERIA-5739457-0002.jpeg,dataset_1,PNEUMONIA,BACTERIAL,1,618e274a63c5eee78069460ff72c9ef6a1edc7cd765123ad9cce0a14b511ea6c,d42e631f530b256b,False
img_000049,e:\Final_Project\Pnuemonia_Detection\data\raw_datasets\dataset_1\test\NORMAL\NORMAL-2862975-0001.jpeg,dataset_1,NORMAL,NORMAL,0,cd93dee45af8e37581d9d97e7a2adfe7f49171ddbb3c53c6151ce27741ddbee6,9cf84759012e3d3d,False
img_001775,e:\Final_Project\Pnuemonia_Detection\data\raw_datasets\dataset_1\train\NORMAL\NORMAL-8714707-0001.jpeg,dataset_1,NORMAL,NORMAL,0,dbf7146e0dece5aade4518a9ca9eb979ad151e731edb63882e3117e80ae0ba8a,912bc61adc791cce,False
img_002225,e:\Final_Project\Pnuemonia_Detection\data\raw_datasets\dataset_1\train\PNEUMONIA\BACTERIA-198200-0004.jpeg,dataset_1,PNEUMONIA,BACTERIAL,1,ec1855f59c14f7cd3002a3385a2840ef0d76eb0b6a9ff172963ac3eb44bee806,d5ffc71b134a1904,False
img_005057,e:\Final_Project\Pnuemonia_Detection\data\raw_datasets\dataset_1\train\PNEUMONIA\VIRUS-463487-0016.jpeg,dataset_1,PNEUMONIA,VIRAL,2,2938e1c3e6d93e0a715acbed734f16450fa8138d22f8b31c81cfa66d35ab4b49,95ffe22ce61c300d,False
img_002781,e:\Final_Project\Pnuemonia_Detection\data\raw_datasets\dataset_1\train\PNEUMONIA\BACTERIA-390779-0001.jpeg,dataset_1,PNEUMONIA,BACTERIAL,1,6eac7aefad72c68a2f3850de41b800731ff660631c1c05c016b2813c0138cf54,d86fc11ec7191c4d,False
img_001845,e:\Final_Project\Pnuemonia_Detection\data\raw_datasets\dataset_1\train\NORMAL\NORMAL-9126340-0001.jpeg,dataset_1,NORMAL,NORMAL,0,b64669de5a7b34747dae2258563b3de25858523780f9ab4be619bd6e15ec0333,812fc25a3ce03fd6,False
img_003467,e:\Final_Project\Pnuemonia_Detection\data\raw_datasets\dataset_1\train\PNEUMONIA\BACTERIA-6235826-0001.jpeg,dataset_1,PNEUMONIA,BACTERIAL,1,b024a3ee5f04b95a7dcea3d635a3fde58b512491b71225254a36350c3c2d4245,906defbe821a861e,False
img_000988,e:\Final_Project\Pnuemonia_Detection\data\raw_datasets\dataset_1\train\NORMAL\NORMAL-3486729-0001.jpeg,dataset_1,NORMAL,NORMAL,0,610ed2d28c404aedf8ade5f301847232d78d01e39aee6571203bb3206f843a57,c10fc61adce93cd2,False
img_000814,e:\Final_Project\Pnuemonia_Detection\data\raw_datasets\dataset_1\train\NORMAL\NORMAL-2344710-0001.jpeg,dataset_1,NORMAL,NORMAL,0,a97da206a89370239bbfa5201e982401fe0b5eeeb78f97460e3ce0f9b0808ea2,803ada5edc559696,False
img_003711,e:\Final_Project\Pnuemonia_Detection\data\raw_datasets\dataset_1\train\PNEUMONIA\BACTERIA-7172433-0007.jpeg,dataset_1,PNEUMONIA,BACTERIAL,1,075f5bde44036d69a69fc28fa7fe12c4f23963fb78d8d375c560bc50f7cc0a4f,d4a9e33e9ec21a92,False
img_002885,e:\Final_Project\Pnuemonia_Detection\data\raw_datasets\dataset_1\train\PNEUMONIA\BACTERIA-4331869-0001.jpeg,dataset_1,PNEUMONIA,BACTERIAL,1,4b623d6a249049aa7d3a03262048c7607fa9c9269a9dfa40e52ff16b7764f48e,c02fbf595949066d,False
img_005114,e:\Final_Project\Pnuemonia_Detection\data\raw_datasets\dataset_1\train\PNEUMONIA\VIRUS-5101683-0002.jpeg,dataset_1,PNEUMONIA,VIRAL,2,530479e9e94a5701e58d073c7041cd2a1a117b808bf1e0569a5bd4fd3bb3b248,9511e31ef64a3ce8,False
img_003746,e:\Final_Project\Pnuemonia_Detection\data\raw_datasets\dataset_1\train\PNEUMONIA\BACTERIA-7365227-0001.jpeg,dataset_1,PNEUMONIA,BACTERIAL,1,6ff3de82bc9d52651e7205cbcf5a5750374599172db399c57c218d159c7a7251,d4e6971a856dc43c,False
img_003435,e:\Final_Project\Pnuemonia_Detection\data\raw_datasets\dataset_1\train\PNEUMONIA\BACTERIA-6076468-0009.jpeg,dataset_1,PNEUMONIA,BACTERIAL,1,15b8bd0081107db137921b25a02443e36701bc6b23d65d84d5a11fd1a9ad427e,8a2fc71ec86cdc45,False
img_000662,e:\Final_Project\Pnuemonia_Detection\data\raw_datasets\dataset_1\train\NORMAL\NORMAL-132181-0001.jpeg,dataset_1,NORMAL,NORMAL,0,777e1ba85ad95ab6261f4e80b0571d471ee89865326f62d134e057fcf9a93cb9,803de71ede4b3868,False
img_006016,e:\Final_Project\Pnuemonia_Detection\data\raw_datasets\dataset_2\test\NORMAL\NORMAL2-IM-0283-0001.jpeg,dataset_2,NORMAL,NORMAL,0,fde2c3bf0d0d2d322085d5cbae374938f524d97d3467baf13ea46336d0140cc1,90f5875ae70f3087,False
img_000787,e:\Final_Project\Pnuemonia_Detection\data\raw_datasets\dataset_1\train\NORMAL\NORMAL-2239107-0003.jpeg,dataset_1,NORMAL,NORMAL,0,47e2b679914354e73a703fae666b27ea0b5d915384e881939bbe4611ea4c93bb,956cc31acb6f7824,False
img_000738,e:\Final_Project\Pnuemonia_Detection\data\raw_datasets\dataset_1\train\NORMAL\NORMAL-1898951-0001.jpeg,dataset_1,NORMAL,NORMAL,0,1507c841155cf9f39a2a1b3adbfbe2f8b1e7bef8ee1415643c486e91e1fbd300,c12f474b594169f5,False
img_003244,e:\Final_Project\Pnuemonia_Detection\data\raw_datasets\dataset_1\train\PNEUMONIA\BACTERIA-5437440-0005.jpeg,dataset_1,PNEUMONIA,BACTERIAL,1,4c53af70765e06902be6e8d8b6303105d02b7ca75f1b811896904b226190054d,903bf71e5e483c68,False
img_000946,e:\Final_Project\Pnuemonia_Detection\data\raw_datasets\dataset_1\train\NORMAL\NORMAL-3220570-0004.jpeg,dataset_1,NORMAL,NORMAL,0,953810500f6b9135775c701425a46dd6bdefcd79fc2161e4e852a293ae56339b,d46dc71e8b2d7884,False
img_002326,e:\Final_Project\Pnuemonia_Detection\data\raw_datasets\dataset_1\train\PNEUMONIA\BACTERIA-2307665-0001.jpeg,dataset_1,PNEUMONIA,BACTERIAL,1,994705f4ce0d919738e3fc5a5c48fb5bce13ba58c1f4d3e8212486d0149e06bf,c13ff65ad64e4910,False
img_003443,e:\Final_Project\Pnuemonia_Detection\data\raw_datasets\dataset_1\train\PNEUMONIA\BACTERIA-6121529-0002.jpeg,dataset_1,PNEUMONIA,BACTERIAL,1,16212cf932fa798c939a8915733e412bca9267260e2dd80e209985e8bba91d94,9164c65ace78b54e,False
img_005855,e:\Final_Project\Pnuemonia_Detection\data\raw_datasets\dataset_1\train\PNEUMONIA\VIRUS-9963654-0001.jpeg,dataset_1,PNEUMONIA,VIRAL,2,2c569be2b42621da0e00f002f6a0951c1aa77a4dc4bf7665bf6b5e3b77424ce6,9076865ac53d49f6,False
img_004532,e:\Final_Project\Pnuemonia_Detection\data\raw_datasets\dataset_1\train\PNEUMONIA\VIRUS-1116080-0002.jpeg,dataset_1,PNEUMONIA,VIRAL,2,c0bfbf591d0e743681a000c344e3a2fed9623809e6ef11d3019ad116d88cca10,90f5e716c11e6197,False
img_003677,e:\Final_Project\Pnuemonia_Detection\data\raw_datasets\dataset_1\train\PNEUMONIA\BACTERIA-6972034-0001.jpeg,dataset_1,PNEUMONIA,BACTERIAL,1,72a64201bebc3d6ca48e7444964c9ae2032b03460f490a1d71ef00e78a393141,c0bbf75e9a933480,False
img_004125,e:\Final_Project\Pnuemonia_Detection\data\raw_datasets\dataset_1\train\PNEUMONIA\BACTERIA-8550444-0001.jpeg,dataset_1,PNEUMONIA,BACTERIAL,1,7982514d65213600052fde8332a6ee839ac9143fc4dfe4954fe25ca4328e42ea,8809e51fb5c23ff0,False
img_000890,e:\Final_Project\Pnuemonia_Detection\data\raw_datasets\dataset_1\train\NORMAL\NORMAL-2768393-0004.jpeg,dataset_1,NORMAL,NORMAL,0,5ab14ce79ecc947180d6fa88821e53c326f90282b8ec16f8c489227b9448ad4b,886dc65afa693c4c,False
img_001534,e:\Final_Project\Pnuemonia_Detection\data\raw_datasets\dataset_1\train\NORMAL\NORMAL-7105903-0002.jpeg,dataset_1,NORMAL,NORMAL,0,13cab632542b94201ab8858f6a87267dd54cbb723178dc8afbf6d6f4e890665c,99a9c63af8697858,False
img_000467,e:\Final_Project\Pnuemonia_Detection\data\raw_datasets\dataset_1\test\PNEUMONIA\BACTERIA-9673743-0002.jpeg,dataset_1,PNEUMONIA,BACTERIAL,1,3f984871e9b1ccc1f07542d09df23ad8848065d7aac541cfe5c41b12b517827b,946def0f555c3841,False
img_002179,e:\Final_Project\Pnuemonia_Detection\data\raw_datasets\dataset_1\train\PNEUMONIA\BACTERIA-1777631-0007.jpeg,dataset_1,PNEUMONIA,BACTERIAL,1,805b18581529f786f0d2fc815d7c10b071ec098d0016a7985f4dd5072ec221ef,c06e0709fd7cf470,False
img_005667,e:\Final_Project\Pnuemonia_Detection\data\raw_datasets\dataset_1\train\PNEUMONIA\VIRUS-8645887-0001.jpeg,dataset_1,PNEUMONIA,VIRAL,2,45839fda8732405a521c3912ded68de13e1ab65395f0207023fb870812c55f72,912f7e1c100b3d6f,False
img_005696,e:\Final_Project\Pnuemonia_Detection\data\raw_datasets\dataset_1\train\PNEUMONIA\VIRUS-8833130-0001.jpeg,dataset_1,PNEUMONIA,VIRAL,2,09388911a86f1a70ddae6da8f25795ebc2799dec57a0d29b5da30b641beed418,9568c71abdcd2989,False
img_002564,e:\Final_Project\Pnuemonia_Detection\data\raw_datasets\dataset_1\train\PNEUMONIA\BACTERIA-3232588-0001.jpeg,dataset_1,PNEUMONIA,BACTERIAL,1,2078165aa512d28596fd94dbac5c6b83a54524e5a0fac342ec019aa828772b6e,d4aeab2bc14c544f,False
img_001358,e:\Final_Project\Pnuemonia_Detection\data\raw_datasets\dataset_1\train\NORMAL\NORMAL-5935431-0001.jpeg,dataset_1,NORMAL,NORMAL,0,fffea76776f7142d89b871efec729ba031446d4bda26f12fc5335e7c0294915c,d17fe63e8d0d0c84,False
img_000840,e:\Final_Project\Pnuemonia_Detection\data\raw_datasets\dataset_1\train\NORMAL\NORMAL-2504415-0001.jpeg,dataset_1,NORMAL,NORMAL,0,90920f4ff1218e7f1bb5b2c045c7db143ed29da90deaca0ad6bc67a2e12cb5e6,9979833a4d3f5905,False
img_001743,e:\Final_Project\Pnuemonia_Detection\data\raw_datasets\dataset_1\train\NORMAL\NORMAL-8497221-0001.jpeg,dataset_1,NORMAL,NORMAL,0,71108cea70a767ac6ec636e3b646cff5668327ecce06f56cbf91595f7ba19dbe,8166c67ae16d2dc5,False
img_003532,e:\Final_Project\Pnuemonia_Detection\data\raw_datasets\dataset_1\train\PNEUMONIA\BACTERIA-6443888-0003.jpeg,dataset_1,PNEUMONIA,BACTERIAL,1,adb801b60dd9ce798696dd4e18eaafabfa51f8895354f72f597114320f6d4ad6,9470e71ec36d6c0e,False
img_003562,e:\Final_Project\Pnuemonia_Detection\data\raw_datasets\dataset_1\train\PNEUMONIA\BACTERIA-6519345-0001.jpeg,dataset_1,PNEUMONIA,BACTERIAL,1,2db986cae0c8d1f0f2815c52b84c85a35e97e4e1e4afcb1d38241877cc277765,95feea38020b31cf,False
img_005338,e:\Final_Project\Pnuemonia_Detection\data\raw_datasets\dataset_1\train\PNEUMONIA\VIRUS-6420973-0008.jpeg,dataset_1,PNEUMONIA,VIRAL,2,2afbca6860f32057dbc023833d9d52708b6d29e0995aa08335dd48181b005b4d,9129e61ace6b3c69,False
img_001098,e:\Final_Project\Pnuemonia_Detection\data\raw_datasets\dataset_1\train\NORMAL\NORMAL-4159337-0001.jpeg,dataset_1,NORMAL,NORMAL,0,8bd64c8cf0216dd23d340f0969ba86c988c31436541ce39b3eb92567def58287,d47cc71b8d8d3c84,False
img_000143,e:\Final_Project\Pnuemonia_Detection\data\raw_datasets\dataset_1\test\NORMAL\NORMAL-6190523-0001.jpeg,dataset_1,NORMAL,NORMAL,0,56004f026d7893f7c20c737740e41f78954e6c2774c3c4eaa1d2ae2b2bc6b882,917b0712165f135f,False
img_000074,e:\Final_Project\Pnuemonia_Detection\data\raw_datasets\dataset_1\test\NORMAL\NORMAL-3624496-0001.jpeg,dataset_1,NORMAL,NORMAL,0,1f5f318a79b80bdc09dcbed55e3e81d7d96e8567a2d25b6b7834c36cb26563f5,942f0f1d4f68cac3,False
img_004910,e:\Final_Project\Pnuemonia_Detection\data\raw_datasets\dataset_1\train\PNEUMONIA\VIRUS-3726655-0002.jpeg,dataset_1,PNEUMONIA,VIRAL,2,6417afa37d8d7a3365b5110991e9ead12564cd01dd6df44f9f50d264df477d6b,812bc21adcc83dfb,False
img_004193,e:\Final_Project\Pnuemonia_Detection\data\raw_datasets\dataset_1\train\PNEUMONIA\BACTERIA-873293-0001.jpeg,dataset_1,PNEUMONIA,BACTERIAL,1,95da5e5f08c559e54812ea3706111110c3e3f8cefbc7614598ae9860df57a394,946be33ed61a1929,False
img_000677,e:\Final_Project\Pnuemonia_Detection\data\raw_datasets\dataset_1\train\NORMAL\NORMAL-1456124-0001.jpeg,dataset_1,NORMAL,NORMAL,0,059d6aa07554dc52168f5c536e28fbce3e7e1da317f78609a76cf8b2a2e3b6e5,d47e871e8d0d6c86,False
img_004174,e:\Final_Project\Pnuemonia_Detection\data\raw_datasets\dataset_1\train\PNEUMONIA\BACTERIA-8688218-0001.jpeg,dataset_1,PNEUMONIA,BACTERIAL,1,9b9c41e0d3dd0fc7960709585626f299803ff31f9d7bb9c9436af2b83d36db46,d072e31fe18f68a4,False
img_001116,e:\Final_Project\Pnuemonia_Detection\data\raw_datasets\dataset_1\train\NORMAL\NORMAL-4234436-0001.jpeg,dataset_1,NORMAL,NORMAL,0,7d6fd68ff9f3776e247a0e40b4567601a40f005119bbfec1742901a9f348b2e1,9178db389d189ad6,False
img_005250,e:\Final_Project\Pnuemonia_Detection\data\raw_datasets\dataset_1\train\PNEUMONIA\VIRUS-5882850-0002.jpeg,dataset_1,PNEUMONIA,VIRAL,2,839b218c589e751fc008979f1a8e35ecaa6a0afde5b052724e89f2a90453f14d,d47ce30b872f3906,False
img_001205,e:\Final_Project\Pnuemonia_Detection\data\raw_datasets\dataset_1\train\NORMAL\NORMAL-4867871-0001.jpeg,dataset_1,NORMAL,NORMAL,0,98a82c483d2b8c41732f875c2515d2a7e22f255aa859fc34306ba4e28b824d14,847ce31b8bcb4ccc,False
img_002600,e:\Final_Project\Pnuemonia_Detection\data\raw_datasets\dataset_1\train\PNEUMONIA\BACTERIA-3320644-0001.jpeg,dataset_1,PNEUMONIA,BACTERIAL,1,3705daad68dc5de43c2a2f0ed2cc14dccf7f41eccb09c83ed44ca909a081b15d,d06ea739839f2985,False
img_005528,e:\Final_Project\Pnuemonia_Detection\data\raw_datasets\dataset_1\train\PNEUMONIA\VIRUS-7792467-0002.jpeg,dataset_1,PNEUMONIA,VIRAL,2,a3c8b5865da0f32e11a52bb09dab4b78dcc901883c0f85342ddab7eae56593f3,d02fb5555f4e0a2c,False
img_002004,e:\Final_Project\Pnuemonia_Detection\data\raw_datasets\dataset_1\train\PNEUMONIA\BACTERIA-1083680-0014.jpeg,dataset_1,PNEUMONIA,BACTERIAL,1,cfd85e8d08d12921881c7baa9687c88c81107e4ab2f39023227467c47a9f61e8,953bee1e38033e51,False
img_001392,e:\Final_Project\Pnuemonia_Detection\data\raw_datasets\dataset_1\train\NORMAL\NORMAL-6214135-0001.jpeg,dataset_1,NORMAL,NORMAL,0,89cf591504dbc733c4d2e8a0e8b6ed0b97ce1d0739ffcf3a64b2683d59d66b53,c46ec70bed6d68c0,False
img_003353,e:\Final_Project\Pnuemonia_Detection\data\raw_datasets\dataset_1\train\PNEUMONIA\BACTERIA-5762799-0001.jpeg,dataset_1,PNEUMONIA,BACTERIAL,1,7897fbe85e8f5d44862982c5c03fb8b205c5a03ac78b7d0f13715cc512e9e757,812fea5cd07b7843,False
img_003470,e:\Final_Project\Pnuemonia_Detection\data\raw_datasets\dataset_1\train\PNEUMONIA\BACTERIA-6235826-0004.jpeg,dataset_1,PNEUMONIA,BACTERIAL,1,2d6b5da0569114ab8bf79d5ad67382244be6f9188440cccaeefb849acd415186,986e2b1ac31fc34b,False
img_003912,e:\Final_Project\Pnuemonia_Detection\data\raw_datasets\dataset_1\train\PNEUMONIA\BACTERIA-7869417-0001.jpeg,dataset_1,PNEUMONIA,BACTERIAL,1,774abdd7851117c81391eb03aee181ad4ff1780ceafd8b7b3f4d6b3a8d7e0a69,9169e63a6b793849,False
img_001235,e:\Final_Project\Pnuemonia_Detection\data\raw_datasets\dataset_1\train\NORMAL\NORMAL-5161959-0001.jpeg,dataset_1,NORMAL,NORMAL,0,bb8cdba14d283649e837645a0d455d93bbb806633abaa7dd579e15a53baf2def,d03fc63b9d4d1cc0,False
img_001433,e:\Final_Project\Pnuemonia_Detection\data\raw_datasets\dataset_1\train\NORMAL\NORMAL-6505040-0002.jpeg,dataset_1,NORMAL,NORMAL,0,a0b971037c63d5ad8f7011b08023b53343b86f0b3d3e627e9fdf9b97b165da0e,d4f4c31b8d2d3c64,False
img_004130,e:\Final_Project\Pnuemonia_Detection\data\raw_datasets\dataset_1\train\PNEUMONIA\BACTERIA-8550709-0003.jpeg,dataset_1,PNEUMONIA,BACTERIAL,1,966b8e227180e7fe29c4dbc79f90ab4a97642351b39bb66fe00a2157c2b72e3a,d17dee9ec80b2542,False
img_002519,e:\Final_Project\Pnuemonia_Detection\data\raw_datasets\dataset_1\train\PNEUMONIA\BACTERIA-3015897-0004.jpeg,dataset_1,PNEUMONIA,BACTERIAL,1,b633b20564069dfe2e65378dcae4d7541c236a37abb6cbb43a14c061432b3991,8121eb3ff44fb043,False
img_005498,e:\Final_Project\Pnuemonia_Detection\data\raw_datasets\dataset_1\train\PNEUMONIA\VIRUS-7533287-0002.jpeg,dataset_1,PNEUMONIA,VIRAL,2,f7bddb351effc3e82d89855afc276a9b29fde228d400d8cf5f81e1e43276a15b,d07ea73f8d072924,False
img_004440,e:\Final_Project\Pnuemonia_Detection\data\raw_datasets\dataset_1\train\PNEUMONIA\BACTERIA-9620226-0001.jpeg,dataset_1,PNEUMONIA,BACTERIAL,1,7028f6fa6ffd5a44c98afaff406caf1833dcc9927988c7e65d11c8717281a01c,d03fef1b7c0a29c0,False
img_005275,e:\Final_Project\Pnuemonia_Detection\data\raw_datasets\dataset_1\train\PNEUMONIA\VIRUS-6065052-0005.jpeg,dataset_1,PNEUMONIA,VIRAL,2,76ed7cd0cbca0809fa80d0827fb3bc7b19fb07d1c2f67f867e23f3765d67fe41,907dc71eb0cf3885,False
img_004119,e:\Final_Project\Pnuemonia_Detection\data\raw_datasets\dataset_1\train\PNEUMONIA\BACTERIA-8528032-0004.jpeg,dataset_1,PNEUMONIA,BACTERIAL,1,33a26d91eee81f97631e8eb69a3e9f147e20b8474d0454ff7d3d01c71a9260fd,c06a753f2551f1c3,False
img_004735,e:\Final_Project\Pnuemonia_Detection\data\raw_datasets\dataset_1\train\PNEUMONIA\VIRUS-2603211-0001.jpeg,dataset_1,PNEUMONIA,VIRAL,2,74e690a197e6086d55ae91ae23f721a02766b78dae635eeb641e4034736e4fc2,9125e61eec6b3c43,False
img_005248,e:\Final_Project\Pnuemonia_Detection\data\raw_datasets\dataset_1\train\PNEUMONIA\VIRUS-5875967-0001.jpeg,dataset_1,PNEUMONIA,VIRAL,2,0fa65841fae0c8ed1943d61ec2b3c9f4df53ec6b283c53679f028acb321e4f86,946ce71eaf0b1b81,False
img_005233,e:\Final_Project\Pnuemonia_Detection\data\raw_datasets\dataset_1\train\PNEUMONIA\VIRUS-5719837-0002.jpeg,dataset_1,PNEUMONIA,VIRAL,2,d53f93352943cf5219a8a62e4163811534f87b5a4b0e7c85aa7fae1ced18cac7,913cc63839e9799c,False
img_005538,e:\Final_Project\Pnuemonia_Detection\data\raw_datasets\dataset_1\train\PNEUMONIA\VIRUS-7795904-0001.jpeg,dataset_1,PNEUMONIA,VIRAL,2,c818f288562c88c81592a21c3b204346f2a8aeda691d2d081f7b905e4ddd0c21,9527d71bc728f00e,False
img_002080,e:\Final_Project\Pnuemonia_Detection\data\raw_datasets\dataset_1\train\PNEUMONIA\BACTERIA-140838-0001.jpeg,dataset_1,PNEUMONIA,BACTERIAL,1,e4b2006ef7dc51fb04cfd5e4c4f68b4cecbd924dc5abda4d7ec158308cf5d7d0,9b69cd181b4f2b86,False
img_003653,e:\Final_Project\Pnuemonia_Detection\data\raw_datasets\dataset_1\train\PNEUMONIA\BACTERIA-6870430-0003.jpeg,dataset_1,PNEUMONIA,BACTERIAL,1,0d3ee01966645ca568678326ec2a1f8cf1c789f8ac8fab86d304bada6c534af8,dc6a871f870f818e,False
img_001673,e:\Final_Project\Pnuemonia_Detection\data\raw_datasets\dataset_1\train\NORMAL\NORMAL-8040230-0002.jpeg,dataset_1,NORMAL,NORMAL,0,6b0abeea5c78ccd37549776cccdf01fc9c0f186e93ab4e162efabf6ca802c230,d06f4f5d1c419e86,False
img_003676,e:\Final_Project\Pnuemonia_Detection\data\raw_datasets\dataset_1\train\PNEUMONIA\BACTERIA-696513-0001.jpeg,dataset_1,PNEUMONIA,BACTERIAL,1,812dcae1479757a7ae1de56fe1ef3c98076c98859e116dc33be35c3c85b92e1e,90e8e73ac75b314a,False
img_002138,e:\Final_Project\Pnuemonia_Detection\data\raw_datasets\dataset_1\train\PNEUMONIA\BACTERIA-1630215-0002.jpeg,dataset_1,PNEUMONIA,BACTERIAL,1,67be39ff3a59f4da6f9832445bcb5a3d94d32900122ac64209336554eb09967e,906fe63a8219b4cf,False
img_003925,e:\Final_Project\Pnuemonia_Detection\data\raw_datasets\dataset_1\train\PNEUMONIA\BACTERIA-7942103-0001.jpeg,dataset_1,PNEUMONIA,BACTERIAL,1,0a86e375d8946cf57b68aaba8a0c3a52ff40dad56038b4095dc9bf834da9345f,d42b6b3d6c453c34,False
img_005109,e:\Final_Project\Pnuemonia_Detection\data\raw_datasets\dataset_1\train\PNEUMONIA\VIRUS-5073353-0001.jpeg,dataset_1,PNEUMONIA,VIRAL,2,a60c1b278de7793291b5b9496857ff9251e4fd2d21d68f9f890755cfeab3d25d,d476e23bc50995c3,False
img_001378,e:\Final_Project\Pnuemonia_Detection\data\raw_datasets\dataset_1\train\NORMAL\NORMAL-6095394-0001.jpeg,dataset_1,NORMAL,NORMAL,0,6799dab3a4efa6620fc242079634efadf0ac0a2f8846414c7e040dc33d5a6ea0,d47ec75b8c852cc4,False
img_000882,e:\Final_Project\Pnuemonia_Detection\data\raw_datasets\dataset_1\train\NORMAL\NORMAL-2723350-0001.jpeg,dataset_1,NORMAL,NORMAL,0,51f091d59eb7f7db097cdc35fb767a68427068e424981d9b98b1a283aa70e77d,913fc61ab8e03997,False
img_003416,e:\Final_Project\Pnuemonia_Detection\data\raw_datasets\dataset_1\train\PNEUMONIA\BACTERIA-6012984-0001.jpeg,dataset_1,PNEUMONIA,BACTERIAL,1,b65eb5cef5f7c7dba478f51875517d28f94aedfd169a590d65c2488e4a79538c,950a4f5e5c515b1e,False
img_004777,e:\Final_Project\Pnuemonia_Detection\data\raw_datasets\dataset_1\train\PNEUMONIA\VIRUS-2814755-0004.jpeg,dataset_1,PNEUMONIA,VIRAL,2,04452cb006048cb010758cb58fdcad52885a87d9d11687087aba17e43df66752,81ebeeface184509,False
img_005651,e:\Final_Project\Pnuemonia_Detection\data\raw_datasets\dataset_1\train\PNEUMONIA\VIRUS-8550709-0009.jpeg,dataset_1,PNEUMONIA,VIRAL,2,6ca37868604405c6495925030d6a55d2e383e4dd4289c953c4255b8bd37ae19f,916fef5ec64a0541,False
img_001211,e:\Final_Project\Pnuemonia_Detection\data\raw_datasets\dataset_1\train\NORMAL\NORMAL-4969331-0001.jpeg,dataset_1,NORMAL,NORMAL,0,18cf861805152f8393fd384e0c26b1b4bf5e8aa38bbe92e238e4907f907b531b,993bd61e104b396b,False
img_000309,e:\Final_Project\Pnuemonia_Detection\data\raw_datasets\dataset_1\test\PNEUMONIA\BACTERIA-4059589-0004.jpeg,dataset_1,PNEUMONIA,BACTERIAL,1,245f37df41329f5bb9f01d5d8d00572158b5d9bd51ffe6eab2f1cf6c02e1fda6,917b4e1e504b3d69,False
img_003308,e:\Final_Project\Pnuemonia_Detection\data\raw_datasets\dataset_1\train\PNEUMONIA\BACTERIA-5615173-0001.jpeg,dataset_1,PNEUMONIA,BACTERIAL,1,0a49b357f7fc1cf3835125e4e40889b3286fa6c796e7174c4a1d0ee4c3530086,d0add75950427cd6,False
img_002381,e:\Final_Project\Pnuemonia_Detection\data\raw_datasets\dataset_1\train\PNEUMONIA\BACTERIA-2514247-0001.jpeg,dataset_1,PNEUMONIA,BACTERIAL,1,f9822903bf2383ecadc42ac243412cfaba67869e7b9b9b3ee45c11f8959c7487,9128e51eea6e7869,False
img_002639,e:\Final_Project\Pnuemonia_Detection\data\raw_datasets\dataset_1\train\PNEUMONIA\BACTERIA-3408906-0005.jpeg,dataset_1,PNEUMONIA,BACTERIAL,1,e0116babe783ae4b5fcdc937e59b079b34e3a613c670c437f9cc20b25acf4dfd,946fab1a833b2c6c,False
img_004640,e:\Final_Project\Pnuemonia_Detection\data\raw_datasets\dataset_1\train\PNEUMONIA\VIRUS-1820776-0003.jpeg,dataset_1,PNEUMONIA,VIRAL,2,e954ba50de7bcdd69894b760e664f66e94e8fd9f11a508749e45e8d21e913539,d5a9c20be9693ce1,False
img_001638,e:\Final_Project\Pnuemonia_Detection\data\raw_datasets\dataset_1\train\NORMAL\NORMAL-7724422-0001.jpeg,dataset_1,NORMAL,NORMAL,0,bce64afb70da9a3eab68f3449c9f39b6711e67de5b1f8f8b8b068f9e2377e156,992e065a596d78ec,False
img_005736,e:\Final_Project\Pnuemonia_Detection\data\raw_datasets\dataset_1\train\PNEUMONIA\VIRUS-9176009-0002.jpeg,dataset_1,PNEUMONIA,VIRAL,2,6554f6e56c6f029148ab76a5a6cc84543f3395f946182b57f431f59f5ee22684,d434e21bbbc33b90,False
img_001811,e:\Final_Project\Pnuemonia_Detection\data\raw_datasets\dataset_1\train\NORMAL\NORMAL-8998369-0001.jpeg,dataset_1,NORMAL,NORMAL,0,8382cb75235bf2a6e0605fbbabedb7c4768eba701493015226cd989bbce34204,d12ee20b9f4b1d52,False
img_001178,e:\Final_Project\Pnuemonia_Detection\data\raw_datasets\dataset_1\train\NORMAL\NORMAL-4680404-0004.jpeg,dataset_1,NORMAL,NORMAL,0,6f1f1905a8de56a7f98235d8f8ec5de76c2a5367026d9671f1ef9de8ec322ab2,d47ec71e8d8568c4,False
img_002896,e:\Final_Project\Pnuemonia_Detection\data\raw_datasets\dataset_1\train\PNEUMONIA\BACTERIA-4342670-0001.jpeg,dataset_1,PNEUMONIA,BACTERIAL,1,6c47b0c3b7beb79d03d9b8ce69378c5d8c9c80ea0b20cc3848b5024c503a413a,d03fc70b3c68689b,False
img_004579,e:\Final_Project\Pnuemonia_Detection\data\raw_datasets\dataset_1\train\PNEUMONIA\VIRUS-1381515-0001.jpeg,dataset_1,PNEUMONIA,VIRAL,2,a527055a7c355e819fa5dffeaec41763df3a5b04098ae5887276724aab791063,91e8a73ae93c6a2c,False
img_003958,e:\Final_Project\Pnuemonia_Detection\data\raw_datasets\dataset_1\train\PNEUMONIA\BACTERIA-8034950-0012.jpeg,dataset_1,PNEUMONIA,BACTERIAL,1,8edeff0608499ec100441bf223eb543853476f929d91c173c6e27b740922e059,caaaab388b299567,False
img_004097,e:\Final_Project\Pnuemonia_Detection\data\raw_datasets\dataset_1\train\PNEUMONIA\BACTERIA-8462046-0002.jpeg,dataset_1,PNEUMONIA,BACTERIAL,1,51e88977f3bebdb83c7fbdc71d433eca0ae9b72a8d1d9264fcc45c96b252f7e3,cc3fe7082a6b3ca1,False
img_005302,e:\Final_Project\Pnuemonia_Detection\data\raw_datasets\dataset_1\train\PNEUMONIA\VIRUS-6173042-0005.jpeg,dataset_1,PNEUMONIA,VIRAL,2,9e2cff415bc49aa2d9fe2d39cc71276efdf655d15b506c6db981e0146a8e1bc2,80aa565c56595d5f,False
img_005228,e:\Final_Project\Pnuemonia_Detection\data\raw_datasets\dataset_1\train\PNEUMONIA\VIRUS-5701772-0004.jpeg,dataset_1,PNEUMONIA,VIRAL,2,fc2b96656cdfcf497a19d11a5b0e1ef626361748ddc976d65da9dd7726d5720c,d42b6b5f1e402e1e,False
img_003910,e:\Final_Project\Pnuemonia_Detection\data\raw_datasets\dataset_1\train\PNEUMONIA\BACTERIA-7850422-0001.jpeg,dataset_1,PNEUMONIA,BACTERIAL,1,5900ad14eaf8c106cb5d341b25a63e9c224d6e81787380db11016310d2f26363,d029e30fde4b1749,False
img_003142,e:\Final_Project\Pnuemonia_Detection\data\raw_datasets\dataset_1\train\PNEUMONIA\BACTERIA-5150733-0011.jpeg,dataset_1,PNEUMONIA,BACTERIAL,1,ccaf4e465fe7ab2adfa75a1c2cda5afa7dec9504e886f8061e8f4a44c1076160,d02baf1ed25fd102,False
img_003388,e:\Final_Project\Pnuemonia_Detection\data\raw_datasets\dataset_1\train\PNEUMONIA\BACTERIA-5904540-0001.jpeg,dataset_1,PNEUMONIA,BACTERIAL,1,f6e8a1e516b99fd5796f0356cc736dd8fb90276e5b144d00967163b9b57deee5,c06ea71f45d26dc1,False
img_001620,e:\Final_Project\Pnuemonia_Detection\data\raw_datasets\dataset_1\train\NORMAL\NORMAL-7635797-0001.jpeg,dataset_1,NORMAL,NORMAL,0,0768f0de95812137d385bc1c10f1b7b873a46e2b53bb813ad61d2622957d7b35,907cc74abdcd38b0,False
img_003207,e:\Final_Project\Pnuemonia_Detection\data\raw_datasets\dataset_1\train\PNEUMONIA\BACTERIA-5285130-0004.jpeg,dataset_1,PNEUMONIA,BACTERIAL,1,55caecd4022a1a210ece315303aa9ea431aa62c42d925a72647ea200ef8def11,d43ff25e145035b4,False
img_004599,e:\Final_Project\Pnuemonia_Detection\data\raw_datasets\dataset_1\train\PNEUMONIA\VIRUS-1553110-0002.jpeg,dataset_1,PNEUMONIA,VIRAL,2,e7e2d425d51f4e979f922ade68ebd83e3a642e77ea1d4f5d8d93201a60412fe5,d06ac71e9dcb1d90,False
img_000904,e:\Final_Project\Pnuemonia_Detection\data\raw_datasets\dataset_1\train\NORMAL\NORMAL-2885344-0001.jpeg,dataset_1,NORMAL,NORMAL,0,e86d1d80a153d5e856f49daa0f686e42477c9a029f59dccc7383319682312e06,9178ca3a597978d1,False
img_004220,e:\Final_Project\Pnuemonia_Detection\data\raw_datasets\dataset_1\train\PNEUMONIA\BACTERIA-8817647-0001.jpeg,dataset_1,PNEUMONIA,BACTERIAL,1,36cef1608e372eadb63cc0073c1c18868f23f1026acfc2e1b7f331da216a7e55,953bc798b09358f1,False
img_005814,e:\Final_Project\Pnuemonia_Detection\data\raw_datasets\dataset_1\train\PNEUMONIA\VIRUS-9662232-0001.jpeg,dataset_1,PNEUMONIA,VIRAL,2,6007c3945a4587101cafd60215ecc37fbdc7a940670521d2a52ad965eb9c381d,9054c71adbcd68e5,False
img_004371,e:\Final_Project\Pnuemonia_Detection\data\raw_datasets\dataset_1\train\PNEUMONIA\BACTERIA-9434229-0001.jpeg,dataset_1,PNEUMONIA,BACTERIAL,1,5228d2794478a63538a72186d682990019e8cad4d4278c0032589b6bdf0aa8e7,c06eb7db89850d2d,False
img_003846,e:\Final_Project\Pnuemonia_Detection\data\raw_datasets\dataset_1\train\PNEUMONIA\BACTERIA-7700975-0003.jpeg,dataset_1,PNEUMONIA,BACTERIAL,1,fc4da8b1a4805006d1b380cdeafd4c7d813083cef048425e9ceeac6188f68bf2,912dc71eb84a3dc9,False
img_000424,e:\Final_Project\Pnuemonia_Detection\data\raw_datasets\dataset_1\test\PNEUMONIA\BACTERIA-8285922-0004.jpeg,dataset_1,PNEUMONIA,BACTERIAL,1,dfb4e7b7b96746cde5796d473f1667680020b2ca38cc7d69757c7a3f7e2a7f90,d52bc71e9e422d25,False
img_000830,e:\Final_Project\Pnuemonia_Detection\data\raw_datasets\dataset_1\train\NORMAL\NORMAL-2416577-0004.jpeg,dataset_1,NORMAL,NORMAL,0,0476e185b061da8323947182932e45837b92e52327065d712546da14a8b50158,9d7d070a096c78ed,False
img_002247,e:\Final_Project\Pnuemonia_Detection\data\raw_datasets\dataset_1\train\PNEUMONIA\BACTERIA-2047959-0001.jpeg,dataset_1,PNEUMONIA,BACTERIAL,1,2fb8df138ecc5f9d1f5743596195a732ee5f01fd1d8b5c941cfed5a0fc9ade04,80aff35fc20b1c4d,False
img_003115,e:\Final_Project\Pnuemonia_Detection\data\raw_datasets\dataset_1\train\PNEUMONIA\BACTERIA-5100521-0001.jpeg,dataset_1,PNEUMONIA,BACTERIAL,1,53bf6b682ff1a56a63d4caeb49016ad8edb68bf519dc2b0901339ba3fa836c77,913fe27c544a3978,False
img_002257,e:\Final_Project\Pnuemonia_Detection\data\raw_datasets\dataset_1\train\PNEUMONIA\BACTERIA-2086283-0001.jpeg,dataset_1,PNEUMONIA,BACTERIAL,1,9ead84cbce8fe5a74c08545d7c9b559a281a85a9ed9ad73310a935e59c61429d,d46e2f5d5c0c4c6c,False
img_000613,e:\Final_Project\Pnuemonia_Detection\data\raw_datasets\dataset_1\test\PNEUMONIA\VIRUS-904779-0001.jpeg,dataset_1,PNEUMONIA,VIRAL,2,2afc2f379e583e0fb31c5c716aae17eeb4474bce6877b3a5520ccf686379a94a,902bc63af9593969,False
img_004427,e:\Final_Project\Pnuemonia_Detection\data\raw_datasets\dataset_1\train\PNEUMONIA\BACTERIA-9594118-0001.jpeg,dataset_1,PNEUMONIA,BACTERIAL,1,1a05c8c84d85254ad0e4970bcd080be7049f028abb3d90fdf6745ca0d844be87,953fe018b5c2bcb2,False
img_005079,e:\Final_Project\Pnuemonia_Detection\data\raw_datasets\dataset_1\train\PNEUMONIA\VIRUS-4805974-0002.jpeg,dataset_1,PNEUMONIA,VIRAL,2,738f38c39ef7dfc9fec343f88d76c77dd7f278bb2acf9b00d770a9dc63be01dc,c0adb61f530f4b0e,False
img_001385,e:\Final_Project\Pnuemonia_Detection\data\raw_datasets\dataset_1\train\NORMAL\NORMAL-6143989-0001.jpeg,dataset_1,NORMAL,NORMAL,0,56a27f41096f90d756cf161be2e7d87dcf2b01dee0841160bff2827af9f6c52e,9165863aed78296d,False
img_003856,e:\Final_Project\Pnuemonia_Detection\data\raw_datasets\dataset_1\train\PNEUMONIA\BACTERIA-7718116-0007.jpeg,dataset_1,PNEUMONIA,BACTERIAL,1,2c0e01cc72921189e599b564bacb9e80c3f7a47e3ce798abd9c9dabb045fb718,916a8e3f1f1c311d,False
img_002349,e:\Final_Project\Pnuemonia_Detection\data\raw_datasets\dataset_1\train\PNEUMONIA\BACTERIA-2410320-0001.jpeg,dataset_1,PNEUMONIA,BACTERIAL,1,da039944125f54b1ee89d1b37f2de4747591b486dea6591aa49362adf43fdac9,cb9e6c8b6c8a6c49,False
img_004189,e:\Final_Project\Pnuemonia_Detection\data\raw_datasets\dataset_1\train\PNEUMONIA\BACTERIA-871322-0001.jpeg,dataset_1,PNEUMONIA,BACTERIAL,1,b02536914faa887e733dcfac1ec42de33b267780e4678b33f216fa0184bc7711,d028e25fd35d7849,False
img_003289,e:\Final_Project\Pnuemonia_Detection\data\raw_datasets\dataset_1\train\PNEUMONIA\BACTERIA-556216-0005.jpeg,dataset_1,PNEUMONIA,BACTERIAL,1,28f5bd71867ae9cdc5d20c16020744a5832b9894ac65035c5d83a45621dbebd7,c02b8b0a8a3ef67d,False
img_000175,e:\Final_Project\Pnuemonia_Detection\data\raw_datasets\dataset_1\test\NORMAL\NORMAL-7100645-0001.jpeg,dataset_1,NORMAL,NORMAL,0,9eba025033ae7d1a073afb5911e5d0e7c4927f417f4105d9b16e0937f7df9d44,91e5861a8b79b94d,False
img_001795,e:\Final_Project\Pnuemonia_Detection\data\raw_datasets\dataset_1\train\NORMAL\NORMAL-8903542-0001.jpeg,dataset_1,NORMAL,NORMAL,0,78d4a0349854fce9c240ff20852191e36c3d8bb838e1ce1686657e32d078a7ae,d03bc71abcf0389c,False
img_001471,e:\Final_Project\Pnuemonia_Detection\data\raw_datasets\dataset_1\train\NORMAL\NORMAL-6882169-0001.jpeg,dataset_1,NORMAL,NORMAL,0,98d9a4ec3b019be4510b1c5de733bc578123e58e756152fa14a0bd08d9dcf974,912bc63ae87939c9,False
img_005598,e:\Final_Project\Pnuemonia_Detection\data\raw_datasets\dataset_1\train\PNEUMONIA\VIRUS-8241424-0008.jpeg,dataset_1,PNEUMONIA,VIRAL,2,628e2e580e7fa348c8e84214d14d25ec24545a9c9651bedab075308314bc0dc4,c07ae41ae7966b85,False
img_000556,e:\Final_Project\Pnuemonia_Detection\data\raw_datasets\dataset_1\test\PNEUMONIA\VIRUS-5366974-0001.jpeg,dataset_1,PNEUMONIA,VIRAL,2,71ce0f0e29a2a2a16d0afb5c889cbcd7cfeceeafdc067f2321fe06f45474bd3b,d464e21be31fa847,False
img_002772,e:\Final_Project\Pnuemonia_Detection\data\raw_datasets\dataset_1\train\PNEUMONIA\BACTERIA-3879015-0002.jpeg,dataset_1,PNEUMONIA,BACTERIAL,1,34857d2d026e13157afed84f0ee708465de549d9fed7e9b7311bc7442d551d7a,954bc32de81cd89b,False
img_005356,e:\Final_Project\Pnuemonia_Detection\data\raw_datasets\dataset_1\train\PNEUMONIA\VIRUS-654117-0002.jpeg,dataset_1,PNEUMONIA,VIRAL,2,6fcd3242f0639b86a97bc05b8392eb94bb88978036ae15afa0ca81d024db8398,916dc75ac5192c4f,False
img_000609,e:\Final_Project\Pnuemonia_Detection\data\raw_datasets\dataset_1\test\PNEUMONIA\VIRUS-874167-0001.jpeg,dataset_1,PNEUMONIA,VIRAL,2,f4280a7b7474044b964e66ca9bded6de05f86348234087a9bb568ce6c63327f8,c116e79e6cc73a81,False
img_003214,e:\Final_Project\Pnuemonia_Detection\data\raw_datasets\dataset_1\train\PNEUMONIA\BACTERIA-5326583-0001.jpeg,dataset_1,PNEUMONIA,BACTERIAL,1,a9c91e5e82e2b4e795b53c78682d9b74a12733c7cdbb8f23ea36036c2e97a4e2,802b7f5cf84a3ae8,False
img_005526,e:\Final_Project\Pnuemonia_Detection\data\raw_datasets\dataset_1\train\PNEUMONIA\VIRUS-7777605-0001.jpeg,dataset_1,PNEUMONIA,VIRAL,2,ad77f408a02395fbab3d241b4f646bd896b0ab385ff7f44b8936fec2f0880aeb,9135c73ec20b3ac7,False
img_005397,e:\Final_Project\Pnuemonia_Detection\data\raw_datasets\dataset_1\train\PNEUMONIA\VIRUS-6760822-0005.jpeg,dataset_1,PNEUMONIA,VIRAL,2,e5985d5d9a898b2039687e93d00adcb647982540cf55562b095fe6e9354b0dbc,812bc4463fd449bf,False
img_001292,e:\Final_Project\Pnuemonia_Detection\data\raw_datasets\dataset_1\train\NORMAL\NORMAL-5571242-0002.jpeg,dataset_1,NORMAL,NORMAL,0,0ece423b4206e377360275cedce4f305ac09a8ac486ed65f883a5c5c77a3a0b5,912ad65a5c597971,False
img_000296,e:\Final_Project\Pnuemonia_Detection\data\raw_datasets\dataset_1\test\PNEUMONIA\BACTERIA-3865791-0003.jpeg,dataset_1,PNEUMONIA,BACTERIAL,1,463177af6a7e92bb5f053439a02ef42f8a45bb9e35a89029122d207efc489ee0,916bc2185b7a786b,False
img_004617,e:\Final_Project\Pnuemonia_Detection\data\raw_datasets\dataset_1\train\PNEUMONIA\VIRUS-1658029-0002.jpeg,dataset_1,PNEUMONIA,VIRAL,2,5da9745f696f3b451fc1a7b363f337a147ac202f2bf9613f7ac4a122e8d509fa,91b5c31eec4ab4c9,False
img_003831,e:\Final_Project\Pnuemonia_Detection\data\raw_datasets\dataset_1\train\PNEUMONIA\BACTERIA-7630183-0007.jpeg,dataset_1,PNEUMONIA,BACTERIAL,1,0db5250c9dac39d3d395248b0679af2c997b626a6f507c254af9a185acf763df,906eaf0a834b3d4f,False
img_000366,e:\Final_Project\Pnuemonia_Detection\data\raw_datasets\dataset_1\test\PNEUMONIA\BACTERIA-5660566-0006.jpeg,dataset_1,PNEUMONIA,BACTERIAL,1,abebfa983db758f0d5fe2180efbccbb774b53ead648e3841f555604063233328,9eebaddd81104b4a,False
img_002160,e:\Final_Project\Pnuemonia_Detection\data\raw_datasets\dataset_1\train\PNEUMONIA\BACTERIA-1734791-0001.jpeg,dataset_1,PNEUMONIA,BACTERIAL,1,74a8a6c88737e4f4e90283058786fa6df42403e71cceb2823eb3661972d8b369,d078c239e1cfb8c5,False
img_005713,e:\Final_Project\Pnuemonia_Detection\data\raw_datasets\dataset_1\train\PNEUMONIA\VIRUS-8995871-0003.jpeg,dataset_1,PNEUMONIA,VIRAL,2,c33caf5ba10e8433f1b62799105160620710e2c9a06c10782cd30cdbdaf7ea69,d03fa66b99c36930,False
img_002343,e:\Final_Project\Pnuemonia_Detection\data\raw_datasets\dataset_1\train\PNEUMONIA\BACTERIA-2394612-0001.jpeg,dataset_1,PNEUMONIA,BACTERIAL,1,c8700f9ce2ed4bfe7ff09562d50d34eb44aebcb49ef6b1170c6762e5a077ec89,9045c31ef2c73df0,False
img_005426,e:\Final_Project\Pnuemonia_Detection\data\raw_datasets\dataset_1\train\PNEUMONIA\VIRUS-700778-0002.jpeg,dataset_1,PNEUMONIA,VIRAL,2,1abfb87a6c8dec28d6c1932ed9218fcaa59aa4320c1efa6270b1e634451ab8cc,c47ea32fc1974991,False
img_001706,e:\Final_Project\Pnuemonia_Detection\data\raw_datasets\dataset_1\train\NORMAL\NORMAL-8272933-0001.jpeg,dataset_1,NORMAL,NORMAL,0,7f2889ba5d29387c8457134c947ff6edc2220ae0f03bfe3893f2ed1b6048491f,906dc71ae96f28c5,False
img_003931,e:\Final_Project\Pnuemonia_Detection\data\raw_datasets\dataset_1\train\PNEUMONIA\BACTERIA-7942103-0007.jpeg,dataset_1,PNEUMONIA,BACTERIAL,1,42f728c38b2f5965767d26f110e2351104e0f4e25dd7af7fb07fc083cc128639,9165e61eca39656c,False
img_002316,e:\Final_Project\Pnuemonia_Detection\data\raw_datasets\dataset_1\train\PNEUMONIA\BACTERIA-2232831-0001.jpeg,dataset_1,PNEUMONIA,BACTERIAL,1,902571fbe2083abd935bea5e227245b43aac404f8215248b25f5a0cba9f184d3,802bc25efa5b394b,False
img_005716,e:\Final_Project\Pnuemonia_Detection\data\raw_datasets\dataset_1\train\PNEUMONIA\VIRUS-9028120-0003.jpeg,dataset_1,PNEUMONIA,VIRAL,2,2bb8c29cbbe528793db4f2e9322e66ddd2669bfa1ccc2f0c3fbbc053a7fffa5f,d42b6b2e1c4b3d1c,False
img_003189,e:\Final_Project\Pnuemonia_Detection\data\raw_datasets\dataset_1\train\PNEUMONIA\BACTERIA-5250831-0003.jpeg,dataset_1,PNEUMONIA,BACTERIAL,1,1819293e04af36bbc3e5725806d543ada5761bcdc40d458ce07e47f3e014c4e7,911a6f9676d21a78,False
img_000311,e:\Final_Project\Pnuemonia_Detection\data\raw_datasets\dataset_1\test\PNEUMONIA\BACTERIA-40699-0002.jpeg,dataset_1,PNEUMONIA,BACTERIAL,1,224e3dc54ef02ccf5991b58a115e4e23da48081e5ef7bfe46004852e91daa54e,913def3e4b1b0849,False
img_005635,e:\Final_Project\Pnuemonia_Detection\data\raw_datasets\dataset_1\train\PNEUMONIA\VIRUS-8451938-0002.jpeg,dataset_1,PNEUMONIA,VIRAL,2,195f854bf31261d9832fc1ae2427474a4127d4cb1a5058319066937e94b8d9b6,d0ffef1a00491c4f,False
img_000849,e:\Final_Project\Pnuemonia_Detection\data\raw_datasets\dataset_1\train\NORMAL\NORMAL-2541618-0001.jpeg,dataset_1,NORMAL,NORMAL,0,fc3f4df15364e10191061e6aa646d5ff7bd62d26bd77479d4e26138e9c2f121c,d43de63eed2c3840,False
img_005581,e:\Final_Project\Pnuemonia_Detection\data\raw_datasets\dataset_1\train\PNEUMONIA\VIRUS-8096528-0002.jpeg,dataset_1,PNEUMONIA,VIRAL,2,33d71a43cb89d5e217491914c28db6cbb1fa6bf2ae526e51520780e9fb1e9ed9,d47ea73f8f1c2880,False
img_001432,e:\Final_Project\Pnuemonia_Detection\data\raw_datasets\dataset_1\train\NORMAL\NORMAL-6505040-0001.jpeg,dataset_1,NORMAL,NORMAL,0,1ae8d4e5dda2781bfb0a54d9a79bb805aa561b4812af3908460473e4a93e1482,d474c31baded3824,False
img_003400,e:\Final_Project\Pnuemonia_Detection\data\raw_datasets\dataset_1\train\PNEUMONIA\BACTERIA-5973423-0001.jpeg,dataset_1,PNEUMONIA,BACTERIAL,1,be6b9617a34e456f70569345e14f74c56f5b23657455aa74012157e8e514822f,953ad81cd08f9ec5,False
img_004411,e:\Final_Project\Pnuemonia_Detection\data\raw_datasets\dataset_1\train\PNEUMONIA\BACTERIA-9561808-0001.jpeg,dataset_1,PNEUMONIA,BACTERIAL,1,0ade4db09c2080f59e2fcbf57fc6bcdbb1a45a46b3ad97fb91efac57e5a7131b,d06b85175f5a4aaa,False
img_000895,e:\Final_Project\Pnuemonia_Detection\data\raw_datasets\dataset_1\train\NORMAL\NORMAL-2808220-0001.jpeg,dataset_1,NORMAL,NORMAL,0,8dc03ab59fae781a1b126e68212739a29321b1eec21850f755828d4af30613ae,c82bd65edf4815c2,False
img_005346,e:\Final_Project\Pnuemonia_Detection\data\raw_datasets\dataset_1\train\PNEUMONIA\VIRUS-6472362-0001.jpeg,dataset_1,PNEUMONIA,VIRAL,2,8fd27ae6a6b9a311387588bc2410d752216109fab3a6bc15a20d69e6a384b1ce,812bc60e0ce87f7b,False
img_005070,e:\Final_Project\Pnuemonia_Detection\data\raw_datasets\dataset_1\train\PNEUMONIA\VIRUS-4749901-0002.jpeg,dataset_1,PNEUMONIA,VIRAL,2,4f46986e1b8010683194684533e33fb6c73cb867efe42369666e4f61b6f60ad1,d46bef1afa486890,False
img_005681,e:\Final_Project\Pnuemonia_Detection\data\raw_datasets\dataset_1\train\PNEUMONIA\VIRUS-8716601-0001.jpeg,dataset_1,PNEUMONIA,VIRAL,2,81198617f28fbb40590bfbb1ceb95fd3c0ee3d3d37684e83cdcac3f901d1cb08,dd3fc34f155b1880,False
img_001796,e:\Final_Project\Pnuemonia_Detection\data\raw_datasets\dataset_1\train\NORMAL\NORMAL-8916558-0001.jpeg,dataset_1,NORMAL,NORMAL,0,45428d5cb1046aa915ef146c5a0c914ac7e01db454fa025629c46671686daf01,917ce73aab1d282c,False
img_001952,e:\Final_Project\Pnuemonia_Detection\data\raw_datasets\dataset_1\train\NORMAL\NORMAL-9867990-0002.jpeg,dataset_1,NORMAL,NORMAL,0,1866837b2810f866cb9eb819dfd7d61422395fb81b2c496ca60c0d9bf033e98b,90bcc75f5249385e,False
img_005665,e:\Final_Project\Pnuemonia_Detection\data\raw_datasets\dataset_1\train\PNEUMONIA\VIRUS-8614051-0001.jpeg,dataset_1,PNEUMONIA,VIRAL,2,1006596953f3107e71916b8dd82cd301f4e23704b8dea0af29eafb7a2f8eee0b,d46fa30b8b1b861e,False
img_003477,e:\Final_Project\Pnuemonia_Detection\data\raw_datasets\dataset_1\train\PNEUMONIA\BACTERIA-6257908-0002.jpeg,dataset_1,PNEUMONIA,BACTERIAL,1,8de8d7b399e56e99eab4642bbef0b515a4b18e2043f6810bdc47ddcd96b61b22,9561e33fc40fb143,False
img_004392,e:\Final_Project\Pnuemonia_Detection\data\raw_datasets\dataset_1\train\PNEUMONIA\BACTERIA-9527033-0001.jpeg,dataset_1,PNEUMONIA,BACTERIAL,1,860e92ab852e2306be31a71ae4fa45aa32d28500ac9e2ebd32c1dd9a4981403d,d4a7070b873d8769,False
img_002102,e:\Final_Project\Pnuemonia_Detection\data\raw_datasets\dataset_1\train\PNEUMONIA\BACTERIA-1546263-0002.jpeg,dataset_1,PNEUMONIA,BACTERIAL,1,f22e8955d5a32fa006138a5020316c4dbf33fbfed2f5335e54dab59a9bb8f887,d96dc61e924f304b,False
img_001438,e:\Final_Project\Pnuemonia_Detection\data\raw_datasets\dataset_1\train\NORMAL\NORMAL-6534324-0001.jpeg,dataset_1,NORMAL,NORMAL,0,1b22c2bc40a9778cd19058f8ab58bf1f0aee37ca27455690d0e25d9178adbc55,d03dea3d3c49493c,False
img_005737,e:\Final_Project\Pnuemonia_Detection\data\raw_datasets\dataset_1\train\PNEUMONIA\VIRUS-9176369-0002.jpeg,dataset_1,PNEUMONIA,VIRAL,2,06bb95c484c0cac726bacfff293f1a5c3a78b7e653a76b31d1be28f3b502be2c,907f07180d5d5f47,False
img_000961,e:\Final_Project\Pnuemonia_Detection\data\raw_datasets\dataset_1\train\NORMAL\NORMAL-3342765-0001.jpeg,dataset_1,NORMAL,NORMAL,0,43ed7909c169fb5db326e54219c0319935172d17b73131e6ade6beaef95c8d9e,81a9c63ab9693979,False
img_001072,e:\Final_Project\Pnuemonia_Detection\data\raw_datasets\dataset_1\train\NORMAL\NORMAL-3949386-0002.jpeg,dataset_1,NORMAL,NORMAL,0,b4452b905c14ed7d5929e31ef32be1fe00c997a97ca851aea5e518545d5ad869,983bd65a5a5b1859,False
img_001502,e:\Final_Project\Pnuemonia_Detection\data\raw_datasets\dataset_1\train\NORMAL\NORMAL-6974833-0001.jpeg,dataset_1,NORMAL,NORMAL,0,285bfec58c534a1175834048bf6d235d09d9f4c1772faff2d525e41187ab8885,d43eef1f14141ec4,False
img_001042,e:\Final_Project\Pnuemonia_Detection\data\raw_datasets\dataset_1\train\NORMAL\NORMAL-3848106-0002.jpeg,dataset_1,NORMAL,NORMAL,0,a3e823154f7255dea8c75901b806bcbbd2f5ce5ba9e8e1b2357f67f8a3f82968,816e471a4f4f59c5,False
img_000820,e:\Final_Project\Pnuemonia_Detection\data\raw_datasets\dataset_1\train\NORMAL\NORMAL-2394904-0001.jpeg,dataset_1,NORMAL,NORMAL,0,1e703a2ddf64e5e7fa4091d3fbb4588d7ce3369824199e38bd41d184d4f2f4b6,9839c65ada591979,False
img_005047,e:\Final_Project\Pnuemonia_Detection\data\raw_datasets\dataset_1\train\PNEUMONIA\VIRUS-463487-0006.jpeg,dataset_1,PNEUMONIA,VIRAL,2,fa2deeda3fb0b2efe060a4d7d2c2bbf7ea1b53ca013eaf79efa0e0830bbfb78a,d0297a535f5e5a28,False
img_004364,e:\Final_Project\Pnuemonia_Detection\data\raw_datasets\dataset_1\train\PNEUMONIA\BACTERIA-940302-0001.jpeg,dataset_1,PNEUMONIA,BACTERIAL,1,fcc053bebcbcbcb08afa60b2d7fe7f8b4db7bb7f4f213916dd44bbe8ef63be3f,956de638e16969c4,False
img_004449,e:\Final_Project\Pnuemonia_Detection\data\raw_datasets\dataset_1\train\PNEUMONIA\BACTERIA-9674936-0002.jpeg,dataset_1,PNEUMONIA,BACTERIAL,1,849d4f6f6b45547f0d3ade43c46c11e4c4881427f10e6fc4f57ab348a0f15155,956be41af67a3043,False
img_001590,e:\Final_Project\Pnuemonia_Detection\data\raw_datasets\dataset_1\train\NORMAL\NORMAL-7397628-0001.jpeg,dataset_1,NORMAL,NORMAL,0,083594c32be1179dc9c3cd4d2e38983996906a4608b7196ba594e05f7077a2f3,957cc71acd0d6887,False
img_003763,e:\Final_Project\Pnuemonia_Detection\data\raw_datasets\dataset_1\train\PNEUMONIA\BACTERIA-7421161-0001.jpeg,dataset_1,PNEUMONIA,BACTERIAL,1,2e369011f1bf11cb14c91dd841fec948cf07a326e1556267ba4fbfd5ada78bc7,947ce50e078f1f89,False
img_003825,e:\Final_Project\Pnuemonia_Detection\data\raw_datasets\dataset_1\train\PNEUMONIA\BACTERIA-7630183-0001.jpeg,dataset_1,PNEUMONIA,BACTERIAL,1,61564f2a645da30bba3ea60fa1ba445e10b07ca550bd52558e61f4fb3e23361e,917fea1cd61e1c42,False
img_004739,e:\Final_Project\Pnuemonia_Detection\data\raw_datasets\dataset_1\train\PNEUMONIA\VIRUS-2627817-0002.jpeg,dataset_1,PNEUMONIA,VIRAL,2,8b7e7909a5db53422fa9ebb1d5b9cbc8a63b6bf81c6b6fd72da78bbe0f39683f,917daf3a891d380d,False
img_000505,e:\Final_Project\Pnuemonia_Detection\data\raw_datasets\dataset_1\test\PNEUMONIA\VIRUS-2831144-0001.jpeg,dataset_1,PNEUMONIA,VIRAL,2,22eac1cbb24757b52733f74888ddae10eba536cf5e1a1a0648662080accbaa65,d065c33bc73b812b,False
img_001828,e:\Final_Project\Pnuemonia_Detection\data\raw_datasets\dataset_1\train\NORMAL\NORMAL-9046472-0001.jpeg,dataset_1,NORMAL,NORMAL,0,c8f3430b33c714bbf9c310d653adf2852186d8c3abdb1a40024fce4bfa75f87f,d56fa70a4d4d6c44,False
img_005796,e:\Final_Project\Pnuemonia_Detection\data\raw_datasets\dataset_1\train\PNEUMONIA\VIRUS-9561808-0002.jpeg,dataset_1,PNEUMONIA,VIRAL,2,d28dc9d970f7f6964fca52aa1056e819684ec81375b87b393fae529b07bd7b6b,d07ae51f6a971609,False
img_000765,e:\Final_Project\Pnuemonia_Detection\data\raw_datasets\dataset_1\train\NORMAL\NORMAL-2048417-0002.jpeg,dataset_1,NORMAL,NORMAL,0,271e69a7f892d6c2dab30b07d0f9de3938b14b6d047974602da142af8a1524cd,d1a9c21eda793869,False
img_004170,e:\Final_Project\Pnuemonia_Detection\data\raw_datasets\dataset_1\train\PNEUMONIA\BACTERIA-8660561-0009.jpeg,dataset_1,PNEUMONIA,BACTERIAL,1,6842590fa04309933b633613133c8a3b4e92973cea1c0e8bcf25fb33fa67917f,c46eb71b9519b438,False
img_003008,e:\Final_Project\Pnuemonia_Detection\data\raw_datasets\dataset_1\train\PNEUMONIA\BACTERIA-4647402-0002.jpeg,dataset_1,PNEUMONIA,BACTERIAL,1,10d67a51c784bfa2a6c05b5732e9dffc9784b10cf53e4355ac4d2a101df2e7d9,91a7c63edaca38c2,False
img_005802,e:\Final_Project\Pnuemonia_Detection\data\raw_datasets\dataset_1\train\PNEUMONIA\VIRUS-960851-0006.jpeg,dataset_1,PNEUMONIA,VIRAL,2,b2f44a09b24c3d0faaebda72407398a1b4477ae32521501d6dc0ea91b5b07eac,d4aeab3b8f1c440d,False
img_002466,e:\Final_Project\Pnuemonia_Detection\data\raw_datasets\dataset_1\train\PNEUMONIA\BACTERIA-2823102-0001.jpeg,dataset_1,PNEUMONIA,BACTERIAL,1,2e5ec33419284b5b23f2650400f78b80a293dba27ce62117f51f32dea5735a74,d470e71bc6936991,False
img_002173,e:\Final_Project\Pnuemonia_Detection\data\raw_datasets\dataset_1\train\PNEUMONIA\BACTERIA-1777631-0001.jpeg,dataset_1,PNEUMONIA,BACTERIAL,1,65ffaf2dfe265e8bcf0e2fb8ddd56ac45eec569ae612f2dbf44b36eb7d28ff28,d53dc287eb3fa040,False
img_004685,e:\Final_Project\Pnuemonia_Detection\data\raw_datasets\dataset_1\train\PNEUMONIA\VIRUS-2279309-0001.jpeg,dataset_1,PNEUMONIA,VIRAL,2,c21a85c28eede03c2b97ce78340849c36cc6c813665b419b5dcfa44462295632,d0e4c65ac739855e,False
img_005776,e:\Final_Project\Pnuemonia_Detection\data\raw_datasets\dataset_1\train\PNEUMONIA\VIRUS-9412679-0001.jpeg,dataset_1,PNEUMONIA,VIRAL,2,171bc861a64d662a2e94a13e8d9aac2e84931b01520dc24589f82ab71e3a5756,d42b6b2f7c4e4c18,False
img_000838,e:\Final_Project\Pnuemonia_Detection\data\raw_datasets\dataset_1\train\NORMAL\NORMAL-2487179-0001.jpeg,dataset_1,NORMAL,NORMAL,0,e26b3ecafd45c46bb8ee302af4509183b3378005a5d6177c03efae1e3cfd5988,997bd65a181919d3,False
img_004921,e:\Final_Project\Pnuemonia_Detection\data\raw_datasets\dataset_1\train\PNEUMONIA\VIRUS-3818157-0002.jpeg,dataset_1,PNEUMONIA,VIRAL,2,f8f9b9f1fdfb1c3a68e1b017de354088030b2f6e1d50b128e7019e252dc36e98,91fea71a830f1987,False
img_005352,e:\Final_Project\Pnuemonia_Detection\data\raw_datasets\dataset_1\train\PNEUMONIA\VIRUS-6510775-0002.jpeg,dataset_1,PNEUMONIA,VIRAL,2,a5126182afdadb06ab8142dfd904d8e9e355c57a91ec16d166840eda33c171cc,8125c61af44fbce6,False
img_005033,e:\Final_Project\Pnuemonia_Detection\data\raw_datasets\dataset_1\train\PNEUMONIA\VIRUS-4590061-0006.jpeg,dataset_1,PNEUMONIA,VIRAL,2,9a65fca9f8134914ca924b356c8e8a7203500963ddb1e721fff0826f968e145a,d4ef870b852d6907,False
img_002850,e:\Final_Project\Pnuemonia_Detection\data\raw_datasets\dataset_1\train\PNEUMONIA\BACTERIA-4198099-0001.jpeg,dataset_1,PNEUMONIA,BACTERIAL,1,19e36917032b42249c29b2cc37377670d35fb1b39140c816c5b2bfd2dd76e80c,917fee3c90ca3a48,False
img_003643,e:\Final_Project\Pnuemonia_Detection\data\raw_datasets\dataset_1\train\PNEUMONIA\BACTERIA-6823523-0001.jpeg,dataset_1,PNEUMONIA,BACTERIAL,1,d5db402ea520ebb6a089327ee5baf3e4ee729030a3efa5ac6cecfc8a58557c92,942ea70f57431b53,False
img_000714,e:\Final_Project\Pnuemonia_Detection\data\raw_datasets\dataset_1\train\NORMAL\NORMAL-1702319-0001.jpeg,dataset_1,NORMAL,NORMAL,0,d71a505e3eaa9cfc0f245a18248191513de5371f0777228c2c4552c0cd067d20,917cc61a894d69d7,False
img_002052,e:\Final_Project\Pnuemonia_Detection\data\raw_datasets\dataset_1\train\PNEUMONIA\BACTERIA-1238555-0001.jpeg,dataset_1,PNEUMONIA,BACTERIAL,1,9b387be4a8df95aed14de51e9e80ceb5b156009c836e2eacf4356c8361eb95ff,956f071e0b1d4d6c,False
img_005362,e:\Final_Project\Pnuemonia_Detection\data\raw_datasets\dataset_1\train\PNEUMONIA\VIRUS-6565531-0006.jpeg,dataset_1,PNEUMONIA,VIRAL,2,a6e1f2fdd04364abb1f9d86a5ee2f08060e52c84432f3633aa45511841c47c68,986de73ac6389278,False
img_003354,e:\Final_Project\Pnuemonia_Detection\data\raw_datasets\dataset_1\train\PNEUMONIA\BACTERIA-5782277-0001.jpeg,dataset_1,PNEUMONIA,BACTERIAL,1,104271eab6010d476a90e4c80615e336ce4e9f44ac23863184f16b01341aee61,c12b3e7b79581991,False
img_002546,e:\Final_Project\Pnuemonia_Detection\data\raw_datasets\dataset_1\train\PNEUMONIA\BACTERIA-3129422-0001.jpeg,dataset_1,PNEUMONIA,BACTERIAL,1,fba5a812a4dc006e4b987fda3ecd6e0ee6bded8479a3ace90d9cbcfa3bb2080b,9174e638c73c91ce,False
img_005099,e:\Final_Project\Pnuemonia_Detection\data\raw_datasets\dataset_1\train\PNEUMONIA\VIRUS-500558-0001.jpeg,dataset_1,PNEUMONIA,VIRAL,2,8f310bc33116fd940a617046172656ecc5ed9d36422bdb709af580d7403ceb51,d4b4e31ba14b3c63,False
img_002150,e:\Final_Project\Pnuemonia_Detection\data\raw_datasets\dataset_1\train\PNEUMONIA\BACTERIA-1702310-0001.jpeg,dataset_1,PNEUMONIA,BACTERIAL,1,18257a0eb6b7b30111019b196c8aa76591bd7a49a430af7962cd2abe4cb9289f,d12be77fb4c28510,False
img_005168,e:\Final_Project\Pnuemonia_Detection\data\raw_datasets\dataset_1\train\PNEUMONIA\VIRUS-5372503-0001.jpeg,dataset_1,PNEUMONIA,VIRAL,2,23e34b38c8df8cc4e75ee0c515d8aa74cc22f9d92a6cfdedf52857e0bd4683c4,903fe71e944b3cc2,False
img_000266,e:\Final_Project\Pnuemonia_Detection\data\raw_datasets\dataset_1\test\PNEUMONIA\BACTERIA-2034017-0005.jpeg,dataset_1,PNEUMONIA,BACTERIAL,1,642a44334d7ce7df9eb46aa4f31feed64c84cf42c69fa61f1695bff6e82f518a,d06f2b1f8309e56c,False
img_000335,e:\Final_Project\Pnuemonia_Detection\data\raw_datasets\dataset_1\test\PNEUMONIA\BACTERIA-4345731-0003.jpeg,dataset_1,PNEUMONIA,BACTERIAL,1,26f20a46eef3d4f62ee9861cc9a3be0f814f2b781bce06e9b6744807f855393f,902fea3cd85f14c3,False
img_000200,e:\Final_Project\Pnuemonia_Detection\data\raw_datasets\dataset_1\test\NORMAL\NORMAL-8305321-0001.jpeg,dataset_1,NORMAL,NORMAL,0,d5d83bf9cd371fc57cbdb96332857d4863fbc0557ed6b54648016f472121af7c,946ca73acb1f6885,False
img_002951,e:\Final_Project\Pnuemonia_Detection\data\raw_datasets\dataset_1\train\PNEUMONIA\BACTERIA-4481822-0001.jpeg,dataset_1,PNEUMONIA,BACTERIAL,1,4d0eeda2f212900ea4e4a59c7c3af65decae39eed9229ecae83b0f4ecafb45b1,813e07051d1f4f5f,False
img_002545,e:\Final_Project\Pnuemonia_Detection\data\raw_datasets\dataset_1\train\PNEUMONIA\BACTERIA-3126174-0001.jpeg,dataset_1,PNEUMONIA,BACTERIAL,1,84850c567458b60c5b85a7edcf1892406fa4a14f158f836bc6c4c728dce9c856,d42be30e971b1743,False
img_002063,e:\Final_Project\Pnuemonia_Detection\data\raw_datasets\dataset_1\train\PNEUMONIA\BACTERIA-1281442-0003.jpeg,dataset_1,PNEUMONIA,BACTERIAL,1,a6b01605634da3736295b57b367c1cee47c9783c5ae74de35779a4f7db85cdb0,9d3ac71e901ab996,False
img_000986,e:\Final_Project\Pnuemonia_Detection\data\raw_datasets\dataset_1\train\NORMAL\NORMAL-3482198-0004.jpeg,dataset_1,NORMAL,NORMAL,0,77b1ea954a2fdcc7d2d2b26f35800585723f74c751bfd608d120650a13a93ea6,dd28c20b9d693d74,False
img_002013,e:\Final_Project\Pnuemonia_Detection\data\raw_datasets\dataset_1\train\PNEUMONIA\BACTERIA-1083680-0023.jpeg,dataset_1,PNEUMONIA,BACTERIAL,1,eb17ab7b6f63d0f0078c378a1cc1debbffffd6331cb2723f7169410a738287fa,947fef39a10c380e,False
img_005607,e:\Final_Project\Pnuemonia_Detection\data\raw_datasets\dataset_1\train\PNEUMONIA\VIRUS-8285776-0004.jpeg,dataset_1,PNEUMONIA,VIRAL,2,fb56874006cf7e338e06c00387731e059638d31afe694e502a77c1966b62d1fc,d062c61ecb1dc54f,False
img_000922,e:\Final_Project\Pnuemonia_Detection\data\raw_datasets\dataset_1\train\NORMAL\NORMAL-3072074-0001.jpeg,dataset_1,NORMAL,NORMAL,0,7cf7eed6282fea1b24f8569ea91cd28e17ac5e627e9e22483273ca36cc18d7da,987ad25e5d5918c5,False
img_003861,e:\Final_Project\Pnuemonia_Detection\data\raw_datasets\dataset_1\train\PNEUMONIA\BACTERIA-7721065-0004.jpeg,dataset_1,PNEUMONIA,BACTERIAL,1,9217ffd910b2b01554e4a8aeeba0ce52318bc3a67132c8ba7e3a995835d13c13,817e061e5f5d7868,False
img_000078,e:\Final_Project\Pnuemonia_Detection\data\raw_datasets\dataset_1\test\NORMAL\NORMAL-3837280-0001.jpeg,dataset_1,NORMAL,NORMAL,0,0b8604d497872028f6a8e6d68c98ab0efefe59e59872991305d0c71b38cfa1e8,d07cc73f8d4d2c84,False
img_000164,e:\Final_Project\Pnuemonia_Detection\data\raw_datasets\dataset_1\test\NORMAL\NORMAL-6650392-0001.jpeg,dataset_1,NORMAL,NORMAL,0,c9377d511e1e9caed0105ec7d89f7a0fc987c36c91fbe62a96740d4381a6fd0a,9168c738c95939cf,False
img_003187,e:\Final_Project\Pnuemonia_Detection\data\raw_datasets\dataset_1\train\PNEUMONIA\BACTERIA-5250831-0001.jpeg,dataset_1,PNEUMONIA,BACTERIAL,1,85d39de6a12284bf03bd14117aa402fc70fd80c07fcb54a4610ac47d220fa59c,9468edba821a9b4f,False
img_001966,e:\Final_Project\Pnuemonia_Detection\data\raw_datasets\dataset_1\train\NORMAL\NORMAL-9964713-0001.jpeg,dataset_1,NORMAL,NORMAL,0,6f1ef91b5feaf9acf40bb9ee64cfcdc65706ef3e420d1f6e05094a10e35b108c,d12cc71b8eca39d4,False
img_002392,e:\Final_Project\Pnuemonia_Detection\data\raw_datasets\dataset_1\train\PNEUMONIA\BACTERIA-254226-0002.jpeg,dataset_1,PNEUMONIA,BACTERIAL,1,7079c6140aa1a4a1c10e3bf453171229bd80e0d9b32aa94e1e1fec9b6082a831,95682e0a1dcf6dc6,False
img_004197,e:\Final_Project\Pnuemonia_Detection\data\raw_datasets\dataset_1\train\PNEUMONIA\BACTERIA-8738712-0004.jpeg,dataset_1,PNEUMONIA,BACTERIAL,1,086d2403aba5f87f0f96717c9f976a83773750acb778a72df5e5a16cd0de00ac,942a58055f5e5e5e,False
img_001890,e:\Final_Project\Pnuemonia_Detection\data\raw_datasets\dataset_1\train\NORMAL\NORMAL-9433686-0001.jpeg,dataset_1,NORMAL,NORMAL,0,b62475422df507f10adf8ad924ca477d95fc25dc0937af767a6fc1e254c07791,c083efcb68e0cbb8,False
img_002794,e:\Final_Project\Pnuemonia_Detection\data\raw_datasets\dataset_1\train\PNEUMONIA\BACTERIA-3956374-0002.jpeg,dataset_1,PNEUMONIA,BACTERIAL,1,a28f3f2859fe56329e8f9c784a02f5a9957d7505e7dc049b18c15b4f815a6222,90ebefbe861a811c,False
img_004303,e:\Final_Project\Pnuemonia_Detection\data\raw_datasets\dataset_1\train\PNEUMONIA\BACTERIA-9176919-0004.jpeg,dataset_1,PNEUMONIA,BACTERIAL,1,107025d5d0a6859ab74965233e9252239214053431a16b1db6bd3edddb05144a,957ee77ad41818c2,False
img_003649,e:\Final_Project\Pnuemonia_Detection\data\raw_datasets\dataset_1\train\PNEUMONIA\BACTERIA-6868991-0001.jpeg,dataset_1,PNEUMONIA,BACTERIAL,1,901971b615ed427a49409dbc99fd4cc7b10b6a052e78ec25d08fd756ca0787d5,912bee1c5e4b3961,False
img_001184,e:\Final_Project\Pnuemonia_Detection\data\raw_datasets\dataset_1\train\NORMAL\NORMAL-473372-0001.jpeg,dataset_1,NORMAL,NORMAL,0,6dfab4994b68bb02910b4b82b69136d06b1d9dbda32eda59f39ec47808ff4d01,d02dc63a5f6d1c4c,False
img_004515,e:\Final_Project\Pnuemonia_Detection\data\raw_datasets\dataset_1\train\PNEUMONIA\VIRUS-103798-0003.jpeg,dataset_1,PNEUMONIA,VIRAL,2,cb32b26dec4eff1db9b10d101cea931bf973689ad3be29d6928db62d8a069486,812bea5ed8595d49,False
img_001313,e:\Final_Project\Pnuemonia_Detection\data\raw_datasets\dataset_1\train\NORMAL\NORMAL-566227-0002.jpeg,dataset_1,NORMAL,NORMAL,0,688989c6884e6d21d95ab2a6d743abb72e905423a88905acecfdc399cfe54a2f,d46fa30b0b0b1eec,False
img_004343,e:\Final_Project\Pnuemonia_Detection\data\raw_datasets\dataset_1\train\PNEUMONIA\BACTERIA-9345113-0001.jpeg,dataset_1,PNEUMONIA,BACTERIAL,1,d0acce1a794e713bb7f98098dbd46b4cf30e728510344ff0715cf86c76d029f7,d42ae31f514b1f43,False
img_005785,e:\Final_Project\Pnuemonia_Detection\data\raw_datasets\dataset_1\train\PNEUMONIA\VIRUS-9496210-0006.jpeg,dataset_1,PNEUMONIA,VIRAL,2,8e0785a238c23a591dfb33c023dbc4d662d51a7bb5b3f23077b8ff290337a7e0,d02faf1e415d544e,False
img_001750,e:\Final_Project\Pnuemonia_Detection\data\raw_datasets\dataset_1\train\NORMAL\NORMAL-8571076-0002.jpeg,dataset_1,NORMAL,NORMAL,0,82f8997799f1357354b84611ed081cd78234ab28b8ac91e4f096eda0bfad351e,d939c61e584d1dc5,False
img_001664,e:\Final_Project\Pnuemonia_Detection\data\raw_datasets\dataset_1\train\NORMAL\NORMAL-7964343-0002.jpeg,dataset_1,NORMAL,NORMAL,0,bafb2404ccca62bc5673c33459528a83ade6130642c388747013032f986259ce,986fc71a875b144e,False
img_003365,e:\Final_Project\Pnuemonia_Detection\data\raw_datasets\dataset_1\train\PNEUMONIA\BACTERIA-5817596-0005.jpeg,dataset_1,PNEUMONIA,BACTERIAL,1,9c07ffbab99b6355b499ff1b2f21ba7d5745d83e8f8c72d4c0e98920d1598c2d,942aeb1fc51f1943,False
img_004036,e:\Final_Project\Pnuemonia_Detection\data\raw_datasets\dataset_1\train\PNEUMONIA\BACTERIA-8303986-0001.jpeg,dataset_1,PNEUMONIA,BACTERIAL,1,55cfc6c0bfd5b569f6dff419386ed1cccec314976b722cce170a62866c8aa87d,942faf1ac219e51d,False
img_005717,e:\Final_Project\Pnuemonia_Detection\data\raw_datasets\dataset_1\train\PNEUMONIA\VIRUS-9028120-0004.jpeg,dataset_1,PNEUMONIA,VIRAL,2,0f5da664cb8aaf783fdba06242799d2da296a2cb6c745a178c206d5214a8e600,d46f6f0e0f4b2c48,False
img_003343,e:\Final_Project\Pnuemonia_Detection\data\raw_datasets\dataset_1\train\PNEUMONIA\BACTERIA-5719837-0001.jpeg,dataset_1,PNEUMONIA,BACTERIAL,1,e8b2410ae1349981b9f515aebaae4eef2bee452ba5694be945c5ee4cebb4d71a,9f28eb2c1a473939,False
img_002131,e:\Final_Project\Pnuemonia_Detection\data\raw_datasets\dataset_1\train\PNEUMONIA\BACTERIA-1620679-0005.jpeg,dataset_1,PNEUMONIA,BACTERIAL,1,0655317e42226739a4e9740dd257f9557460373f1bb7cec3204f91c85b1a3740,902fe71e1c523d78,False
img_003836,e:\Final_Project\Pnuemonia_Detection\data\raw_datasets\dataset_1\train\PNEUMONIA\BACTERIA-7652732-0002.jpeg,dataset_1,PNEUMONIA,BACTERIAL,1,526e1f9bffff4ad9d0b2975f1105c3c3d0c38747b51014579acab665c2640de8,d02b635f5e481e6c,False
img_001978,e:\Final_Project\Pnuemonia_Detection\data\raw_datasets\dataset_1\train\PNEUMONIA\BACTERIA-103798-0001.jpeg,dataset_1,PNEUMONIA,BACTERIAL,1,c092086e4e7f2a1bb9a4c84ea6212164caa18c2f05e0151ff950a59be804997f,906f6a5ec24a78ea,False
img_003270,e:\Final_Project\Pnuemonia_Detection\data\raw_datasets\dataset_1\train\PNEUMONIA\BACTERIA-5510638-0001.jpeg,dataset_1,PNEUMONIA,BACTERIAL,1,a0c74b73051b024abd3584bf637aea8be3eaad09316ae5fcd85d3a1a6e791b0b,97eb873d841a5195,False
img_002468,e:\Final_Project\Pnuemonia_Detection\data\raw_datasets\dataset_1\train\PNEUMONIA\BACTERIA-2828734-0001.jpeg,dataset_1,PNEUMONIA,BACTERIAL,1,acf78e48c415a172d350f293d6793e51c0d5b980f97255227722122e5df53aee,9437c79e929a90cb,False
img_001030,e:\Final_Project\Pnuemonia_Detection\data\raw_datasets\dataset_1\train\NORMAL\NORMAL-3780378-0003.jpeg,dataset_1,NORMAL,NORMAL,0,e8c3aafefcab04fc3216af171d22d521974d00d16aa3bd832d1188665449f669,d565c74be9c568c0,False
img_005811,e:\Final_Project\Pnuemonia_Detection\data\raw_datasets\dataset_1\train\PNEUMONIA\VIRUS-9633130-0001.jpeg,dataset_1,PNEUMONIA,VIRAL,2,2a062c950194a96128115292c74d9eedfaa49b68bbedcfec6390e6293e7a0116,80ade35d5cd25e70,False
img_003640,e:\Final_Project\Pnuemonia_Detection\data\raw_datasets\dataset_1\train\PNEUMONIA\BACTERIA-6801028-0001.jpeg,dataset_1,PNEUMONIA,BACTERIAL,1,57eb9070220585c53c957cb8bd3d802211a068b7dacfd81e4d8081bbe0999f64,d47fe71e980b1990,False
img_004370,e:\Final_Project\Pnuemonia_Detection\data\raw_datasets\dataset_1\train\PNEUMONIA\BACTERIA-9424776-0005.jpeg,dataset_1,PNEUMONIA,BACTERIAL,1,6a945c12b3a61412eaefc2ace3f3608de45443c4dfb36045c4e5d7fca0103df4,d17fc63a925e3882,False
img_001634,e:\Final_Project\Pnuemonia_Detection\data\raw_datasets\dataset_1\train\NORMAL\NORMAL-7717043-0001.jpeg,dataset_1,NORMAL,NORMAL,0,9d5e10c4c735aa1aebb9298aa08b1f317a439785cdceffec2dc22c5d1ccfb550,c0eeeb7e4d5448c2,False
img_004765,e:\Final_Project\Pnuemonia_Detection\data\raw_datasets\dataset_1\train\PNEUMONIA\VIRUS-2756379-0003.jpeg,dataset_1,PNEUMONIA,VIRAL,2,13ba095bea736cec72b19ce6b349890079c7846e4b17b31d50726dab20e2fc9c,9c2a515b5d581e9b,False
img_003257,e:\Final_Project\Pnuemonia_Detection\data\raw_datasets\dataset_1\train\PNEUMONIA\BACTERIA-5465856-0002.jpeg,dataset_1,PNEUMONIA,BACTERIAL,1,ea0f51190bf9f35dd389160e6ba5355400f3d273993e793f7fed61efc6f4379b,906be23ac878c97b,False
img_005377,e:\Final_Project\Pnuemonia_Detection\data\raw_datasets\dataset_1\train\PNEUMONIA\VIRUS-6678407-0002.jpeg,dataset_1,PNEUMONIA,VIRAL,2,9c5a918741e21f5e3e7dd430151e59876a47c86456d0a37a09f125280d29cebb,d025c33fe93d6825,False
img_003432,e:\Final_Project\Pnuemonia_Detection\data\raw_datasets\dataset_1\train\PNEUMONIA\BACTERIA-6076468-0006.jpeg,dataset_1,PNEUMONIA,BACTERIAL,1,8dd272b3fe5ec3f47f41c3b869694584ff7a8c68fc3893ff794ed71201f26c3c,90ede21eca4edc49,False
img_000192,e:\Final_Project\Pnuemonia_Detection\data\raw_datasets\dataset_1\test\NORMAL\NORMAL-78265-0001.jpeg,dataset_1,NORMAL,NORMAL,0,25d30b2606243e6852f5c3d4d2c1381a5bdbb885bd5b5fa9557409ee42a5d55f,95618679394c79cd,False
img_001568,e:\Final_Project\Pnuemonia_Detection\data\raw_datasets\dataset_1\train\NORMAL\NORMAL-7274084-0001.jpeg,dataset_1,NORMAL,NORMAL,0,575539dd694c7d1126f3ff9fb2b64b99815c9f32e8b9afccea5bf9ff727bf051,813aee189c7dbcc4,False
img_003585,e:\Final_Project\Pnuemonia_Detection\data\raw_datasets\dataset_1\train\PNEUMONIA\BACTERIA-6587932-0001.jpeg,dataset_1,PNEUMONIA,BACTERIAL,1,0ea3c4d34898f53765996f140546b2a74b72aa44de3467fa42466a9fddd0bebb,906aaf0f870dc73c,False
img_003728,e:\Final_Project\Pnuemonia_Detection\data\raw_datasets\dataset_1\train\PNEUMONIA\BACTERIA-7228072-0001.jpeg,dataset_1,PNEUMONIA,BACTERIAL,1,461b46cb4ac87667ebed187ac91325d4fdce4c02d14e2532b18a3dd12694e7b6,d464c33b871b916b,False
img_001899,e:\Final_Project\Pnuemonia_Detection\data\raw_datasets\dataset_1\train\NORMAL\NORMAL-9487573-0001.jpeg,dataset_1,NORMAL,NORMAL,0,f83d948a99bfa5bf2bdde3eabfe3ec0167b14bc9f99bec7591383da9373c26de,816ae71aedc96cc4,False
img_000279,e:\Final_Project\Pnuemonia_Detection\data\raw_datasets\dataset_1\test\PNEUMONIA\BACTERIA-2772694-0002.jpeg,dataset_1,PNEUMONIA,BACTERIAL,1,35727ab10016b89d676fdf4760ae391ad7fae6f660d0bb71d73519c9a9f93eef,882ae75fc34f2983,False
img_002117,e:\Final_Project\Pnuemonia_Detection\data\raw_datasets\dataset_1\train\PNEUMONIA\BACTERIA-1584380-0003.jpeg,dataset_1,PNEUMONIA,BACTERIAL,1,a5c7659188224af32e7e682df4195c597ab87736391af8658ead54d66ba8ed45,9520e31ec31ee54f,False
img_003253,e:\Final_Project\Pnuemonia_Detection\data\raw_datasets\dataset_1\train\PNEUMONIA\BACTERIA-5454799-0001.jpeg,dataset_1,PNEUMONIA,BACTERIAL,1,498f75a5e92def993cd4dc6956244e42dd0628e00ef1762ff767835adcd6c87a,d12bf756524a5c4a,False
img_002456,e:\Final_Project\Pnuemonia_Detection\data\raw_datasets\dataset_1\train\PNEUMONIA\BACTERIA-2793790-0002.jpeg,dataset_1,PNEUMONIA,BACTERIAL,1,b080a470921eac42ecd671ab0da4b373b49172ec3fb13d601fbf598bacf7dd54,dd7fe21094c23cb8,False
img_003264,e:\Final_Project\Pnuemonia_Detection\data\raw_datasets\dataset_1\train\PNEUMONIA\BACTERIA-5476259-0006.jpeg,dataset_1,PNEUMONIA,BACTERIAL,1,ad1e897e6d30e489f4e6a9faa8665355424d1efe83054b9d01752946b1e5ecab,906da516eb3e2a0f,False
img_004872,e:\Final_Project\Pnuemonia_Detection\data\raw_datasets\dataset_1\train\PNEUMONIA\VIRUS-3582443-0003.jpeg,dataset_1,PNEUMONIA,VIRAL,2,47244f9754791abd477be6d6328fec2961a57103fa5d723ace853b84d372bd3d,8125e62abcc2bfb1,False
img_004637,e:\Final_Project\Pnuemonia_Detection\data\raw_datasets\dataset_1\train\PNEUMONIA\VIRUS-1801584-0005.jpeg,dataset_1,PNEUMONIA,VIRAL,2,d038c6795d6207e59fcc592ae3ed26db5267dfccbd50e5def67254de0d748e02,d02faf0b5d4d5c44,False
img_001918,e:\Final_Project\Pnuemonia_Detection\data\raw_datasets\dataset_1\train\NORMAL\NORMAL-9697201-0001.jpeg,dataset_1,NORMAL,NORMAL,0,c140a88935fe887fb59a656b8d51484e3dc6cf8c11f29457a3cd5013d2432e34,9029c73af86939dc,False
img_000062,e:\Final_Project\Pnuemonia_Detection\data\raw_datasets\dataset_1\test\NORMAL\NORMAL-3395085-0001.jpeg,dataset_1,NORMAL,NORMAL,0,e10bf5a6ec2b76e9c7125d911282fcd871b4532f60ad23c94c0a2f09844f1afa,c525e708fd607d70,False
img_001997,e:\Final_Project\Pnuemonia_Detection\data\raw_datasets\dataset_1\train\PNEUMONIA\BACTERIA-1083680-0007.jpeg,dataset_1,PNEUMONIA,BACTERIAL,1,0a57b98126cf984e6e29ab548c9b1dfebe24481709d3b5acceac1bc39b785159,90aaee1dc73ec24a,False
img_002460,e:\Final_Project\Pnuemonia_Detection\data\raw_datasets\dataset_1\train\PNEUMONIA\BACTERIA-2801820-0001.jpeg,dataset_1,PNEUMONIA,BACTERIAL,1,ff924d7876b88a49deb471f40d20a009bf5c3f4e965a5fb8be73e11fcebc9b91,d165c61ec31bb24b,False
img_001807,e:\Final_Project\Pnuemonia_Detection\data\raw_datasets\dataset_1\train\NORMAL\NORMAL-8966740-0001.jpeg,dataset_1,NORMAL,NORMAL,0,ec5f2687b7951863fc2c33d71758dfe9b2d6b6be088d152b952632f834d146ee,d46ec75bcd2468e0,False
img_001961,e:\Final_Project\Pnuemonia_Detection\data\raw_datasets\dataset_1\train\NORMAL\NORMAL-9949669-0001.jpeg,dataset_1,NORMAL,NORMAL,0,b384c23f17d133be791fdf4a0efba78f73c8292ae3faa6bd16c6bd5e31275189,913dc3399cc939b1,False
img_003165,e:\Final_Project\Pnuemonia_Detection\data\raw_datasets\dataset_1\train\PNEUMONIA\BACTERIA-5202840-0001.jpeg,dataset_1,PNEUMONIA,BACTERIAL,1,543cd83117d7019fd09139c1ee79ed23155b6ae56a8400a295fcb634d6506d21,d128e25fd64e3c68,False
img_002618,e:\Final_Project\Pnuemonia_Detection\data\raw_datasets\dataset_1\train\PNEUMONIA\BACTERIA-3371316-0004.jpeg,dataset_1,PNEUMONIA,BACTERIAL,1,5df2679aca9141b59881e27b1159de522b1f8dd0df597ecb5edb62fcd14ed0d1,946aa379c734e856,False
img_003824,e:\Final_Project\Pnuemonia_Detection\data\raw_datasets\dataset_1\train\PNEUMONIA\BACTERIA-7628373-0001.jpeg,dataset_1,PNEUMONIA,BACTERIAL,1,348c728e5fbe4f94cd840408b77c990e0cd3375c36f22f68b3aa11f52ab232f7,d02f771cc31fc02b,False
img_002905,e:\Final_Project\Pnuemonia_Detection\data\raw_datasets\dataset_1\train\PNEUMONIA\BACTERIA-4371619-0001.jpeg,dataset_1,PNEUMONIA,BACTERIAL,1,6dc6448152d8ebae5b7dc8e71d58d0894071d645d58724dbbf587bd507daf4a2,d1fbc54a56423a4b,False
img_005470,e:\Final_Project\Pnuemonia_Detection\data\raw_datasets\dataset_1\train\PNEUMONIA\VIRUS-7338081-0002.jpeg,dataset_1,PNEUMONIA,VIRAL,2,55de538bd8dd72634186557cc227f2937355d5f17f551df76d51c38900d158fa,d07ac63ebc253ca4,False
img_002293,e:\Final_Project\Pnuemonia_Detection\data\raw_datasets\dataset_1\train\PNEUMONIA\BACTERIA-2154263-0001.jpeg,dataset_1,PNEUMONIA,BACTERIAL,1,e805b9c035d8395e454b79f990ea7d8897d4a35f0b6e8302af558d4903c5c5c7,d029e61ed24b3e69,False
img_002952,e:\Final_Project\Pnuemonia_Detection\data\raw_datasets\dataset_1\train\PNEUMONIA\BACTERIA-4488199-0001.jpeg,dataset_1,PNEUMONIA,BACTERIAL,1,6d01536533d3f232265cfeecd7f907a95a7a1a889964da7c88305e30519655e1,c83b764e70397169,False
img_000260,e:\Final_Project\Pnuemonia_Detection\data\raw_datasets\dataset_1\test\PNEUMONIA\BACTERIA-1768914-0005.jpeg,dataset_1,PNEUMONIA,BACTERIAL,1,2dfe6ccd038830b4f9541b4afe8881e62535eef372c7d5753b19a449f8e95164,c424b6bec31b966a,False
img_001777,e:\Final_Project\Pnuemonia_Detection\data\raw_datasets\dataset_1\train\NORMAL\NORMAL-8734827-0001.jpeg,dataset_1,NORMAL,NORMAL,0,434fd6665bca2b1d28c43da2a86ceb197fdaaa358f8583bc921fb7e3bd5e9925,912bc61ad8693bd6,False
img_000739,e:\Final_Project\Pnuemonia_Detection\data\raw_datasets\dataset_1\train\NORMAL\NORMAL-1901242-0001.jpeg,dataset_1,NORMAL,NORMAL,0,915cbb33e9fc31ed28e1db98e14964941574ba32cacd945c00298cda69492a72,d050c71e9b6d3c65,False
img_003485,e:\Final_Project\Pnuemonia_Detection\data\raw_datasets\dataset_1\train\PNEUMONIA\BACTERIA-6280838-0005.jpeg,dataset_1,PNEUMONIA,BACTERIAL,1,0241f68bef013d155f5a61270c3c2131dbd8ab5e86442249fdc6b5809ce67888,806aaa2ac797f987,False
img_005316,e:\Final_Project\Pnuemonia_Detection\data\raw_datasets\dataset_1\train\PNEUMONIA\VIRUS-6286822-0001.jpeg,dataset_1,PNEUMONIA,VIRAL,2,d3663e34e5d499a5c3973df638feabcb82aa259ea6075178103416fb379231c0,912dc45ed34e312f,False
img_001702,e:\Final_Project\Pnuemonia_Detection\data\raw_datasets\dataset_1\train\NORMAL\NORMAL-8244850-0001.jpeg,dataset_1,NORMAL,NORMAL,0,1e06a60220a013d33882ee664aa6930c3fce4d92ce7e1932921ab5404129edb7,d0eaab8bd5c5b0a2,False
img_001636,e:\Final_Project\Pnuemonia_Detection\data\raw_datasets\dataset_1\train\NORMAL\NORMAL-7717927-0001.jpeg,dataset_1,NORMAL,NORMAL,0,2e108f2cf7bdc2e4dd65e5b4a052b1d7cb174d9b11342a43a2275776f4d7ae8c,957eaf1acd8d0883,False
img_005354,e:\Final_Project\Pnuemonia_Detection\data\raw_datasets\dataset_1\train\PNEUMONIA\VIRUS-6519345-0002.jpeg,dataset_1,PNEUMONIA,VIRAL,2,5b33427b662562af34ce9bf07e1d192874efbcb4857109e49ab38bace38af339,956a2f20872c6b3f,False
img_000737,e:\Final_Project\Pnuemonia_Detection\data\raw_datasets\dataset_1\train\NORMAL\NORMAL-1897360-0002.jpeg,dataset_1,NORMAL,NORMAL,0,581c48261d4d22a65fc091a425e10c2bbf6d3236eeefd6b8125ee9d0130dfefb,d4cfe319e88cf882,False
img_001985,e:\Final_Project\Pnuemonia_Detection\data\raw_datasets\dataset_1\train\PNEUMONIA\BACTERIA-1065620-0001.jpeg,dataset_1,PNEUMONIA,BACTERIAL,1,61c9768324f1192b2249a32ff64d468c4cd9a9c49389dec4e699c0bde70952c2,dd2a425f5d4d0c4d,False
img_001583,e:\Final_Project\Pnuemonia_Detection\data\raw_datasets\dataset_1\train\NORMAL\NORMAL-7330624-0001.jpeg,dataset_1,NORMAL,NORMAL,0,8a610a236f7849f74ba04839ff100551b580b0645487e48f63a305cce611a1ed,917fc63a8a4b38a5,False
img_005636,e:\Final_Project\Pnuemonia_Detection\data\raw_datasets\dataset_1\train\PNEUMONIA\VIRUS-8462046-0004.jpeg,dataset_1,PNEUMONIA,VIRAL,2,6df0a436710f0ca53e480b9c2cacd5c831a82a12c9f9ff1acfba0226a3659e68,d02dc61fae6b3c41,False
img_000345,e:\Final_Project\Pnuemonia_Detection\data\raw_datasets\dataset_1\test\PNEUMONIA\BACTERIA-5155977-0005.jpeg,dataset_1,PNEUMONIA,BACTERIAL,1,821de117ac8ee8d2e0597898a39f0d2811f5c3682338776c8ed987814d89f0ae,d037eb9cd0193879,False
img_002838,e:\Final_Project\Pnuemonia_Detection\data\raw_datasets\dataset_1\train\PNEUMONIA\BACTERIA-4165160-0001.jpeg,dataset_1,PNEUMONIA,BACTERIAL,1,7946c75e259ba6ab7a1eba7fdeabf29666e30e594492856b488fe6ceb8c7053c,d47fe30f51434c34,False
img_004092,e:\Final_Project\Pnuemonia_Detection\data\raw_datasets\dataset_1\train\PNEUMONIA\BACTERIA-8446523-0006.jpeg,dataset_1,PNEUMONIA,BACTERIAL,1,2a3c0783d92a38a4a537d49c0fe008d039a393af86ec239ef911ecf77003c678,d52bdb1b921a1e4a,False
img_005215,e:\Final_Project\Pnuemonia_Detection\data\raw_datasets\dataset_1\train\PNEUMONIA\VIRUS-564683-0004.jpeg,dataset_1,PNEUMONIA,VIRAL,2,beda7050cea890e9571e843dd6ca80dfc883f5490b945051785dd7c719307f6f,81a4e23ee26f78ca,False
img_001458,e:\Final_Project\Pnuemonia_Detection\data\raw_datasets\dataset_1\train\NORMAL\NORMAL-6727820-0001.jpeg,dataset_1,NORMAL,NORMAL,0,87d497648a453a74637344d1699064e929e2e1adf867d1479823be232b0266f5,c06bef48c05ad0df,False
img_004463,e:\Final_Project\Pnuemonia_Detection\data\raw_datasets\dataset_1\train\PNEUMONIA\BACTERIA-9801714-0001.jpeg,dataset_1,PNEUMONIA,BACTERIAL,1,a12f27850d89d99ce399eb6b9da8a140ca424367afc7aa7a0a8df123ef8bc109,972a64c658d75a39,False
img_004257,e:\Final_Project\Pnuemonia_Detection\data\raw_datasets\dataset_1\train\PNEUMONIA\BACTERIA-9044474-0001.jpeg,dataset_1,PNEUMONIA,BACTERIAL,1,1b19ce92417b3fd34429408080576b2632b762fa400dbd011b15e74a8a92ff1d,d025e73af66b3848,False
img_003791,e:\Final_Project\Pnuemonia_Detection\data\raw_datasets\dataset_1\train\PNEUMONIA\BACTERIA-745183-0001.jpeg,dataset_1,PNEUMONIA,BACTERIAL,1,2d7248027bc54cf01dd2fbcf173f6600041361ee6f6e79eb1c0b1b513350fe0a,903d6769124f71d3,False
img_004639,e:\Final_Project\Pnuemonia_Detection\data\raw_datasets\dataset_1\train\PNEUMONIA\VIRUS-1805246-0001.jpeg,dataset_1,PNEUMONIA,VIRAL,2,13037d4fa438b86c7667c424d6b64c1e5bee37922a4f758e2e78ba02c57b1475,94feaf3a0d3c044e,False
img_004105,e:\Final_Project\Pnuemonia_Detection\data\raw_datasets\dataset_1\train\PNEUMONIA\BACTERIA-8485124-0001.jpeg,dataset_1,PNEUMONIA,BACTERIAL,1,f16524ed56a22a2f3a7435e12e1b3a8d6c165fd3594dc4a5dfc6ea95b92a8f3e,916dae3a8e388f38,False
img_000280,e:\Final_Project\Pnuemonia_Detection\data\raw_datasets\dataset_1\test\PNEUMONIA\BACTERIA-3060399-0001.jpeg,dataset_1,PNEUMONIA,BACTERIAL,1,b55b95e65ba8a7bcaf35f2d371570f5eef568fd1cac90aecd217461ffab14656,d57fef3a4a08404e,False
img_005798,e:\Final_Project\Pnuemonia_Detection\data\raw_datasets\dataset_1\train\PNEUMONIA\VIRUS-957582-0004.jpeg,dataset_1,PNEUMONIA,VIRAL,2,0987b3a657250ab39798a659fef882a637dcb04fb6f0f9819c961952cf60677b,d07fc35ed44a3c42,False
img_004529,e:\Final_Project\Pnuemonia_Detection\data\raw_datasets\dataset_1\train\PNEUMONIA\VIRUS-1114943-0001.jpeg,dataset_1,PNEUMONIA,VIRAL,2,9eb01ff683fecdc928ea68981fc134822314daa0fc1472408f259626a846265a,903d2fa70a1f1f45,False
img_001924,e:\Final_Project\Pnuemonia_Detection\data\raw_datasets\dataset_1\train\NORMAL\NORMAL-9742274-0001.jpeg,dataset_1,NORMAL,NORMAL,0,6c59958f1f4008727869bb813fedc30bdd3663e10a1e8a970482703f71db5f56,957eef1b890d0887,False
img_000577,e:\Final_Project\Pnuemonia_Detection\data\raw_datasets\dataset_1\test\PNEUMONIA\VIRUS-6812602-0001.jpeg,dataset_1,PNEUMONIA,VIRAL,2,53da48724274c306f73adbe66565ed9cbea3cf57e45465442a6ec2ea0e6fd311,802af65edc5a5e4a,False
img_001912,e:\Final_Project\Pnuemonia_Detection\data\raw_datasets\dataset_1\train\NORMAL\NORMAL-9619541-0001.jpeg,dataset_1,NORMAL,NORMAL,0,70e7df1bda9c266ca850dbeb48f6acf0dd4358073bce27ae2689a2582e153983,916dc65a99c919c7,False
img_001799,e:\Final_Project\Pnuemonia_Detection\data\raw_datasets\dataset_1\train\NORMAL\NORMAL-8931850-0001.jpeg,dataset_1,NORMAL,NORMAL,0,0405e796256e6a04024e12bf825e03a5e22e982aa4378a8d76a7b3b0282d0fc4,917fc61ac91d1987,False
img_000462,e:\Final_Project\Pnuemonia_Detection\data\raw_datasets\dataset_1\test\PNEUMONIA\BACTERIA-9364007-0002.jpeg,dataset_1,PNEUMONIA,BACTERIAL,1,85ebaffefd1193733edc50fa566759cb80fd7375be0e2a6110318e19f98f49a4,916de63ac61e944e,False
img_004978,e:\Final_Project\Pnuemonia_Detection\data\raw_datasets\dataset_1\train\PNEUMONIA\VIRUS-4176449-0001.jpeg,dataset_1,PNEUMONIA,VIRAL,2,8c340ccfe0d89de30f4dee5947d8fa4070b45f8ce489aa7cbe6809791cb45919,9429e38bea5e6a45,False
img_002180,e:\Final_Project\Pnuemonia_Detection\data\raw_datasets\dataset_1\train\PNEUMONIA\BACTERIA-1784243-0001.jpeg,dataset_1,PNEUMONIA,BACTERIAL,1,32909b644213e31bc35279ec7a709e1f75e896e4136a54e28891fc4b1cc49754,911fce5e9a59b850,False
img_003962,e:\Final_Project\Pnuemonia_Detection\data\raw_datasets\dataset_1\train\PNEUMONIA\BACTERIA-8047963-0002.jpeg,dataset_1,PNEUMONIA,BACTERIAL,1,1b56315a5194c0c6a96654f003565bf55ae0ed5f92be2b3471a5e0875984e83c,ccb2aa1bc51d7519,False
img_003193,e:\Final_Project\Pnuemonia_Detection\data\raw_datasets\dataset_1\train\PNEUMONIA\BACTERIA-5253051-0001.jpeg,dataset_1,PNEUMONIA,BACTERIAL,1,9d23101d258298a33bbf3c9d7907f2de8403bc219ae911fa14fbef1cc30fd8e0,91faaf3e82133907,False
img_004355,e:\Final_Project\Pnuemonia_Detection\data\raw_datasets\dataset_1\train\PNEUMONIA\BACTERIA-9365328-0002.jpeg,dataset_1,PNEUMONIA,BACTERIAL,1,4b44bff175cb2eeac0fb65416e6c55122eddc922cb3036866e767b612a656d80,9039e39ff4c61c62,False
img_000713,e:\Final_Project\Pnuemonia_Detection\data\raw_datasets\dataset_1\train\NORMAL\NORMAL-1701841-0001.jpeg,dataset_1,NORMAL,NORMAL,0,e764faed41c0039571fe52379320cc3c8a80f72148d416b96452362cdb3b65c1,d57f871b8d0c2c86,False
img_005058,e:\Final_Project\Pnuemonia_Detection\data\raw_datasets\dataset_1\train\PNEUMONIA\VIRUS-4647402-0006.jpeg,dataset_1,PNEUMONIA,VIRAL,2,3111311cb8ab046bd808199b900ec483c28596f4ce9ef80600e72604caf14922,9525e31bbbcf28c0,False
img_004594,e:\Final_Project\Pnuemonia_Detection\data\raw_datasets\dataset_1\train\PNEUMONIA\VIRUS-1538177-0005.jpeg,dataset_1,PNEUMONIA,VIRAL,2,cacfdfb0fa6acd663f48c2b6847419917af9a00cd0786ebea603cff5a856c2c4,d03f0f1b0d49346f,False
img_002242,e:\Final_Project\Pnuemonia_Detection\data\raw_datasets\dataset_1\train\PNEUMONIA\BACTERIA-1985177-0001.jpeg,dataset_1,PNEUMONIA,BACTERIAL,1,1b99e0948532775887da844fd39a1a6d9b79a42b915bc09427a9fa69edd4edd3,9839e13dc60bf887,False
img_005806,e:\Final_Project\Pnuemonia_Detection\data\raw_datasets\dataset_1\train\PNEUMONIA\VIRUS-9624185-0001.jpeg,dataset_1,PNEUMONIA,VIRAL,2,b04fb5b95ea640681b3e04a4c66c0b660e367a44956088dfaa7a4e30f632c9d9,d064c65acf3d853c,False
img_003599,e:\Final_Project\Pnuemonia_Detection\data\raw_datasets\dataset_1\train\PNEUMONIA\BACTERIA-6660139-0002.jpeg,dataset_1,PNEUMONIA,BACTERIAL,1,dcd879ab886133eea0ecc311420bc3a812dd1112d11e7e4036dbcfc38977155e,95686f386cda1ac3,False
img_002989,e:\Final_Project\Pnuemonia_Detection\data\raw_datasets\dataset_1\train\PNEUMONIA\BACTERIA-4615614-0005.jpeg,dataset_1,PNEUMONIA,BACTERIAL,1,4a0522048535879c1fdb5d736708ebc13e473ac52b69a0c014cfe0db8e13d728,d0abefdf56545010,False
img_000428,e:\Final_Project\Pnuemonia_Detection\data\raw_datasets\dataset_1\test\PNEUMONIA\BACTERIA-840611-0003.jpeg,dataset_1,PNEUMONIA,BACTERIAL,1,0cf89026cf317b2ee4a8e5a2e5c213caa122df664add7a12232fbaf7d38bd8c0,853af37fd2431c50,False
img_004027,e:\Final_Project\Pnuemonia_Detection\data\raw_datasets\dataset_1\train\PNEUMONIA\BACTERIA-828649-0005.jpeg,dataset_1,PNEUMONIA,BACTERIAL,1,4e4df8461fc3412959b5c34abb54977332738400aeab75689b2c33ef00e27f99,91abfe5ed5471440,False
img_005563,e:\Final_Project\Pnuemonia_Detection\data\raw_datasets\dataset_1\train\PNEUMONIA\VIRUS-7991421-0001.jpeg,dataset_1,PNEUMONIA,VIRAL,2,be23598f89f1829814389058d4133fbc2a81cd860f3f7dbc007863570a075207,812fc61ed8693ccd,False
img_003999,e:\Final_Project\Pnuemonia_Detection\data\raw_datasets\dataset_1\train\PNEUMONIA\BACTERIA-8188709-0004.jpeg,dataset_1,PNEUMONIA,BACTERIAL,1,72bc088d4dc32b8fe16675b6086486d13bf303da288adeab363d6906f6b37429,913f6b3e68383c45,False
img_003134,e:\Final_Project\Pnuemonia_Detection\data\raw_datasets\dataset_1\train\PNEUMONIA\BACTERIA-5150733-0003.jpeg,dataset_1,PNEUMONIA,BACTERIAL,1,a85293d0ccb75b13ef81446893a28ff9c41a555a0b93cf5a4cd1ad7c804d18d2,c53fd61898836d9c,False
img_003035,e:\Final_Project\Pnuemonia_Detection\data\raw_datasets\dataset_1\train\PNEUMONIA\BACTERIA-4747179-0001.jpeg,dataset_1,PNEUMONIA,BACTERIAL,1,a962edb993b3c54469daf10688b7a0a94982272e7696e8ee62fcda49febac8eb,951bce98e19a6396,False
img_003116,e:\Final_Project\Pnuemonia_Detection\data\raw_datasets\dataset_1\train\PNEUMONIA\BACTERIA-5101683-0001.jpeg,dataset_1,PNEUMONIA,BACTERIAL,1,b3d0e26f4649392de68365dd02d6a61fefda105fa20ab68d03602e5da16428de,d4b4c20b9bc34f96,False
img_003953,e:\Final_Project\Pnuemonia_Detection\data\raw_datasets\dataset_1\train\PNEUMONIA\BACTERIA-8034950-0007.jpeg,dataset_1,PNEUMONIA,BACTERIAL,1,6533554999dd1e825a6bc5cebd1295b268a05b1064fff4dfcb8d6c2235501688,946ee31a961b1b87,False
img_005490,e:\Final_Project\Pnuemonia_Detection\data\raw_datasets\dataset_1\train\PNEUMONIA\VIRUS-7460986-0002.jpeg,dataset_1,PNEUMONIA,VIRAL,2,8919c295e30e94ff8811e3708d989b1153724b31f5124efda463aee36eb9d99b,c43e871b1b971b19,False
img_004294,e:\Final_Project\Pnuemonia_Detection\data\raw_datasets\dataset_1\train\PNEUMONIA\BACTERIA-9130179-0001.jpeg,dataset_1,PNEUMONIA,BACTERIAL,1,38c0e827c571fd2669c7400bd8cd5c566bf1ffacbef2ad97f7af19ccd67800c3,9029e33eea69394b,False
img_000522,e:\Final_Project\Pnuemonia_Detection\data\raw_datasets\dataset_1\test\PNEUMONIA\VIRUS-3746644-0001.jpeg,dataset_1,PNEUMONIA,VIRAL,2,379beb5aabf1a2bc2e49756947e53638b02945eebcb08348f104e39c50dd442c,9177c61aec8a39c3,False
img_003871,e:\Final_Project\Pnuemonia_Detection\data\raw_datasets\dataset_1\train\PNEUMONIA\BACTERIA-7763265-0001.jpeg,dataset_1,PNEUMONIA,BACTERIAL,1,179beb8f6b7645e8196f1be82679e17ea360679172143237b78c612304861c96,907fef0f860a194e,False
img_005321,e:\Final_Project\Pnuemonia_Detection\data\raw_datasets\dataset_1\train\PNEUMONIA\VIRUS-6320550-0001.jpeg,dataset_1,PNEUMONIA,VIRAL,2,fab05d961ed3f96eb0be66e2ede784fac956ab2795d6742e46ccf557b00c4bee,916d871a865eb387,False
img_001598,e:\Final_Project\Pnuemonia_Detection\data\raw_datasets\dataset_1\train\NORMAL\NORMAL-7436212-0003.jpeg,dataset_1,NORMAL,NORMAL,0,9a5184d4849a6a080f9ba7851f4b170367c592768c17ebc53a6e292360670c9d,986dc71ecf498cc1,False
img_000286,e:\Final_Project\Pnuemonia_Detection\data\raw_datasets\dataset_1\test\PNEUMONIA\BACTERIA-3105669-0003.jpeg,dataset_1,PNEUMONIA,BACTERIAL,1,db492a84153e4577ec5e7d157d4415c60cd5ab9a93209be00e53e8e9a5d373c2,947aeb1e421c692f,False
img_003135,e:\Final_Project\Pnuemonia_Detection\data\raw_datasets\dataset_1\train\PNEUMONIA\BACTERIA-5150733-0004.jpeg,dataset_1,PNEUMONIA,BACTERIAL,1,a6c7df8ff031d75c8a49759f446a88f0c4aea662757bcf8187f5da3b60adff5d,c46eae08d34dd54e,False
img_003205,e:\Final_Project\Pnuemonia_Detection\data\raw_datasets\dataset_1\train\PNEUMONIA\BACTERIA-5285130-0002.jpeg,dataset_1,PNEUMONIA,BACTERIAL,1,c29e6a05716b487ec5fab4f5db232ae9517267ba9803bfd0aa31c8bbfdc6cc21,913fd69e905d9445,False
img_001110,e:\Final_Project\Pnuemonia_Detection\data\raw_datasets\dataset_1\train\NORMAL\NORMAL-4199443-0002.jpeg,dataset_1,NORMAL,NORMAL,0,052a7a3eae991277aae0844784cd68c207a90719b3a72c4d7499fea02d67d8db,952f8f1b0d0d0dc7,False
img_004728,e:\Final_Project\Pnuemonia_Detection\data\raw_datasets\dataset_1\train\PNEUMONIA\VIRUS-2555244-0002.jpeg,dataset_1,PNEUMONIA,VIRAL,2,7e6801c451a8fe73df95f38b5fe1ce09c5c4ec7f90ab75ead9137762752ebe2c,913fc61aa87939c3,False
img_003629,e:\Final_Project\Pnuemonia_Detection\data\raw_datasets\dataset_1\train\PNEUMONIA\BACTERIA-6747108-0001.jpeg,dataset_1,PNEUMONIA,BACTERIAL,1,680203690f7600f80850d308fe0945a2e055553d67508fcf93f7db5206821160,956a4a5a4f5e5945,False
img_004214,e:\Final_Project\Pnuemonia_Detection\data\raw_datasets\dataset_1\train\PNEUMONIA\BACTERIA-880930-0001.jpeg,dataset_1,PNEUMONIA,BACTERIAL,1,906b5e77406f9a38d646e91f5189605bc0bc16e3b6f2a4f13dc5eae402817525,946a273d5f6a2847,False
img_001647,e:\Final_Project\Pnuemonia_Detection\data\raw_datasets\dataset_1\train\NORMAL\NORMAL-7824011-0002.jpeg,dataset_1,NORMAL,NORMAL,0,8d6da7c68f94cc39971af91a3cc8fb5730e2d9911a38a8a57ec8a6d404e5252f,c121c33bf86939e9,False
img_005564,e:\Final_Project\Pnuemonia_Detection\data\raw_datasets\dataset_1\train\PNEUMONIA\VIRUS-7994237-0001.jpeg,dataset_1,PNEUMONIA,VIRAL,2,37dacab99165df4301804ef412360c4e1b9b772d98df9ada13f8769ac0a3f515,d064e61ae50fb14f,False
img_001291,e:\Final_Project\Pnuemonia_Detection\data\raw_datasets\dataset_1\train\NORMAL\NORMAL-5571242-0001.jpeg,dataset_1,NORMAL,NORMAL,0,cf384493a7577a30c7a35366180a5c1564e972aa336f224ad0d42b3c8c4a1f83,913ae27a78783959,False
img_005787,e:\Final_Project\Pnuemonia_Detection\data\raw_datasets\dataset_1\train\PNEUMONIA\VIRUS-9514863-0004.jpeg,dataset_1,PNEUMONIA,VIRAL,2,847dcccd572e089c7e811021972967b346f688f4ccd50d6a980fa2fc4d00fd03,803bc54ff54a355a,False
img_004407,e:\Final_Project\Pnuemonia_Detection\data\raw_datasets\dataset_1\train\PNEUMONIA\BACTERIA-9551241-0004.jpeg,dataset_1,PNEUMONIA,BACTERIAL,1,7826132164a50d87c81fbd330f63b5a7ea6cde65362195c21b203a44c5f23014,d47e3f590b0a172c,False
img_001236,e:\Final_Project\Pnuemonia_Detection\data\raw_datasets\dataset_1\train\NORMAL\NORMAL-5170916-0001.jpeg,dataset_1,NORMAL,NORMAL,0,e6f167675728e31a05392a1d7a5bd11d868bb79557ac8a2c9c71182ee98faf3d,906dc61ee9493dcc,False
img_002265,e:\Final_Project\Pnuemonia_Detection\data\raw_datasets\dataset_1\train\PNEUMONIA\BACTERIA-2110654-0001.jpeg,dataset_1,PNEUMONIA,BACTERIAL,1,747575dbef02db085d65587045e50b48f560feac4d1aedd605774bdc91642508,90616738cf7a934e,False
img_002909,e:\Final_Project\Pnuemonia_Detection\data\raw_datasets\dataset_1\train\PNEUMONIA\BACTERIA-4382654-0001.jpeg,dataset_1,PNEUMONIA,BACTERIAL,1,a47d8f54f276ad0e346cd858ec4af853088ab916c53c16b82538ac16747bfd49,d47ae33be134e0a4,False
img_005738,e:\Final_Project\Pnuemonia_Detection\data\raw_datasets\dataset_1\train\PNEUMONIA\VIRUS-9188112-0002.jpeg,dataset_1,PNEUMONIA,VIRAL,2,a10803b1575d239f6ca2f2b0b9e6bd5d16f01ce01ffa3ca653cc45ab346bef4b,9caac35bc30bd04f,False
img_001699,e:\Final_Project\Pnuemonia_Detection\data\raw_datasets\dataset_1\train\NORMAL\NORMAL-8234246-0002.jpeg,dataset_1,NORMAL,NORMAL,0,a4c0eb954ff9b908861f458af5063acef5f06446bb9cfab1f17e1f4c65ab7eb0,d13dc21bbc693c70,False
img_002782,e:\Final_Project\Pnuemonia_Detection\data\raw_datasets\dataset_1\train\PNEUMONIA\BACTERIA-3911488-0001.jpeg,dataset_1,PNEUMONIA,BACTERIAL,1,dd0a5229ffbb67e56f6ce7dff98c0ed9ae54fc2f85440f242fe5a6d8e83480df,903b413a5b79b9c9,False
img_000433,e:\Final_Project\Pnuemonia_Detection\data\raw_datasets\dataset_1\test\PNEUMONIA\BACTERIA-8563288-0001.jpeg,dataset_1,PNEUMONIA,BACTERIAL,1,c566cede8d4c6a854148adc5cf22f141dfb0bd8f71a9ba456cb40304acd6479e,802a6b1e555b3d6b,False
img_004422,e:\Final_Project\Pnuemonia_Detection\data\raw_datasets\dataset_1\train\PNEUMONIA\BACTERIA-9582372-0005.jpeg,dataset_1,PNEUMONIA,BACTERIAL,1,f8350419cbce22c1f414ae4bc2862308f57a95d2f04e2a08d761c77afc5e29f2,dd7f7f18c06d1401,False
img_001228,e:\Final_Project\Pnuemonia_Detection\data\raw_datasets\dataset_1\train\NORMAL\NORMAL-5075834-0002.jpeg,dataset_1,NORMAL,NORMAL,0,65ae4f1d02eded45d94d0b18c79a1123857621b9cd7ab776684a87919a73c04a,913dc61e98c939d9,False
img_000362,e:\Final_Project\Pnuemonia_Detection\data\raw_datasets\dataset_1\test\PNEUMONIA\BACTERIA-5660566-0002.jpeg,dataset_1,PNEUMONIA,BACTERIAL,1,848804c80a1734592608a2486542659ec5631da9ac9ae408c23746cad84760cf,d4efd719c218491e,False
img_004535,e:\Final_Project\Pnuemonia_Detection\data\raw_datasets\dataset_1\train\PNEUMONIA\VIRUS-1129531-0002.jpeg,dataset_1,PNEUMONIA,VIRAL,2,9b8a5453bf6b4d4282ab865faa1c6744924b6e3cb37d77ec43dc828886c04bf3,91bfd61cd24d904b,False
img_001718,e:\Final_Project\Pnuemonia_Detection\data\raw_datasets\dataset_1\train\NORMAL\NORMAL-8323743-0001.jpeg,dataset_1,NORMAL,NORMAL,0,1046584f3528be40910a3b16609959317a2b3aa88dcbb1f53bd6647b170da4f9,946ea73bcf2c4846,False
img_001444,e:\Final_Project\Pnuemonia_Detection\data\raw_datasets\dataset_1\train\NORMAL\NORMAL-6642991-0001.jpeg,dataset_1,NORMAL,NORMAL,0,c433e2ae673e5185d0cfc038d9a73e59e9ac5d78dcef3ddcd9d370f2fafc864b,902dcf3edc491cc9,False
img_005324,e:\Final_Project\Pnuemonia_Detection\data\raw_datasets\dataset_1\train\PNEUMONIA\VIRUS-6350019-0001.jpeg,dataset_1,PNEUMONIA,VIRAL,2,9f705a1daa8f0c33b710f2693c0561ca9ab829f75bc257d171b497e475f71038,d47e471ec35b104e,False
img_002757,e:\Final_Project\Pnuemonia_Detection\data\raw_datasets\dataset_1\train\PNEUMONIA\BACTERIA-385176-0002.jpeg,dataset_1,PNEUMONIA,BACTERIAL,1,fbb39edc104229727ee0aa4a497016c678dfeaf65ef73d0bf5507af1e48f6c63,d02bfb56d2463e41,False
img_004404,e:\Final_Project\Pnuemonia_Detection\data\raw_datasets\dataset_1\train\PNEUMONIA\BACTERIA-9551241-0001.jpeg,dataset_1,PNEUMONIA,BACTERIAL,1,05f9f40f53d5d6ab0ff86ebaa0e5ce50092b53469fb956c9f5fa77ea7cf10246,946f065a4578e747,False
img_001083,e:\Final_Project\Pnuemonia_Detection\data\raw_datasets\dataset_1\train\NORMAL\NORMAL-4019172-0001.jpeg,dataset_1,NORMAL,NORMAL,0,48a6e873230e06a9bcf982bbd5c38778f02c78d217a7cefe4acce421a92db5bd,d57ec73e098568c4,False
img_002271,e:\Final_Project\Pnuemonia_Detection\data\raw_datasets\dataset_1\train\PNEUMONIA\BACTERIA-2132767-0001.jpeg,dataset_1,PNEUMONIA,BACTERIAL,1,22b11bbda0a57bbb956a92bb689f9ef8eddacaf19c30470a0ede81623b570e39,c13ee61b19974d38,False
img_003285,e:\Final_Project\Pnuemonia_Detection\data\raw_datasets\dataset_1\train\PNEUMONIA\BACTERIA-556216-0001.jpeg,dataset_1,PNEUMONIA,BACTERIAL,1,a9a419efa83eef82da4fffc60cb4559c0be095ba7527b6a080737b9f4df2ec75,d8f02738b53ab11e,False
img_000618,e:\Final_Project\Pnuemonia_Detection\data\raw_datasets\dataset_1\test\PNEUMONIA\VIRUS-9564688-0001.jpeg,dataset_1,PNEUMONIA,VIRAL,2,88456b1f758d7b8154b5d5368e81d082b84bcbb962b223cad0200fc5343db542,d46de71eab283c60,False
img_002085,e:\Final_Project\Pnuemonia_Detection\data\raw_datasets\dataset_1\train\PNEUMONIA\BACTERIA-1427905-0001.jpeg,dataset_1,PNEUMONIA,BACTERIAL,1,752eb6969299747421744ac85ef59719f4f8070fe726335d44b9b996fb2106ed,9438ea3f35c34738,False
img_000789,e:\Final_Project\Pnuemonia_Detection\data\raw_datasets\dataset_1\train\NORMAL\NORMAL-2239178-0001.jpeg,dataset_1,NORMAL,NORMAL,0,c47c6cdb965233aa557cfe350392affbb890abe51084c280531dac26e462bdcd,d828c23bcb7d784c,False
img_000392,e:\Final_Project\Pnuemonia_Detection\data\raw_datasets\dataset_1\test\PNEUMONIA\BACTERIA-6950003-0003.jpeg,dataset_1,PNEUMONIA,BACTERIAL,1,3f1901f20df399964f8d97cc0934d7f7bac0bae59f10cb3de6b6459951b7cd26,8aab483a193df12f,False
img_005364,e:\Final_Project\Pnuemonia_Detection\data\raw_datasets\dataset_1\train\PNEUMONIA\VIRUS-6590264-0003.jpeg,dataset_1,PNEUMONIA,VIRAL,2,c77b952a9416bade8336598ff909b6a7556dbd3da7a0b615ef3704a779d61b54,d4e6873b871ea04e,False
img_003402,e:\Final_Project\Pnuemonia_Detection\data\raw_datasets\dataset_1\train\PNEUMONIA\BACTERIA-5973423-0003.jpeg,dataset_1,PNEUMONIA,BACTERIAL,1,f17d2b17fbef2909feefffad2d79319240c371a5c1e25f2ccd16b5bc15f8e8ee,d13fe20ac24bb663,False
img_004232,e:\Final_Project\Pnuemonia_Detection\data\raw_datasets\dataset_1\train\PNEUMONIA\BACTERIA-8871315-0001.jpeg,dataset_1,PNEUMONIA,BACTERIAL,1,6b9bff5ab3c9ba22afdf0f12bd9b9403a618116d95d95681845a1472d267593c,902fe21e5e4b1c5e,False
img_001842,e:\Final_Project\Pnuemonia_Detection\data\raw_datasets\dataset_1\train\NORMAL\NORMAL-9105829-0003.jpeg,dataset_1,NORMAL,NORMAL,0,a811e40eaf9553015afb74bf15006f835226db7d05decd4d705c41c6c7bb9c94,817d877a29693965,False
img_002685,e:\Final_Project\Pnuemonia_Detection\data\raw_datasets\dataset_1\train\PNEUMONIA\BACTERIA-3595819-0002.jpeg,dataset_1,PNEUMONIA,BACTERIAL,1,af5b106f859c1fd358328563e4d0410151ba4d425bb091b1ae833ff610fffa0b,843a160aaeee2fa7,False
img_002262,e:\Final_Project\Pnuemonia_Detection\data\raw_datasets\dataset_1\train\PNEUMONIA\BACTERIA-2092977-0005.jpeg,dataset_1,PNEUMONIA,BACTERIAL,1,f3f24a73416332a1996dee99eaa7da668d494a9d94b55d86674de85dfa7daee6,d42bf35b1c603c3c,False
img_002862,e:\Final_Project\Pnuemonia_Detection\data\raw_datasets\dataset_1\train\PNEUMONIA\BACTERIA-4233560-0003.jpeg,dataset_1,PNEUMONIA,BACTERIAL,1,69f5faa043847a6e4c5e6bd128b49002e061c3e9d25350f58a12c1db29339b72,912be23ae8793969,False
img_003533,e:\Final_Project\Pnuemonia_Detection\data\raw_datasets\dataset_1\train\PNEUMONIA\BACTERIA-6448685-0001.jpeg,dataset_1,PNEUMONIA,BACTERIAL,1,109ca8c339602f8e6b8ce9a5e79287545f48148c59e71f00f7418d33d1299f90,9025c33bcd69b8ce,False
img_000427,e:\Final_Project\Pnuemonia_Detection\data\raw_datasets\dataset_1\test\PNEUMONIA\BACTERIA-840611-0002.jpeg,dataset_1,PNEUMONIA,BACTERIAL,1,1453e99bf72294a161116a5c3971d48cb668c7136f2b58bd90aa88937b1bf1ce,d02f2f1d4d5f4c48,False
img_002729,e:\Final_Project\Pnuemonia_Detection\data\raw_datasets\dataset_1\train\PNEUMONIA\BACTERIA-3722954-0002.jpeg,dataset_1,PNEUMONIA,BACTERIAL,1,fd3d2a286c456e823223c18c71f32c6a6a7a27b49bb99e1c0dfc097bda579adc,d42f4e18494ddc4f,False
img_002312,e:\Final_Project\Pnuemonia_Detection\data\raw_datasets\dataset_1\train\PNEUMONIA\BACTERIA-221435-0001.jpeg,dataset_1,PNEUMONIA,BACTERIAL,1,89328e02df69a1dc396a6f3e722a035557833e485d743521c464dc69e05bdb4f,957bc71e60c61ed0,False
img_001769,e:\Final_Project\Pnuemonia_Detection\data\raw_datasets\dataset_1\train\NORMAL\NORMAL-8654141-0002.jpeg,dataset_1,NORMAL,NORMAL,0,69f6fe6830f528ca8108c6d5b361eef9f60bca79d67cfaafe76f84e1b7fb2fc1,946ec71ecd4c0ccd,False
img_002591,e:\Final_Project\Pnuemonia_Detection\data\raw_datasets\dataset_1\train\PNEUMONIA\BACTERIA-3309082-0001.jpeg,dataset_1,PNEUMONIA,BACTERIAL,1,5bde88c8dd909b2d3c32677a7bdc174076cb0d39919276348ff45a2725f2d7ef,9471c21e875ab31f,False
img_000105,e:\Final_Project\Pnuemonia_Detection\data\raw_datasets\dataset_1\test\NORMAL\NORMAL-5175014-0001.jpeg,dataset_1,NORMAL,NORMAL,0,614fe624b6a5a7dec7d4625b51bcd1214e8ceba5ef35703c1695b67ace0f80f8,d034c21fc33db06f,False
img_004942,e:\Final_Project\Pnuemonia_Detection\data\raw_datasets\dataset_1\train\PNEUMONIA\VIRUS-390779-0002.jpeg,dataset_1,PNEUMONIA,VIRAL,2,1f63ab47330385d586f2d4b154d6e85a9e1b556f32f141a8ce20e41d2a276ffa,9032d65dd33db039,False
img_003021,e:\Final_Project\Pnuemonia_Detection\data\raw_datasets\dataset_1\train\PNEUMONIA\BACTERIA-4687423-0004.jpeg,dataset_1,PNEUMONIA,BACTERIAL,1,6f342fb35975338c11fdf01c1ee04f1da09b190595c43d54e4feec9aea875957,942fe23abe4b191c,False
img_000656,e:\Final_Project\Pnuemonia_Detection\data\raw_datasets\dataset_1\train\NORMAL\NORMAL-1241506-0001.jpeg,dataset_1,NORMAL,NORMAL,0,cbff89bb00a4c59246745929e995a2b16b6cebb1ae8c393a06f02ebd397d3f12,95fcc73a8d2c2c4c,False
img_004428,e:\Final_Project\Pnuemonia_Detection\data\raw_datasets\dataset_1\train\PNEUMONIA\BACTERIA-9597998-0001.jpeg,dataset_1,PNEUMONIA,BACTERIAL,1,1ebafbe26389535ce56f78218adfd77231449cb081ee63db3e6588e6a53b801b,916f0e1e1a18c77d,False
img_005241,e:\Final_Project\Pnuemonia_Detection\data\raw_datasets\dataset_1\train\PNEUMONIA\VIRUS-5787449-0001.jpeg,dataset_1,PNEUMONIA,VIRAL,2,3c5a86386a0e4b5e18f642036cc9e9d5848de5f4a623a392c42fb0fb924bd3c3,d47fc71f8b0d08c4,False
img_004011,e:\Final_Project\Pnuemonia_Detection\data\raw_datasets\dataset_1\train\PNEUMONIA\BACTERIA-8241424-0007.jpeg,dataset_1,PNEUMONIA,BACTERIAL,1,fdcb609da36f3288fef3db7dc507b1d7ba7b9cb99a455507787d6d2f1eb6fb7a,9418e15bb9c72f70,False
img_000240,e:\Final_Project\Pnuemonia_Detection\data\raw_datasets\dataset_1\test\PNEUMONIA\BACTERIA-1351146-0001.jpeg,dataset_1,PNEUMONIA,BACTERIAL,1,d80acd304d95db0d453b874bcb18f18e97b90954a767ca6b14a21bccc4687b61,94786b0e4b1e78d6,False
img_001434,e:\Final_Project\Pnuemonia_Detection\data\raw_datasets\dataset_1\train\NORMAL\NORMAL-6511522-0001.jpeg,dataset_1,NORMAL,NORMAL,0,878bed40e1bbb7883ffc19efd1b844620a9535eed878490ea67c6c00b0622a1a,916b4e1a5d4d1cc7,False
img_000720,e:\Final_Project\Pnuemonia_Detection\data\raw_datasets\dataset_1\train\NORMAL\NORMAL-1756042-0001.jpeg,dataset_1,NORMAL,NORMAL,0,5b59156308bd057d2e5df1ac2bccbc494de0b15a4e5a9b8881f37f55320e4edd,d07cc63abd2d3c84,False
img_000658,e:\Final_Project\Pnuemonia_Detection\data\raw_datasets\dataset_1\train\NORMAL\NORMAL-1261648-0001.jpeg,dataset_1,NORMAL,NORMAL,0,08f8bb9b8331f0c90740667c2d2846e14973794f694bf61604d31e05f3b757ba,d464c61fed6c2cc4,False
img_001195,e:\Final_Project\Pnuemonia_Detection\data\raw_datasets\dataset_1\train\NORMAL\NORMAL-4791400-0001.jpeg,dataset_1,NORMAL,NORMAL,0,e7de9bc40fadf532eae9dae9d2b99112c34528aa787fa9424e21e3391c273f82,d42fcb1a00577ce5,False
img_002378,e:\Final_Project\Pnuemonia_Detection\data\raw_datasets\dataset_1\train\PNEUMONIA\BACTERIA-249618-0001.jpeg,dataset_1,PNEUMONIA,BACTERIAL,1,9ad4204ef077aa6176027747aa20fb4a7e7a101295aa90caca9ef769059ab1d1,d42fa30f871f3413,False
img_002091,e:\Final_Project\Pnuemonia_Detection\data\raw_datasets\dataset_1\train\PNEUMONIA\BACTERIA-149498-0001.jpeg,dataset_1,PNEUMONIA,BACTERIAL,1,23b035750cebaa9a64d9b2f65d63a9815943076f91109f0db56004c73118c907,dda8a157d447914e,False
img_002881,e:\Final_Project\Pnuemonia_Detection\data\raw_datasets\dataset_1\train\PNEUMONIA\BACTERIA-4327085-0001.jpeg,dataset_1,PNEUMONIA,BACTERIAL,1,ddb2b6fc1616a37c40a3e4104be1b4766a967511897f7bdd706d24a3f8d9d60b,946a2f05071f1f1f,False
img_004732,e:\Final_Project\Pnuemonia_Detection\data\raw_datasets\dataset_1\train\PNEUMONIA\VIRUS-2580396-0002.jpeg,dataset_1,PNEUMONIA,VIRAL,2,4755a324849e63a629218a50e8b2cf54148f9eb74641318cede14e4184fc8b96,d07ec61b9dcd2d80,False
img_005809,e:\Final_Project\Pnuemonia_Detection\data\raw_datasets\dataset_1\train\PNEUMONIA\VIRUS-9629926-0002.jpeg,dataset_1,PNEUMONIA,VIRAL,2,8ca25ef94241fe3ceb956d46930ea3d5b4c203fd022db9c095dec26bed6bcad5,9065c71ac71ac27f,False
img_005396,e:\Final_Project\Pnuemonia_Detection\data\raw_datasets\dataset_1\train\PNEUMONIA\VIRUS-6750824-0002.jpeg,dataset_1,PNEUMONIA,VIRAL,2,cc6d262b2a798b36a854924276398eac0bf725624191d254d4e2ef995b890fb8,d02ac74a7d697958,False
img_002361,e:\Final_Project\Pnuemonia_Detection\data\raw_datasets\dataset_1\train\PNEUMONIA\BACTERIA-2441003-0001.jpeg,dataset_1,PNEUMONIA,BACTERIAL,1,33ab8dd78827c26d4bc07e2793088749c5d52d933e44a26c16220e30a0e55925,812ff25ad1495d5a,False
img_002482,e:\Final_Project\Pnuemonia_Detection\data\raw_datasets\dataset_1\train\PNEUMONIA\BACTERIA-2898732-0002.jpeg,dataset_1,PNEUMONIA,BACTERIAL,1,6811edbc1ee91582f8e60749f29dee79652892b24ad0be31cda4c41a785901a7,d6fa872b8c38cb90,False
img_005459,e:\Final_Project\Pnuemonia_Detection\data\raw_datasets\dataset_1\train\PNEUMONIA\VIRUS-7245232-0001.jpeg,dataset_1,PNEUMONIA,VIRAL,2,c8341904ca52d2d7f26bb44611d228ba02e697b086cbf81f415b0c8e7190dc72,ddef821acf1c0d0c,False
img_003500,e:\Final_Project\Pnuemonia_Detection\data\raw_datasets\dataset_1\train\PNEUMONIA\BACTERIA-6322967-0002.jpeg,dataset_1,PNEUMONIA,BACTERIAL,1,e060bc43da94f04a18f555d3ab37a82cf956692329ec5854118c24a0c679f88f,d03f7a1824a33db6,False
img_000874,e:\Final_Project\Pnuemonia_Detection\data\raw_datasets\dataset_1\train\NORMAL\NORMAL-2695944-0001.jpeg,dataset_1,NORMAL,NORMAL,0,0f31a699a86cd78df279d30549d5fb7a8c580915b9853047bbdaacb8e6b02f44,917d8e1a0d4b794d,False
img_004755,e:\Final_Project\Pnuemonia_Detection\data\raw_datasets\dataset_1\train\PNEUMONIA\VIRUS-2750119-0001.jpeg,dataset_1,PNEUMONIA,VIRAL,2,fc09ef83bb8a420dad7495d92bc7afc72b7021681844d646de66788dc506b979,947a4b0f134f5b43,False
img_003509,e:\Final_Project\Pnuemonia_Detection\data\raw_datasets\dataset_1\train\PNEUMONIA\BACTERIA-6356037-0001.jpeg,dataset_1,PNEUMONIA,BACTERIAL,1,5da5d017290848cf67435ebd35b3c7c0702d605d04ff231f6fc497e7e1b85187,906dc73ced787049,False
img_003789,e:\Final_Project\Pnuemonia_Detection\data\raw_datasets\dataset_1\train\PNEUMONIA\BACTERIA-7440633-0001.jpeg,dataset_1,PNEUMONIA,BACTERIAL,1,076af0aff9cccf33704146e81ec6bf63155bc2e51044eb583e640810cbff1cb3,d42f035f1d4c4e1e,False
img_002595,e:\Final_Project\Pnuemonia_Detection\data\raw_datasets\dataset_1\train\PNEUMONIA\BACTERIA-3309082-0005.jpeg,dataset_1,PNEUMONIA,BACTERIAL,1,b34ab9306e2dae76cb6efc8d1e18558d0eb9f6617b905f9d6914050c296cb3a0,946ee32e03435dd3,False
img_001154,e:\Final_Project\Pnuemonia_Detection\data\raw_datasets\dataset_1\train\NORMAL\NORMAL-4521403-0001.jpeg,dataset_1,NORMAL,NORMAL,0,a73c06abbb473b57c90374424f86f0d7876bdbdb5c3ed8c681e4bd6f09778c38,d00fc34dbcc84b97,False
img_000173,e:\Final_Project\Pnuemonia_Detection\data\raw_datasets\dataset_1\test\NORMAL\NORMAL-7082548-0001.jpeg,dataset_1,NORMAL,NORMAL,0,ceb922209072480bdb94d65f2a6b75591e5de7cd5a6e0317aa12e6ade63a986b,917a475e5d1918a7,False
img_002728,e:\Final_Project\Pnuemonia_Detection\data\raw_datasets\dataset_1\train\PNEUMONIA\BACTERIA-3722954-0001.jpeg,dataset_1,PNEUMONIA,BACTERIAL,1,f810a0792ab3bda4e70e3f9fb2f5a952b0a6fcb90f26a774e13e975eac4320a3,916ca73a871b135e,False
img_004292,e:\Final_Project\Pnuemonia_Detection\data\raw_datasets\dataset_1\train\PNEUMONIA\BACTERIA-9123837-0001.jpeg,dataset_1,PNEUMONIA,BACTERIAL,1,063d4c0e6f85199a5ee04619da5345d88f0e7464e71fc508280258ad96ffc360,91a8e63ec27ad24d,False
img_005118,e:\Final_Project\Pnuemonia_Detection\data\raw_datasets\dataset_1\train\PNEUMONIA\VIRUS-5124960-0001.jpeg,dataset_1,PNEUMONIA,VIRAL,2,d02dcfed21aa28e4c893225db944fa097152f74d8e02dd065b25b009c5257c73,91ebeefac21ac448,False
img_003502,e:\Final_Project\Pnuemonia_Detection\data\raw_datasets\dataset_1\train\PNEUMONIA\BACTERIA-6335562-0001.jpeg,dataset_1,PNEUMONIA,BACTERIAL,1,08fec4aede07a9186433c3c2567554fefd3bae454a788f602c8097ee76da18ee,d46ea71b95131995,False
img_001574,e:\Final_Project\Pnuemonia_Detection\data\raw_datasets\dataset_1\train\NORMAL\NORMAL-7298793-0001.jpeg,dataset_1,NORMAL,NORMAL,0,702218f09f48d55fb5e56790925f094b3a22059f1d2b08fcdc8e549ee2354cab,c014c71bed4d3de4,False
img_003616,e:\Final_Project\Pnuemonia_Detection\data\raw_datasets\dataset_1\train\PNEUMONIA\BACTERIA-6684872-0001.jpeg,dataset_1,PNEUMONIA,BACTERIAL,1,05b122e7786447409582531a544085317756328e0fa4b42eaf559ea6533e11d4,916bee96c29ac23a,False
img_002356,e:\Final_Project\Pnuemonia_Detection\data\raw_datasets\dataset_1\train\PNEUMONIA\BACTERIA-2426822-0006.jpeg,dataset_1,PNEUMONIA,BACTERIAL,1,40f72aa3b4529bd50599954798f924b9a9e0b5d58fab624e9364de9e3a8b2a06,9ca1c71ec31ee64a,False
img_003413,e:\Final_Project\Pnuemonia_Detection\data\raw_datasets\dataset_1\train\PNEUMONIA\BACTERIA-6003459-0005.jpeg,dataset_1,PNEUMONIA,BACTERIAL,1,90aaa95bb8e656768d305955c6b179998c7934a0dcb7fd06b2afc85b75831a53,856be33e56531d42,False
img_002540,e:\Final_Project\Pnuemonia_Detection\data\raw_datasets\dataset_1\train\PNEUMONIA\BACTERIA-3099650-0002.jpeg,dataset_1,PNEUMONIA,BACTERIAL,1,346f25550f584e5aa2375befcb1e04420605761c385d7e5cb7135e5624d9d11d,9031e71fc60f964e,False
img_000918,e:\Final_Project\Pnuemonia_Detection\data\raw_datasets\dataset_1\train\NORMAL\NORMAL-3006949-0002.jpeg,dataset_1,NORMAL,NORMAL,0,548624b939c6c40101a5b9dae20ede753116530ab2010e4756edd02339524cc9,d13bd65e5c4b1858,False
img_002854,e:\Final_Project\Pnuemonia_Detection\data\raw_datasets\dataset_1\train\PNEUMONIA\BACTERIA-4213815-0003.jpeg,dataset_1,PNEUMONIA,BACTERIAL,1,f70a27d2d56f87fe2c5a7c66a4098f1c6bfcad75e5291c0bd8fa785246efb7b7,956b6a3ec23ea00f,False
img_003436,e:\Final_Project\Pnuemonia_Detection\data\raw_datasets\dataset_1\train\PNEUMONIA\BACTERIA-6076468-0010.jpeg,dataset_1,PNEUMONIA,BACTERIAL,1,7b3aef4e76c85f45f1aee0af3307d1e1b6b2a15808cc68d19628c621ad74997b,d0eee73b9138388a,False
img_002453,e:\Final_Project\Pnuemonia_Detection\data\raw_datasets\dataset_1\train\PNEUMONIA\BACTERIA-2792838-0005.jpeg,dataset_1,PNEUMONIA,BACTERIAL,1,7be4f002156aced4c25cb70b92524e30ca4a9d1422283f515691341b4d2fee5a,9429e387b6c2975a,False
img_001308,e:\Final_Project\Pnuemonia_Detection\data\raw_datasets\dataset_1\train\NORMAL\NORMAL-5650764-0003.jpeg,dataset_1,NORMAL,NORMAL,0,7ae1430bc8e0c24832084f849a69bfa95746700e11e85988135d06c426a5f52b,846cc74bcb4f48e5,False
img_003886,e:\Final_Project\Pnuemonia_Detection\data\raw_datasets\dataset_1\train\PNEUMONIA\BACTERIA-7801701-0003.jpeg,dataset_1,PNEUMONIA,BACTERIAL,1,a36a8bda94a1354c3ae2712ddd11c55f9fb4a4d6af0da3e079b5ead41334d398,c22a051f8f1e39fa,False
img_001904,e:\Final_Project\Pnuemonia_Detection\data\raw_datasets\dataset_1\train\NORMAL\NORMAL-9557588-0001.jpeg,dataset_1,NORMAL,NORMAL,0,b4c5a1d15e67e820fdfb42f5bf52a1b7d68bc9691339ed1c79035250449329fb,916fcf5e5d4d0818,False
img_002210,e:\Final_Project\Pnuemonia_Detection\data\raw_datasets\dataset_1\train\PNEUMONIA\BACTERIA-1910667-0001.jpeg,dataset_1,PNEUMONIA,BACTERIAL,1,7f0eda89dd7c09824c74408b7f753ca23046521aa254153b264bf36638af82c1,91bafa5e5c591c48,False
img_002408,e:\Final_Project\Pnuemonia_Detection\data\raw_datasets\dataset_1\train\PNEUMONIA\BACTERIA-2605775-0001.jpeg,dataset_1,PNEUMONIA,BACTERIAL,1,c889e9b75528bc3579e8e943221f9506f38a6214f88e7291dc66988db4b64400,d83fc61e68011fba,False
img_002786,e:\Final_Project\Pnuemonia_Detection\data\raw_datasets\dataset_1\train\PNEUMONIA\BACTERIA-3923358-0001.jpeg,dataset_1,PNEUMONIA,BACTERIAL,1,85e8598002c3e13c2a683a73c268d204c1315629e9994ab435a846a85bd18076,913d661c7c493fc2,False
img_004536,e:\Final_Project\Pnuemonia_Detection\data\raw_datasets\dataset_1\train\PNEUMONIA\VIRUS-1135060-0001.jpeg,dataset_1,PNEUMONIA,VIRAL,2,c7719fdc45f99705b877d15c215ea505674a603810a5c8839b81c1b191e8d454,d47e835bab3cc034,False
img_000746,e:\Final_Project\Pnuemonia_Detection\data\raw_datasets\dataset_1\train\NORMAL\NORMAL-1930015-0001.jpeg,dataset_1,NORMAL,NORMAL,0,5d8327386c4d038c6f5698531cd3c8845bef0629a69655f754b9b50c4b22733d,812bc63e98ca3df1,False
img_000129,e:\Final_Project\Pnuemonia_Detection\data\raw_datasets\dataset_1\test\NORMAL\NORMAL-5611875-0001.jpeg,dataset_1,NORMAL,NORMAL,0,efc9d3b463665902051d2fb89fa701008b74b596cbb3baa9d2f9c36dc227d53d,9135c73ea90b3d13,False
img_002775,e:\Final_Project\Pnuemonia_Detection\data\raw_datasets\dataset_1\train\PNEUMONIA\BACTERIA-3888559-0001.jpeg,dataset_1,PNEUMONIA,BACTERIAL,1,b93bd8f91568061b9a55ce422d550fd17b5d44b8b2ed189f86f90f39c8cb932e,dfaaaf38851e3086,False
img_004780,e:\Final_Project\Pnuemonia_Detection\data\raw_datasets\dataset_1\train\PNEUMONIA\VIRUS-2828734-0003.jpeg,dataset_1,PNEUMONIA,VIRAL,2,159652b1981928541feb57c1aa7bf0fb2d4a2382b3c12f96079496b6137617d0,916ac739b8ed28b4,False
img_002452,e:\Final_Project\Pnuemonia_Detection\data\raw_datasets\dataset_1\train\PNEUMONIA\BACTERIA-2792838-0004.jpeg,dataset_1,PNEUMONIA,BACTERIAL,1,5db69e4caa0349241fb8ef37b8fff103112f472f7efa3ef990b5c31f12abd891,d02ec71f954b3cc4,False
img_001046,e:\Final_Project\Pnuemonia_Detection\data\raw_datasets\dataset_1\train\NORMAL\NORMAL-3853078-0001.jpeg,dataset_1,NORMAL,NORMAL,0,0afd6e74e5f9f3eec2791ce490b99f8bb0758369fc33f806e157450373d97c55,947ce71bcf0d6884,False
img_001624,e:\Final_Project\Pnuemonia_Detection\data\raw_datasets\dataset_1\train\NORMAL\NORMAL-7662888-0001.jpeg,dataset_1,NORMAL,NORMAL,0,3c18affb72f2a8589413ac01e27f83341081a37af72d3ab9885d7fef7ae0f3e6,9139ce18ddcb1aca,False
img_000003,e:\Final_Project\Pnuemonia_Detection\data\raw_datasets\dataset_1\test\NORMAL\NORMAL-11419-0001.jpeg,dataset_1,NORMAL,NORMAL,0,44260268645a29bb52e54627f727d43be0611fdd6b675e836a07c6543fe4720c,d06ec31ec53d9c4c,False
img_002779,e:\Final_Project\Pnuemonia_Detection\data\raw_datasets\dataset_1\train\PNEUMONIA\BACTERIA-3896855-0001.jpeg,dataset_1,PNEUMONIA,BACTERIAL,1,ba02db14cc6e19de359e6aa7eeed26136490db6fecf4eb30c5332ec40bf2ecf5,9429e3b7d61e1a4a,False
img_005489,e:\Final_Project\Pnuemonia_Detection\data\raw_datasets\dataset_1\train\PNEUMONIA\VIRUS-745183-0002.jpeg,dataset_1,PNEUMONIA,VIRAL,2,14064c28b2eb13492638f8d9e430ae40bb81640cf17acea5893c30ab78501f68,946f4b1ecd0d1cc3,False
img_002588,e:\Final_Project\Pnuemonia_Detection\data\raw_datasets\dataset_1\train\PNEUMONIA\BACTERIA-3303372-0001.jpeg,dataset_1,PNEUMONIA,BACTERIAL,1,d909afa8b64e5ffc0c5d9c1cf95662d07004d54546e6ddb1b1519b0d923ebada,d466875b853dc46c,False
img_001678,e:\Final_Project\Pnuemonia_Detection\data\raw_datasets\dataset_1\train\NORMAL\NORMAL-8082616-0001.jpeg,dataset_1,NORMAL,NORMAL,0,6f6cc930b749d00a6afb8cb80c1a09304e60437997a4f2ade9a721e931cfef3e,802f875ac85e79e9,False
img_003829,e:\Final_Project\Pnuemonia_Detection\data\raw_datasets\dataset_1\train\PNEUMONIA\BACTERIA-7630183-0005.jpeg,dataset_1,PNEUMONIA,BACTERIAL,1,241875dea49dd45f5030f841f917ee711b724681814e6201f83774d2686069cd,903fe25fc24656c6,False
img_004662,e:\Final_Project\Pnuemonia_Detection\data\raw_datasets\dataset_1\train\PNEUMONIA\VIRUS-2043544-0001.jpeg,dataset_1,PNEUMONIA,VIRAL,2,7d426f7b396ea53c6c4028fb644f6489f57f01b653e39cacdaf3a15510996f08,9838e14a3de44fb5,False
img_002549,e:\Final_Project\Pnuemonia_Detection\data\raw_datasets\dataset_1\train\PNEUMONIA\BACTERIA-3135895-0001.jpeg,dataset_1,PNEUMONIA,BACTERIAL,1,b16819f84eb2e172402017e91898fd78801b83f3cbcab12d4fae0309ba840d71,d42ae31fd54f0543,False
img_001374,e:\Final_Project\Pnuemonia_Detection\data\raw_datasets\dataset_1\train\NORMAL\NORMAL-6081265-0001.jpeg,dataset_1,NORMAL,NORMAL,0,b0658fe6f5e804c8f749417688b58c412d8b6af22e44cb653c9a3fd02e3268eb,856fcf4a494569c3,False
img_000079,e:\Final_Project\Pnuemonia_Detection\data\raw_datasets\dataset_1\test\NORMAL\NORMAL-3921425-0001.jpeg,dataset_1,NORMAL,NORMAL,0,07d2b481acc505cd26005562b07a8c4e823603d815a37e6cadde2a33cc7f6b62,d06eaf19cf28c29a,False
img_004203,e:\Final_Project\Pnuemonia_Detection\data\raw_datasets\dataset_1\train\PNEUMONIA\BACTERIA-8738712-0010.jpeg,dataset_1,PNEUMONIA,BACTERIAL,1,30c14ab24373f030c697bffb4d83c4d5db4f4a206032d879995257b2c74fb1f9,903b670e0e393d75,False
img_000420,e:\Final_Project\Pnuemonia_Detection\data\raw_datasets\dataset_1\test\PNEUMONIA\BACTERIA-821920-0002.jpeg,dataset_1,PNEUMONIA,BACTERIAL,1,10084b44e05ab36f44de63a4dbe896234f3c384b11d16408472cd1441a584f7b,916faf3a0d2c8c4d,False
img_001566,e:\Final_Project\Pnuemonia_Detection\data\raw_datasets\dataset_1\train\NORMAL\NORMAL-7252162-0003.jpeg,dataset_1,NORMAL,NORMAL,0,9cd9b2afcde8c8555f9c9ded30ee0405f45d6ca0fe1e8ffb8154b7ea2c2ab85f,98e4a75bad78ac0c,False
img_002301,e:\Final_Project\Pnuemonia_Detection\data\raw_datasets\dataset_1\train\PNEUMONIA\BACTERIA-2190092-0003.jpeg,dataset_1,PNEUMONIA,BACTERIAL,1,257c8917370888f6d04193b9603ee82c1dc0943e76d62b345cefd20c7616767d,d03ef15f164a0e9a,False
img_004709,e:\Final_Project\Pnuemonia_Detection\data\raw_datasets\dataset_1\train\PNEUMONIA\VIRUS-2442765-0002.jpeg,dataset_1,PNEUMONIA,VIRAL,2,6d4075e78f29299f767ebf327e4fb441cf9345233c94643dac472dfea07105c0,807fef5bcb0d4a01,False
img_003083,e:\Final_Project\Pnuemonia_Detection\data\raw_datasets\dataset_1\train\PNEUMONIA\BACTERIA-4991468-0001.jpeg,dataset_1,PNEUMONIA,BACTERIAL,1,44617a258efdd711e8170c56141b894e962925e613cf35e3678583a7c699d826,843eab4b4b1c4d7c,False
img_000097,e:\Final_Project\Pnuemonia_Detection\data\raw_datasets\dataset_1\test\NORMAL\NORMAL-4852815-0001.jpeg,dataset_1,NORMAL,NORMAL,0,051e929ec1c818f67ddccad60aed4e87d325c6ef49aee3c407007350968055f9,946d871aad2c3cec,False
img_000452,e:\Final_Project\Pnuemonia_Detection\data\raw_datasets\dataset_1\test\PNEUMONIA\BACTERIA-9242636-0001.jpeg,dataset_1,PNEUMONIA,BACTERIAL,1,dac4f08d944df558f3331b6b0e479aabe4ba767074e6fdb423fbbce95aaa8551,9033c71fd44eb949,False
img_003058,e:\Final_Project\Pnuemonia_Detection\data\raw_datasets\dataset_1\train\PNEUMONIA\BACTERIA-4910472-0001.jpeg,dataset_1,PNEUMONIA,BACTERIAL,1,d796b5302d6457ee38fd65a751909eb08a34b425ce944122fd0b3a994a67b3ba,802fe76eacca8b8a,False
img_000754,e:\Final_Project\Pnuemonia_Detection\data\raw_datasets\dataset_1\train\NORMAL\NORMAL-200474-0001.jpeg,dataset_1,NORMAL,NORMAL,0,5f1a7bcf2e2066347066882a61c68ac5aa1de38e774ce0ed7404f07d673e8a02,907bd65e18591b95,False
img_003963,e:\Final_Project\Pnuemonia_Detection\data\raw_datasets\dataset_1\train\PNEUMONIA\BACTERIA-8047963-0003.jpeg,dataset_1,PNEUMONIA,BACTERIAL,1,7aa4b68d34557e4646ef4611670d2bd07b183a291d7f8f2d9ad0428366377761,917f421c6a787cd1,False
img_005445,e:\Final_Project\Pnuemonia_Detection\data\raw_datasets\dataset_1\train\PNEUMONIA\VIRUS-7150503-0002.jpeg,dataset_1,PNEUMONIA,VIRAL,2,626c22bea30e1c4068944404e9caa3f43b7581874afaf8436e8e63423c6f186a,d12bfa38342935b6,False
img_004906,e:\Final_Project\Pnuemonia_Detection\data\raw_datasets\dataset_1\train\PNEUMONIA\VIRUS-3722564-0004.jpeg,dataset_1,PNEUMONIA,VIRAL,2,12bb895e6ccd42714dc7cb7020b3cd6d4f9491e9e1c9a391e740470b11ad087b,d12a077b7869585d,False
img_002553,e:\Final_Project\Pnuemonia_Detection\data\raw_datasets\dataset_1\train\PNEUMONIA\BACTERIA-3146191-0002.jpeg,dataset_1,PNEUMONIA,BACTERIAL,1,2d5383f699d58f2b98506158d56854318230c990c0f92cca88cc44dc0798d627,91796153545b5eca,False
img_001074,e:\Final_Project\Pnuemonia_Detection\data\raw_datasets\dataset_1\train\NORMAL\NORMAL-3958628-0001.jpeg,dataset_1,NORMAL,NORMAL,0,c84015a5136b3e48bd6ddae90b52450c8d66cc320d4433ab4252a11cb0dc19f4,d46dc70bcd4c1cc3,False
img_000414,e:\Final_Project\Pnuemonia_Detection\data\raw_datasets\dataset_1\test\PNEUMONIA\BACTERIA-8190872-0001.jpeg,dataset_1,PNEUMONIA,BACTERIAL,1,96c522cc35ed96ff42ce07a929cdae18ac5329ac8609045092590e06fe2ce600,85bbe30e8cce38e2,False
img_003674,e:\Final_Project\Pnuemonia_Detection\data\raw_datasets\dataset_1\train\PNEUMONIA\BACTERIA-696130-0001.jpeg,dataset_1,PNEUMONIA,BACTERIAL,1,e10ddd78ce6c6070a2d220744be9fc04a825c5595963c5418c2c26c78d7869aa,902dc71aec693dc9,False
img_001457,e:\Final_Project\Pnuemonia_Detection\data\raw_datasets\dataset_1\train\NORMAL\NORMAL-6722546-0001.jpeg,dataset_1,NORMAL,NORMAL,0,6fd4e8fecbf0101770ae4682f71a6989042dce067d09048ffea6658babad3159,913ec21a1d5d1dd6,False
img_000448,e:\Final_Project\Pnuemonia_Detection\data\raw_datasets\dataset_1\test\PNEUMONIA\BACTERIA-9156003-0003.jpeg,dataset_1,PNEUMONIA,BACTERIAL,1,a3564ad0ed801e8922f7ce0aa50818f10fb0237a890c3877ffe20303e0145022,d06ce73e964b9903,False
img_002958,e:\Final_Project\Pnuemonia_Detection\data\raw_datasets\dataset_1\train\PNEUMONIA\BACTERIA-4521338-0002.jpeg,dataset_1,PNEUMONIA,BACTERIAL,1,f6bc4d034143cbe6597254a7a8105c5d808895ad2082e55b45b1894d00e5b5bd,d02fe71f945b1542,False
img_001988,e:\Final_Project\Pnuemonia_Detection\data\raw_datasets\dataset_1\train\PNEUMONIA\BACTERIA-1069837-0002.jpeg,dataset_1,PNEUMONIA,BACTERIAL,1,596a5fc3a91a47713e0843421ca6426a1624a854c5ee9b79359d046b18fed839,c0afa67ed64a1ac2,False
img_003222,e:\Final_Project\Pnuemonia_Detection\data\raw_datasets\dataset_1\train\PNEUMONIA\BACTERIA-537555-0001.jpeg,dataset_1,PNEUMONIA,BACTERIAL,1,f04ade96db601d92f01017883ab9f785d493c7090addfd4fd88c16235182f9d6,913f455a507b3555,False
img_001170,e:\Final_Project\Pnuemonia_Detection\data\raw_datasets\dataset_1\train\NORMAL\NORMAL-4663193-0001.jpeg,dataset_1,NORMAL,NORMAL,0,095df3f6ee4e502d5967b2119400b775d530976c92ecc643516b092c2661c88c,917bca1ac94b1cce,False
img_004314,e:\Final_Project\Pnuemonia_Detection\data\raw_datasets\dataset_1\train\PNEUMONIA\BACTERIA-9203081-0001.jpeg,dataset_1,PNEUMONIA,BACTERIAL,1,9ab94bbc87945c784199feb366952cdec9aaa3dd15503fbc39cae89234450423,956fee0ec04b1dc4,False
img_004156,e:\Final_Project\Pnuemonia_Detection\data\raw_datasets\dataset_1\train\PNEUMONIA\BACTERIA-8629313-0005.jpeg,dataset_1,PNEUMONIA,BACTERIAL,1,68ac31c4912224d65b2c8f9a9fac82a6037b30df2890c4917d01dfb5c9e95759,906eae3a961eb319,False
img_003792,e:\Final_Project\Pnuemonia_Detection\data\raw_datasets\dataset_1\train\PNEUMONIA\BACTERIA-7460986-0001.jpeg,dataset_1,PNEUMONIA,BACTERIAL,1,a46e2b6e05e1eb43da8c922f604503718739ffc02db4fcf097c4e64116c6e879,d17ae61e1d972914,False
img_005913,e:\Final_Project\Pnuemonia_Detection\data\raw_datasets\dataset_2\test\NORMAL\IM-0091-0001.jpeg,dataset_2,NORMAL,NORMAL,0,459ffdb42c3d03b3c0c8069d25bdda9aa894972d11966e7afeadafc23f47be91,91e5d6bace388239,False
img_002864,e:\Final_Project\Pnuemonia_Detection\data\raw_datasets\dataset_1\train\PNEUMONIA\BACTERIA-4241544-0001.jpeg,dataset_1,PNEUMONIA,BACTERIAL,1,7385a13422b6b95f723b9ca6e5029ecddd66c3b62b2c829805cc705365434c21,9464bb4dc79a8339,False
img_000873,e:\Final_Project\Pnuemonia_Detection\data\raw_datasets\dataset_1\train\NORMAL\NORMAL-2692080-0001.jpeg,dataset_1,NORMAL,NORMAL,0,c89048b1fb43238b984e9c707a2bb1a835bcf303129a111a37eac9740239662c,913ce21ade491cfc,False
img_001301,e:\Final_Project\Pnuemonia_Detection\data\raw_datasets\dataset_1\train\NORMAL\NORMAL-5633781-0001.jpeg,dataset_1,NORMAL,NORMAL,0,f04d896a653d793580feb2ef94becda96c3089a13ebaffd238d960e71a04c790,9129c61afa6b3969,False
img_001424,e:\Final_Project\Pnuemonia_Detection\data\raw_datasets\dataset_1\train\NORMAL\NORMAL-6462536-0001.jpeg,dataset_1,NORMAL,NORMAL,0,19a66b71178ee6be86357da9af2058ed1073805eae4a72c0968652eac23d839c,c164c33ced3cccc5,False
img_005772,e:\Final_Project\Pnuemonia_Detection\data\raw_datasets\dataset_1\train\PNEUMONIA\VIRUS-9377680-0003.jpeg,dataset_1,PNEUMONIA,VIRAL,2,9f84de5b7296bfb4dfa7b31f64630f12233a2e7d287ca7ba84a4360be8c399cf,94eaab3bc51ce02e,False
img_004470,e:\Final_Project\Pnuemonia_Detection\data\raw_datasets\dataset_1\train\PNEUMONIA\BACTERIA-9823114-0001.jpeg,dataset_1,PNEUMONIA,BACTERIAL,1,51ede0874889637294b14aa8aa9debdcc00af674b3deb64dd490e6ef74c72c47,d07ea71b8719033e,False
img_001884,e:\Final_Project\Pnuemonia_Detection\data\raw_datasets\dataset_1\train\NORMAL\NORMAL-9415787-0001.jpeg,dataset_1,NORMAL,NORMAL,0,dfc0453a56fe958ac1d707aad4892eab2e31d711d866d2667c030548aaef561d,906aca1ad95b58db,False
img_000056,e:\Final_Project\Pnuemonia_Detection\data\raw_datasets\dataset_1\test\NORMAL\NORMAL-3170711-0001.jpeg,dataset_1,NORMAL,NORMAL,0,b2803159571a7ff42323526dacf4a94db3f994f2f6e46c59ce128d5f75b93069,9125c63acd79986b,False
img_002796,e:\Final_Project\Pnuemonia_Detection\data\raw_datasets\dataset_1\train\PNEUMONIA\BACTERIA-3966302-0001.jpeg,dataset_1,PNEUMONIA,BACTERIAL,1,10bf46056cb07565fe8fd411cbdd6fc61a5ed63fe918326bfe4b032772f36656,d075c21feb0b3c68,False
img_002665,e:\Final_Project\Pnuemonia_Detection\data\raw_datasets\dataset_1\train\PNEUMONIA\BACTERIA-3516794-0001.jpeg,dataset_1,PNEUMONIA,BACTERIAL,1,1ab24caf52f8e73ff4d73fb9d2b1d94c830db54793b9defa7a008cebcbf3fd94,80aeaf0b8f4dc54d,False
img_000140,e:\Final_Project\Pnuemonia_Detection\data\raw_datasets\dataset_1\test\NORMAL\NORMAL-6106856-0001.jpeg,dataset_1,NORMAL,NORMAL,0,7836079645f02303e7217355eb1c183e013647b0a1b4c7e5321092fb36fd9783,d574c31bc329b466,False
img_004143,e:\Final_Project\Pnuemonia_Detection\data\raw_datasets\dataset_1\train\PNEUMONIA\BACTERIA-8595591-0001.jpeg,dataset_1,PNEUMONIA,BACTERIAL,1,4dd191a2d1e60ac1cfefa607f10155d95cf4bda15b885d01d8fcb7886557c3c0,91efc71ec60a834e,False
img_005945,e:\Final_Project\Pnuemonia_Detection\data\raw_datasets\dataset_2\test\NORMAL\NORMAL2-IM-0072-0001.jpeg,dataset_2,NORMAL,NORMAL,0,d86726c7c89f3d97c84a69421791888cef5bb7da468b23d63bb541f74d6055de,9179d65a5e5a185a,False
img_000087,e:\Final_Project\Pnuemonia_Detection\data\raw_datasets\dataset_1\test\NORMAL\NORMAL-4340661-0001.jpeg,dataset_1,NORMAL,NORMAL,0,1266232157dbef06850fc27a1d70b24bf7a690d382e6036ce93b068dd2733fc6,d036c31bcdcd3cc4,False
img_005566,e:\Final_Project\Pnuemonia_Detection\data\raw_datasets\dataset_1\train\PNEUMONIA\VIRUS-7997783-0002.jpeg,dataset_1,PNEUMONIA,VIRAL,2,adc3af4268d9eb7e2334cfbae97998a21f96216ef01f2b567f28929f41e1fca1,d46ac31bc92d3c87,False
img_004162,e:\Final_Project\Pnuemonia_Detection\data\raw_datasets\dataset_1\train\PNEUMONIA\BACTERIA-8660561-0001.jpeg,dataset_1,PNEUMONIA,BACTERIAL,1,8c917bd0806be2f87778e3a816faf52f50111695dbeb9ec429c28c213b18986a,d42fefba904a1cb0,False
img_005122,e:\Final_Project\Pnuemonia_Detection\data\raw_datasets\dataset_1\train\PNEUMONIA\VIRUS-5150733-0015.jpeg,dataset_1,PNEUMONIA,VIRAL,2,5dbf7eef975b7b3b732c0da894cded4da578ca50b7722f2430764e8ffc153d4f,d027961b956cb5cc,False
img_004425,e:\Final_Project\Pnuemonia_Detection\data\raw_datasets\dataset_1\train\PNEUMONIA\BACTERIA-9582372-0008.jpeg,dataset_1,PNEUMONIA,BACTERIAL,1,ef88a8090a1381cb6adb872cbfda8ac9dfb13bda07027ddb85fbebe8c87502a6,946aeb3ec229944f,False
img_000945,e:\Final_Project\Pnuemonia_Detection\data\raw_datasets\dataset_1\train\NORMAL\NORMAL-3220570-0003.jpeg,dataset_1,NORMAL,NORMAL,0,83227b250c11ed98d1d003c2ee53d58b6f6008c57e8f9d97ed1ff258b7c6be84,903ad65a9c593da5,False
img_005410,e:\Final_Project\Pnuemonia_Detection\data\raw_datasets\dataset_1\train\PNEUMONIA\VIRUS-6868991-0002.jpeg,dataset_1,PNEUMONIA,VIRAL,2,a3d14552c816d9ca34c62b1745c3089802225f539a5b749adb4fedda91513b2c,c036964b976b9dc2,False
img_005678,e:\Final_Project\Pnuemonia_Detection\data\raw_datasets\dataset_1\train\PNEUMONIA\VIRUS-869984-0002.jpeg,dataset_1,PNEUMONIA,VIRAL,2,477dc353ed21c1e33f607dd6bc6146d160b296a45907532a659b5a38e176ed52,d4bf5542aa2f28aa,False
img_003706,e:\Final_Project\Pnuemonia_Detection\data\raw_datasets\dataset_1\train\PNEUMONIA\BACTERIA-7172433-0002.jpeg,dataset_1,PNEUMONIA,BACTERIAL,1,b9ca403ac8be409893522b715550f7d00448003f86225ff9e21417cc7de60c93,806ef73faa0b38c1,False
img_003175,e:\Final_Project\Pnuemonia_Detection\data\raw_datasets\dataset_1\train\PNEUMONIA\BACTERIA-5212251-0004.jpeg,dataset_1,PNEUMONIA,BACTERIAL,1,2bcb439e8269fa6a6e4f6d87d94d914d2233ad100dcc4cc22b270baf5c819f6e,cc7e23391d557c44,False
img_003472,e:\Final_Project\Pnuemonia_Detection\data\raw_datasets\dataset_1\train\PNEUMONIA\BACTERIA-6235826-0006.jpeg,dataset_1,PNEUMONIA,BACTERIAL,1,fef3a2016447cfe95d6d0bd760ce20378f07714bea8458839f3680e676186034,906fee3acb1b004f,False
img_005709,e:\Final_Project\Pnuemonia_Detection\data\raw_datasets\dataset_1\train\PNEUMONIA\VIRUS-8967096-0002.jpeg,dataset_1,PNEUMONIA,VIRAL,2,2160d9ae01f718fbda61abe242c1c53e235419e056b14a78a75337761e6126f8,996da61a05d33d96,False
img_000853,e:\Final_Project\Pnuemonia_Detection\data\raw_datasets\dataset_1\train\NORMAL\NORMAL-2550782-0001.jpeg,dataset_1,NORMAL,NORMAL,0,ba696867ca5ecbb3e5f3a1e1c269e540a2b714f49144e63237ae30fd34b59749,c56f0f4949ea78e0,False
img_001766,e:\Final_Project\Pnuemonia_Detection\data\raw_datasets\dataset_1\train\NORMAL\NORMAL-8652901-0001.jpeg,dataset_1,NORMAL,NORMAL,0,ff53c7d9659e15d00aeb8f3eb49ad08c8378045f6454deaefa57c5ffd67c4446,917caf3a0f49384d,False
img_000415,e:\Final_Project\Pnuemonia_Detection\data\raw_datasets\dataset_1\test\PNEUMONIA\BACTERIA-8190872-0002.jpeg,dataset_1,PNEUMONIA,BACTERIAL,1,b3738f2a02b544985c777dfcbdd2a4b9e30653fe141948d4b928f9dd2c387fe4,907bce1e4a1aeb0b,False
img_004727,e:\Final_Project\Pnuemonia_Detection\data\raw_datasets\dataset_1\train\PNEUMONIA\VIRUS-2545214-0002.jpeg,dataset_1,PNEUMONIA,VIRAL,2,0332943e8b8cba1a6032b5e27e163c62fd83fc10d3d1812f79475c41ed655647,d007c31efc693c4b,False
img_005186,e:\Final_Project\Pnuemonia_Detection\data\raw_datasets\dataset_1\train\PNEUMONIA\VIRUS-5445920-0001.jpeg,dataset_1,PNEUMONIA,VIRAL,2,2c252653a8710c3d75e8ef1fb9de46d86080a25c37b821c4d5fe53fea6297d19,d029e30bfa687e49,False
img_002736,e:\Final_Project\Pnuemonia_Detection\data\raw_datasets\dataset_1\train\PNEUMONIA\BACTERIA-3724089-0006.jpeg,dataset_1,PNEUMONIA,BACTERIAL,1,efd89dc2f76b25ba6ac41b828a8c2962e88e755b2b265146df0064c0de9d86ec,902beb3cc63cf02e,False
img_005995,e:\Final_Project\Pnuemonia_Detection\data\raw_datasets\dataset_2\test\NORMAL\NORMAL2-IM-0246-0001-0001.jpeg,dataset_2,NORMAL,NORMAL,0,d33d41ad42d62152689b5e5939ee03a94fd827c707e47fb451364c1a32adce72,dc34c21fc60f9c4e,False
img_000959,e:\Final_Project\Pnuemonia_Detection\data\raw_datasets\dataset_1\train\NORMAL\NORMAL-3333785-0001.jpeg,dataset_1,NORMAL,NORMAL,0,b6aa837ecb19ef705164b245452d7772d8261786f91fc86f335ae8f2521f08e6,d46f8f1a484748d7,False
img_003899,e:\Final_Project\Pnuemonia_Detection\data\raw_datasets\dataset_1\train\PNEUMONIA\BACTERIA-783759-0003.jpeg,dataset_1,PNEUMONIA,BACTERIAL,1,550222a3a31cdf436ca998e454111e894973e93a726d15485dbd7e69b98e51aa,906aebe2c55ac39c,False
img_004375,e:\Final_Project\Pnuemonia_Detection\data\raw_datasets\dataset_1\train\PNEUMONIA\BACTERIA-9439110-0001.jpeg,dataset_1,PNEUMONIA,BACTERIAL,1,f79b4f9ee5166efff4407ebb803f48c3a06c51bdaa2a05080407f4a7cddb6480,946f6f5d5c480a1e,False
img_001928,e:\Final_Project\Pnuemonia_Detection\data\raw_datasets\dataset_1\train\NORMAL\NORMAL-974509-0001.jpeg,dataset_1,NORMAL,NORMAL,0,48c9a87c15f248e278161fa8dbca56834b832cccf898951c97ce74231025dc75,986dc71acb4b384d,False
img_005450,e:\Final_Project\Pnuemonia_Detection\data\raw_datasets\dataset_1\train\PNEUMONIA\VIRUS-7194095-0002.jpeg,dataset_1,PNEUMONIA,VIRAL,2,c63b37f558caa359c798c3c39c72f881384b4dc0131fc50de90bdb6d0e61f676,d0e2975b9d788668,False
img_005694,e:\Final_Project\Pnuemonia_Detection\data\raw_datasets\dataset_1\train\PNEUMONIA\VIRUS-8806791-0002.jpeg,dataset_1,PNEUMONIA,VIRAL,2,e93a448776e94e9bd8b3bebb05b244e75b70b7a1ce69ddc16c50e5ad94f29444,913fd61cc11db887,False
img_005532,e:\Final_Project\Pnuemonia_Detection\data\raw_datasets\dataset_1\train\PNEUMONIA\VIRUS-7794093-0008.jpeg,dataset_1,PNEUMONIA,VIRAL,2,4fe1073ac1d57e18a5415e4ae2c1c27b9f73114c608a76a11f6c719275011b3d,d02bf61e5c493959,False
img_005399,e:\Final_Project\Pnuemonia_Detection\data\raw_datasets\dataset_1\train\PNEUMONIA\VIRUS-6769685-0002.jpeg,dataset_1,PNEUMONIA,VIRAL,2,01ba0d1450df76b939c8096010ccb0fda512814de599683757fc7dcd51c8f6d9,956dea1cc539344b,False
img_002609,e:\Final_Project\Pnuemonia_Detection\data\raw_datasets\dataset_1\train\PNEUMONIA\BACTERIA-3345721-0001.jpeg,dataset_1,PNEUMONIA,BACTERIAL,1,c3603776b071aebec8afd11d68f34f9c743c949f2b749bc8a8ff70e4d5b839c8,917bee3de043a342,False
img_000057,e:\Final_Project\Pnuemonia_Detection\data\raw_datasets\dataset_1\test\NORMAL\NORMAL-3189250-0001.jpeg,dataset_1,NORMAL,NORMAL,0,01c0fd86393c1d436b164335ea4f020d44805f4d08ae9cae9adbd58ec79defc6,d47cc71b9b8b3890,False
img_004302,e:\Final_Project\Pnuemonia_Detection\data\raw_datasets\dataset_1\train\PNEUMONIA\BACTERIA-9176919-0003.jpeg,dataset_1,PNEUMONIA,BACTERIAL,1,26ebbeba031c7a919520ab15b7d71925e4b910a37a1562838a1f290d0bb7462e,996eb7292629a66a,False
img_003740,e:\Final_Project\Pnuemonia_Detection\data\raw_datasets\dataset_1\train\PNEUMONIA\BACTERIA-7338081-0001.jpeg,dataset_1,PNEUMONIA,BACTERIAL,1,be01aba3063d6045527a9a211b8c263a3ed74ee7981c0b0f750e0a2257b149a2,dc7aa22eea29a724,False
img_001594,e:\Final_Project\Pnuemonia_Detection\data\raw_datasets\dataset_1\train\NORMAL\NORMAL-7434576-0001.jpeg,dataset_1,NORMAL,NORMAL,0,a97d81036f171e570f56a8fdbdcdc6e055a8baecc3381087112e38daa5629cbb,d476873b8d2c3c86,False
img_002487,e:\Final_Project\Pnuemonia_Detection\data\raw_datasets\dataset_1\train\PNEUMONIA\BACTERIA-292199-0001.jpeg,dataset_1,PNEUMONIA,BACTERIAL,1,84ba8d3521b98c3c60cdbce7c8dd142a4289f5aebe5b8aa0956e5f6c5752552d,d4faaf0d05155d16,False
img_000400,e:\Final_Project\Pnuemonia_Detection\data\raw_datasets\dataset_1\test\PNEUMONIA\BACTERIA-7098043-0001.jpeg,dataset_1,PNEUMONIA,BACTERIAL,1,b03a2dc58d3b3d516494dab78c8bd32d0409ef6b65d95cbaf997969123748713,ca2b915b8a79285f,False
img_002646,e:\Final_Project\Pnuemonia_Detection\data\raw_datasets\dataset_1\train\PNEUMONIA\BACTERIA-345112-0001.jpeg,dataset_1,PNEUMONIA,BACTERIAL,1,2f71ab6e5409f8558129ca309e572377ea13ebac3a26bd287006aadcdf93f1ff,c97f7a5fdd289000,False
img_003078,e:\Final_Project\Pnuemonia_Detection\data\raw_datasets\dataset_1\train\PNEUMONIA\BACTERIA-4973842-0004.jpeg,dataset_1,PNEUMONIA,BACTERIAL,1,f5cc5b0558e49d20fa48fd9c40d4c83014d52c7ea8c9f44d98f846dc5163e6e5,9551e13ee402ffc4,False
img_003482,e:\Final_Project\Pnuemonia_Detection\data\raw_datasets\dataset_1\train\PNEUMONIA\BACTERIA-6280838-0002.jpeg,dataset_1,PNEUMONIA,BACTERIAL,1,1efbf0485d2e249fd194e9d07aae796b613ad4766865bd5a5328677fa433c715,956be218871ac75e,False
img_002731,e:\Final_Project\Pnuemonia_Detection\data\raw_datasets\dataset_1\train\PNEUMONIA\BACTERIA-3724089-0001.jpeg,dataset_1,PNEUMONIA,BACTERIAL,1,9d4b73e3ff678b582d3fe26066913ec783dd3b11959611adfe69b5db1359e1c1,d02fe93e4b0da82d,False
img_003274,e:\Final_Project\Pnuemonia_Detection\data\raw_datasets\dataset_1\train\PNEUMONIA\BACTERIA-5510638-0005.jpeg,dataset_1,PNEUMONIA,BACTERIAL,1,a8e14b4abc183b834132956b38b0c3cdddf4162093f148dbb4d590c986d0064d,906fef1e941a1b49,False
img_005823,e:\Final_Project\Pnuemonia_Detection\data\raw_datasets\dataset_1\train\PNEUMONIA\VIRUS-9722112-0002.jpeg,dataset_1,PNEUMONIA,VIRAL,2,7ab5733a1395771fe3386babf87a1c4c4381e31648d1890fb787fc81efe18717,9029e11ee65abeca,False
img_002536,e:\Final_Project\Pnuemonia_Detection\data\raw_datasets\dataset_1\train\PNEUMONIA\BACTERIA-3076396-0002.jpeg,dataset_1,PNEUMONIA,BACTERIAL,1,be99d3f0af9fa81791fc4f000af29cfbc820c74c732f195681a0a209208f70f5,902fe71f434b19c3,False
img_004194,e:\Final_Project\Pnuemonia_Detection\data\raw_datasets\dataset_1\train\PNEUMONIA\BACTERIA-8738712-0001.jpeg,dataset_1,PNEUMONIA,BACTERIAL,1,11774f4cf3208afbeb97044e20b05e3b8696c115410d20a766194032a3463534,912bfe5e5d1b0909,False
img_003529,e:\Final_Project\Pnuemonia_Detection\data\raw_datasets\dataset_1\train\PNEUMONIA\BACTERIA-6420973-0007.jpeg,dataset_1,PNEUMONIA,BACTERIAL,1,cf2b261e87753ac8117b908b317ac2c927f16840431684ecea6f6d412323abf5,d06fa71eb11b1e03,False
img_001476,e:\Final_Project\Pnuemonia_Detection\data\raw_datasets\dataset_1\train\NORMAL\NORMAL-6893621-0001.jpeg,dataset_1,NORMAL,NORMAL,0,36cdffdf4e84865002860dd03af3b6f94a7c835fee50344234bc2535c3730de3,d02dc71b89cd3ac6,False
img_002505,e:\Final_Project\Pnuemonia_Detection\data\raw_datasets\dataset_1\train\PNEUMONIA\BACTERIA-2982508-0001.jpeg,dataset_1,PNEUMONIA,BACTERIAL,1,15ccb28f1c90059d990e59d5b5a1513ea05c91068736fa373d92a0b4fc3b7cec,943d561e9e8b1d83,False
img_004415,e:\Final_Project\Pnuemonia_Detection\data\raw_datasets\dataset_1\train\PNEUMONIA\BACTERIA-957582-0001.jpeg,dataset_1,PNEUMONIA,BACTERIAL,1,cbe1da8b910e7a4fa17696ae7b994e4af726875eb4f789eb630c4fd86d6e10b4,943bd31e945dbcc0,False
img_000402,e:\Final_Project\Pnuemonia_Detection\data\raw_datasets\dataset_1\test\PNEUMONIA\BACTERIA-7257218-0001.jpeg,dataset_1,PNEUMONIA,BACTERIAL,1,792d450160e7f6e371b9c53303c8935ac10ab80422b40af3f19af9e0c75ac44a,94ff6f18c30a88ce,False
img_004372,e:\Final_Project\Pnuemonia_Detection\data\raw_datasets\dataset_1\train\PNEUMONIA\BACTERIA-9434229-0002.jpeg,dataset_1,PNEUMONIA,BACTERIAL,1,74ad67aea48c70e0e7b2c449d5bf96ac98a11cf112b34d40468f79ab070c451f,d02eb67ab949383c,False
img_003037,e:\Final_Project\Pnuemonia_Detection\data\raw_datasets\dataset_1\train\PNEUMONIA\BACTERIA-4757979-0001.jpeg,dataset_1,PNEUMONIA,BACTERIAL,1,ccba90f31ae8eed17ba750ccb322644270a9b167c9bb08fd9e985051d90ebfa1,d02feb1e920b3c4b,False
img_005366,e:\Final_Project\Pnuemonia_Detection\data\raw_datasets\dataset_1\train\PNEUMONIA\VIRUS-6592427-0002.jpeg,dataset_1,PNEUMONIA,VIRAL,2,02f3baa3902c986f327ec7447561cfcf2191f3d7b3d80c567a3837e36048dbdd,d46ca43eb41af187,False
img_003877,e:\Final_Project\Pnuemonia_Detection\data\raw_datasets\dataset_1\train\PNEUMONIA\BACTERIA-778527-0001.jpeg,dataset_1,PNEUMONIA,BACTERIAL,1,b3f4d15911f74af9d4a7020a7daf0d822ca27392618065da87aa8498b6f2029d,90eeab3bc759940a,False
img_001838,e:\Final_Project\Pnuemonia_Detection\data\raw_datasets\dataset_1\train\NORMAL\NORMAL-9084382-0003.jpeg,dataset_1,NORMAL,NORMAL,0,a3f302e68fe36ccc00285c3ded58d8e43333fcb814edb52131bd13129ca9db96,916fcf1a890d49c7,False
img_002939,e:\Final_Project\Pnuemonia_Detection\data\raw_datasets\dataset_1\train\PNEUMONIA\BACTERIA-4456962-0004.jpeg,dataset_1,PNEUMONIA,BACTERIAL,1,68719c0e8d3f6dbcd2b3e1a6c83e6348a420f0a6f6a74535d82e4897362762f0,d02be33e7a6d9448,False
img_004175,e:\Final_Project\Pnuemonia_Detection\data\raw_datasets\dataset_1\train\PNEUMONIA\BACTERIA-8690813-0001.jpeg,dataset_1,PNEUMONIA,BACTERIAL,1,acd2069eac2da091a12ccb3c8d61c03acb406cab96ac5296383c62fbc8f7dfb3,812b561e425d7d6d,False
img_002880,e:\Final_Project\Pnuemonia_Detection\data\raw_datasets\dataset_1\train\PNEUMONIA\BACTERIA-4323851-0001.jpeg,dataset_1,PNEUMONIA,BACTERIAL,1,a55ce05945aacae7884d3a76c53d650bf1a1fb18f4215e0d59c63c462127de10,d0fd150aaa0d0f6f,False
img_003828,e:\Final_Project\Pnuemonia_Detection\data\raw_datasets\dataset_1\train\PNEUMONIA\BACTERIA-7630183-0004.jpeg,dataset_1,PNEUMONIA,BACTERIAL,1,69321d45b71d0b9517eff2e518ae3d63ac8d80bd4c60ef73ba2f017bd5aa1ce2,802aa30fc64f7ce7,False
img_000204,e:\Final_Project\Pnuemonia_Detection\data\raw_datasets\dataset_1\test\NORMAL\NORMAL-8418332-0001.jpeg,dataset_1,NORMAL,NORMAL,0,d1767ca9ebf61aa022b0db5d14de0ef81a5b9c2c9796dd9e60af679aa7f148d3,9129c21ede693d69,False
img_002136,e:\Final_Project\Pnuemonia_Detection\data\raw_datasets\dataset_1\train\PNEUMONIA\BACTERIA-1623574-0002.jpeg,dataset_1,PNEUMONIA,BACTERIAL,1,83852d2334cae8bb1bde6b7dbe2f9d760b27ffcaafa09a226346a94f7da7a924,9461e21ac33bc73e,False
img_000509,e:\Final_Project\Pnuemonia_Detection\data\raw_datasets\dataset_1\test\PNEUMONIA\VIRUS-3028666-0001.jpeg,dataset_1,PNEUMONIA,VIRAL,2,0df8b23400330b618b01f0302085f38c4f0f009143daea5c8e329a7e38210d00,d0b5c61ecb39306b,False
img_000693,e:\Final_Project\Pnuemonia_Detection\data\raw_datasets\dataset_1\train\NORMAL\NORMAL-1530010-0002.jpeg,dataset_1,NORMAL,NORMAL,0,0cf4c0683ebadbe39d0d3f70824fe442cc427043416d240fe0ef670eb3124607,9178c61a9dcb39c6,False
img_003389,e:\Final_Project\Pnuemonia_Detection\data\raw_datasets\dataset_1\train\PNEUMONIA\BACTERIA-5911257-0001.jpeg,dataset_1,PNEUMONIA,BACTERIAL,1,cfdfd1a40f80a0b9ab07df1e663c661b2050b42bc48a3721d6ab7d48cab4a908,d46fa71b8319a51c,False
img_003129,e:\Final_Project\Pnuemonia_Detection\data\raw_datasets\dataset_1\train\PNEUMONIA\BACTERIA-513140-0003.jpeg,dataset_1,PNEUMONIA,BACTERIAL,1,b11dc18cd98f805482185cedc15f5b2b243f2b6394606f307d1fbc0fb0c66d11,c52f621b1b4b1f4a,False
img_001823,e:\Final_Project\Pnuemonia_Detection\data\raw_datasets\dataset_1\train\NORMAL\NORMAL-9020082-0003.jpeg,dataset_1,NORMAL,NORMAL,0,14d94771b8ba0e2392b454ae56e52dc9eee9a3fd00158f947cf0b51befc9c0aa,d42fc71b8dc91994,False
img_004423,e:\Final_Project\Pnuemonia_Detection\data\raw_datasets\dataset_1\train\PNEUMONIA\BACTERIA-9582372-0006.jpeg,dataset_1,PNEUMONIA,BACTERIAL,1,5321ac59053ee4c1b6df87ab0b548f22355da7ceb5030ced35e5dadeac861e4e,942b6b7ec04d3c4d,False
img_004924,e:\Final_Project\Pnuemonia_Detection\data\raw_datasets\dataset_1\train\PNEUMONIA\VIRUS-3828519-0006.jpeg,dataset_1,PNEUMONIA,VIRAL,2,bb4b8906c42bfeb05e7c9dccdc549e1c722cb288734bc666db169d6861aa2e55,9568ae3a1d1f194d,False
img_002755,e:\Final_Project\Pnuemonia_Detection\data\raw_datasets\dataset_1\train\PNEUMONIA\BACTERIA-384983-0001.jpeg,dataset_1,PNEUMONIA,BACTERIAL,1,0fa45683452b03fd8e42fe16b2f93f622ba3eea41961c0cba883fe349eddd866,d46aa31b851f6467,False
img_002062,e:\Final_Project\Pnuemonia_Detection\data\raw_datasets\dataset_1\train\PNEUMONIA\BACTERIA-1281442-0002.jpeg,dataset_1,PNEUMONIA,BACTERIAL,1,4c368a799fd8adb64e591d49f1ff189250b1a173a1d885ab779f42811bbcd495,906f5f1a8a1f914e,False
img_003075,e:\Final_Project\Pnuemonia_Detection\data\raw_datasets\dataset_1\train\PNEUMONIA\BACTERIA-4973842-0001.jpeg,dataset_1,PNEUMONIA,BACTERIAL,1,275c7cc9054dc4cb8d49cdcc996fe1e1a62d8755daee7d77b2b293d7f97380bc,d1ee87dbd7598010,False
img_000095,e:\Final_Project\Pnuemonia_Detection\data\raw_datasets\dataset_1\test\NORMAL\NORMAL-4766279-0001.jpeg,dataset_1,NORMAL,NORMAL,0,d7308e52a0f0d5061f8e8b351d2c1ddab7f349317951f26258d6b15851cbac3c,9164861ae93c79ed,False
img_002924,e:\Final_Project\Pnuemonia_Detection\data\raw_datasets\dataset_1\train\PNEUMONIA\BACTERIA-4410113-0001.jpeg,dataset_1,PNEUMONIA,BACTERIAL,1,3f2e0fa58cad795bf4799d05f597affc11a43bb68faa9a449ba368ef54ce2385,d03fe77c584e3c08,False
img_003192,e:\Final_Project\Pnuemonia_Detection\data\raw_datasets\dataset_1\train\PNEUMONIA\BACTERIA-5250831-0006.jpeg,dataset_1,PNEUMONIA,BACTERIAL,1,8c65258d61edcdad560ad10882fdfaa3806b880e681f9f00c9672cc2dc90e1da,946dc71fc30a2d4e,False
img_002858,e:\Final_Project\Pnuemonia_Detection\data\raw_datasets\dataset_1\train\PNEUMONIA\BACTERIA-4218548-0001.jpeg,dataset_1,PNEUMONIA,BACTERIAL,1,d6a6434493ca7b63a2507deea22cf58550b5dec659d7f398e352c74693052e93,d03fe31f94701693,False
img_003748,e:\Final_Project\Pnuemonia_Detection\data\raw_datasets\dataset_1\train\PNEUMONIA\BACTERIA-7392124-0001.jpeg,dataset_1,PNEUMONIA,BACTERIAL,1,cc02b7d293a54a25650d664ba0d3450e9698dd786a51729d804baf9bd3a6ab44,802ac7433dc1cf9f,False
img_001226,e:\Final_Project\Pnuemonia_Detection\data\raw_datasets\dataset_1\train\NORMAL\NORMAL-506998-0001.jpeg,dataset_1,NORMAL,NORMAL,0,32a70e6446e9ebf84456293df9dc920a398c6081a1b5a50f26c913f5bc0be2e7,912bc61a9cf83db1,False
img_004975,e:\Final_Project\Pnuemonia_Detection\data\raw_datasets\dataset_1\train\PNEUMONIA\VIRUS-4170270-0004.jpeg,dataset_1,PNEUMONIA,VIRAL,2,62e8f5c929266dbee98d213aaea3cad190a54a261e5ed62729abe811c8c5c20f,9125c61ac57b3c67,False
img_004626,e:\Final_Project\Pnuemonia_Detection\data\raw_datasets\dataset_1\train\PNEUMONIA\VIRUS-1754515-0002.jpeg,dataset_1,PNEUMONIA,VIRAL,2,3aba61f611c432018a3cd8f3100cc7c58e0e06bfa01fe78dba0554fdbc24d60e,d0a5c31fc469b46d,False
img_000590,e:\Final_Project\Pnuemonia_Detection\data\raw_datasets\dataset_1\test\PNEUMONIA\VIRUS-7477247-0001.jpeg,dataset_1,PNEUMONIA,VIRAL,2,4dd2c63f50e1faeda72402dbf27e99b37f2ad28474f2449ecc19daa5adfb3704,9065c73aca38e96d,False
img_003390,e:\Final_Project\Pnuemonia_Detection\data\raw_datasets\dataset_1\train\PNEUMONIA\BACTERIA-5917462-0001.jpeg,dataset_1,PNEUMONIA,BACTERIAL,1,7e7f73fee9f61adab7cdf9c0276044ebea505f45613405d5510f896b652eefe3,c1bfce1ac30bb8c2,False
img_005561,e:\Final_Project\Pnuemonia_Detection\data\raw_datasets\dataset_1\train\PNEUMONIA\VIRUS-7986969-0002.jpeg,dataset_1,PNEUMONIA,VIRAL,2,761c8efc5e37fec4769896d9dec7ed765384e2370dd618fb1499950430dd5572,9125c71ec65ab64b,False
img_004564,e:\Final_Project\Pnuemonia_Detection\data\raw_datasets\dataset_1\train\PNEUMONIA\VIRUS-1334718-0002.jpeg,dataset_1,PNEUMONIA,VIRAL,2,dc1d58cf47581751b146c314a89a46c6f5e7a5798642bc6461565d9d90ac6c11,c06fbe3a0b055d35,False
img_003924,e:\Final_Project\Pnuemonia_Detection\data\raw_datasets\dataset_1\train\PNEUMONIA\BACTERIA-7933423-0001.jpeg,dataset_1,PNEUMONIA,BACTERIAL,1,8ff55f2e20510de960ebfbf0de544749ce261cccb6b5670d70d35342bbd803dc,912b561ad24b3ecb,False
img_002856,e:\Final_Project\Pnuemonia_Detection\data\raw_datasets\dataset_1\train\PNEUMONIA\BACTERIA-4214872-0001.jpeg,dataset_1,PNEUMONIA,BACTERIAL,1,27fad1275d0f6904de68c6c5bb33923b580a9d425f43a68f1a33433a01d66061,c4e4f31be92f2886,False
img_000718,e:\Final_Project\Pnuemonia_Detection\data\raw_datasets\dataset_1\train\NORMAL\NORMAL-1715076-0001.jpeg,dataset_1,NORMAL,NORMAL,0,2a545a0ceda22dd51909410b3db95f9b4382c8fbb3ea8183bb750e9cd998dc88,d02bc31bbce83cb1,False
img_005819,e:\Final_Project\Pnuemonia_Detection\data\raw_datasets\dataset_1\train\PNEUMONIA\VIRUS-9679656-0001.jpeg,dataset_1,PNEUMONIA,VIRAL,2,9167e964e8bffcc1970483a5437823e13894df5980d2e31303700a9e9846db6d,8131e7963dd2463d,False
img_004043,e:\Final_Project\Pnuemonia_Detection\data\raw_datasets\dataset_1\train\PNEUMONIA\BACTERIA-8313249-0002.jpeg,dataset_1,PNEUMONIA,BACTERIAL,1,91fd858fe929c586cc8e5b139fe647f179a7475e4b1bfd9c39e4eead1c1be319,d4afff55d5141408,False
img_005367,e:\Final_Project\Pnuemonia_Detection\data\raw_datasets\dataset_1\train\PNEUMONIA\VIRUS-6608539-0002.jpeg,dataset_1,PNEUMONIA,VIRAL,2,0fda909430399689fd98bda155369f917b6865795a7831653906b3d627f374f0,d07ee73fe13d2800,False
img_001297,e:\Final_Project\Pnuemonia_Detection\data\raw_datasets\dataset_1\train\NORMAL\NORMAL-5602301-0001.jpeg,dataset_1,NORMAL,NORMAL,0,19deafbd4cb13b7bca7e9c83466066c0d0c9e1678861519dcb1d0a45a79b0362,95fc875ac98569c1,False
img_005481,e:\Final_Project\Pnuemonia_Detection\data\raw_datasets\dataset_1\train\PNEUMONIA\VIRUS-7418831-0008.jpeg,dataset_1,PNEUMONIA,VIRAL,2,80746f9bdca262796512b360a48cedf920f2531625b93733d7aad2bc3df1b5fe,9029e5673eb4c2a7,False
img_003696,e:\Final_Project\Pnuemonia_Detection\data\raw_datasets\dataset_1\train\PNEUMONIA\BACTERIA-7091759-0001.jpeg,dataset_1,PNEUMONIA,BACTERIAL,1,4a6d5fd695a224e978ffa43343b006569a52dc91ba17476d9d026c79a2527b20,d47ee7388d282c8e,False
img_005286,e:\Final_Project\Pnuemonia_Detection\data\raw_datasets\dataset_1\train\PNEUMONIA\VIRUS-6149071-0002.jpeg,dataset_1,PNEUMONIA,VIRAL,2,4ec9e30fba226ad46877f87175c6dd2237b8c2f211184180565a661e7b1d8dfd,d0ade71f43455c45,False
img_005765,e:\Final_Project\Pnuemonia_Detection\data\raw_datasets\dataset_1\train\PNEUMONIA\VIRUS-9361906-0007.jpeg,dataset_1,PNEUMONIA,VIRAL,2,6148708ccd747af7f18fb90fd6213a14c2f051a07e7def08b900936b323743e0,907bc71c1c5b1e0f,False
img_003403,e:\Final_Project\Pnuemonia_Detection\data\raw_datasets\dataset_1\train\PNEUMONIA\BACTERIA-5974084-0001.jpeg,dataset_1,PNEUMONIA,BACTERIAL,1,5a2cfe7d19985a63321bc1881d0092d58a42ad8d246b84daed29a2f273fd8644,d42f0b0a4d5d5ccb,False
img_003060,e:\Final_Project\Pnuemonia_Detection\data\raw_datasets\dataset_1\train\PNEUMONIA\BACTERIA-4926034-0001.jpeg,dataset_1,PNEUMONIA,BACTERIAL,1,928ac73acc701ed5ae89c8793b30447201678d7dc79415231bfeafc9d89966b4,d566b26ab1922c97,False
img_005064,e:\Final_Project\Pnuemonia_Detection\data\raw_datasets\dataset_1\train\PNEUMONIA\VIRUS-4719778-0004.jpeg,dataset_1,PNEUMONIA,VIRAL,2,917e1097d512d5304e0c0fe9c7ab7a7f31ea1c18edde363ba5c78f048440fb10,975a8618318d797b,False
img_002033,e:\Final_Project\Pnuemonia_Detection\data\raw_datasets\dataset_1\train\PNEUMONIA\BACTERIA-1129531-0001.jpeg,dataset_1,PNEUMONIA,BACTERIAL,1,f5f3c18fd8c20f770286d9343d9992ed29e3e690f4165bc69076a69ad178f9f4,89396f1937a732c2,False
img_003259,e:\Final_Project\Pnuemonia_Detection\data\raw_datasets\dataset_1\train\PNEUMONIA\BACTERIA-5476259-0001.jpeg,dataset_1,PNEUMONIA,BACTERIAL,1,5ce27107776708dab205a1a57732ac2781cfe6962b87e77e5cbae3aebaaf56c6,953ea71a092d3dc6,False
img_002433,e:\Final_Project\Pnuemonia_Detection\data\raw_datasets\dataset_1\train\PNEUMONIA\BACTERIA-2701747-0001.jpeg,dataset_1,PNEUMONIA,BACTERIAL,1,0b8f2752168ac273e56d417afac020d3b7a70807f5f655c229bc39d8d6a6304c,916ea61b90ce1afa,False
img_005816,e:\Final_Project\Pnuemonia_Detection\data\raw_datasets\dataset_1\train\PNEUMONIA\VIRUS-9674936-0007.jpeg,dataset_1,PNEUMONIA,VIRAL,2,ab2a188c442d23e82ba624c5528ce748bba6b4e5ec2dc9454828763e443d2a91,d46a2f3ea33c283c,False
img_002920,e:\Final_Project\Pnuemonia_Detection\data\raw_datasets\dataset_1\train\PNEUMONIA\BACTERIA-4401421-0001.jpeg,dataset_1,PNEUMONIA,BACTERIAL,1,9f94b08087d911f3d7022d9de8338fa89e07b12d04eb95ea9a576b5b6f3323aa,d56ee21f431d0d89,False
img_003248,e:\Final_Project\Pnuemonia_Detection\data\raw_datasets\dataset_1\train\PNEUMONIA\BACTERIA-5445939-0001.jpeg,dataset_1,PNEUMONIA,BACTERIAL,1,7b07acd46eff5e7421eb1ac7dc98549008b3941273def481b1dfd0d4492d424d,997eaf16412c54e3,False
img_001284,e:\Final_Project\Pnuemonia_Detection\data\raw_datasets\dataset_1\train\NORMAL\NORMAL-5505017-0003.jpeg,dataset_1,NORMAL,NORMAL,0,6524b2162fbe8953fc95c88c992a46d5fd46ccfc08854a5752e694521d4907b3,d12ace1a5d791d1a,False
img_001498,e:\Final_Project\Pnuemonia_Detection\data\raw_datasets\dataset_1\train\NORMAL\NORMAL-6972088-0001.jpeg,dataset_1,NORMAL,NORMAL,0,7263615cba042c959114280f7119ded8af1c933253463bcf574afd56967c5bbe,91adc63acb69386c,False
img_002614,e:\Final_Project\Pnuemonia_Detection\data\raw_datasets\dataset_1\train\PNEUMONIA\BACTERIA-3367145-0001.jpeg,dataset_1,PNEUMONIA,BACTERIAL,1,02c0c87e22eb38734ac9de1f2ebf7d7bbe84562a5356bce68a7f946c664ecdfe,81bcd75905695c4f,False
img_004624,e:\Final_Project\Pnuemonia_Detection\data\raw_datasets\dataset_1\train\PNEUMONIA\VIRUS-1748581-0002.jpeg,dataset_1,PNEUMONIA,VIRAL,2,c016bac69a42f6c9ed60e87d530f96af8f79fc5748e6c3477cf95d90b2421d60,d46ce73be10f2807,False
img_000478,e:\Final_Project\Pnuemonia_Detection\data\raw_datasets\dataset_1\test\PNEUMONIA\VIRUS-1142234-0001.jpeg,dataset_1,PNEUMONIA,VIRAL,2,6d202cc2790011f040d1e320128360322f71234bf262e738267f689f310b88cc,9129e23a7e683d69,False
img_005573,e:\Final_Project\Pnuemonia_Detection\data\raw_datasets\dataset_1\train\PNEUMONIA\VIRUS-8062954-0001.jpeg,dataset_1,PNEUMONIA,VIRAL,2,bf01d2ebf5f9c663a717f223f855e324b19ebc2a74ca19babde6d4a30823b40d,9460c31bcd6db44f,False
img_004325,e:\Final_Project\Pnuemonia_Detection\data\raw_datasets\dataset_1\train\PNEUMONIA\BACTERIA-9233366-0001.jpeg,dataset_1,PNEUMONIA,BACTERIAL,1,fa4fa8334755509f01b35e57142c08f0fc835eb135c763c86ca74bc21e1d77e5,d0f4c31bd30fb04b,False
img_000932,e:\Final_Project\Pnuemonia_Detection\data\raw_datasets\dataset_1\train\NORMAL\NORMAL-3156332-0002.jpeg,dataset_1,NORMAL,NORMAL,0,847547692b9fa8ecdefaeb47402847cce00132ff04e0c4522601075af0350d52,8d6e031b475a7d4c,False
img_000013,e:\Final_Project\Pnuemonia_Detection\data\raw_datasets\dataset_1\test\NORMAL\NORMAL-152130-0001.jpeg,dataset_1,NORMAL,NORMAL,0,70bc01a4326058b25321ad1e2410258c213eb4992f9b93b940dd55ddfe58a952,d035c33dc42db86d,False
img_002191,e:\Final_Project\Pnuemonia_Detection\data\raw_datasets\dataset_1\train\PNEUMONIA\BACTERIA-183203-0001.jpeg,dataset_1,PNEUMONIA,BACTERIAL,1,6ee5d5077a0e61215ec83dc19c7036dc6138a6342fb09af42359968e539f2df3,986f071a453c657d,False
img_004357,e:\Final_Project\Pnuemonia_Detection\data\raw_datasets\dataset_1\train\PNEUMONIA\BACTERIA-9366320-0001.jpeg,dataset_1,PNEUMONIA,BACTERIAL,1,590c28e1b234ef0c6a1dd6f95ab4c8cdc757adbe699e8c98976cc8a214a0a8cf,956f230a0f1c4ded,False
img_005404,e:\Final_Project\Pnuemonia_Detection\data\raw_datasets\dataset_1\train\PNEUMONIA\VIRUS-6823523-0004.jpeg,dataset_1,PNEUMONIA,VIRAL,2,5ab832996c24def6630a1b72991e8a6df67981f6d9ddc9d8f8165d683c1cba41,913ac61ab8cf78b1,False
img_000130,e:\Final_Project\Pnuemonia_Detection\data\raw_datasets\dataset_1\test\NORMAL\NORMAL-561684-0001.jpeg,dataset_1,NORMAL,NORMAL,0,78ace49aa81f1848ee990c333f5e91a54318204fad1e96d1cb59f6179c544779,9174c639cd3d944e,False
img_005126,e:\Final_Project\Pnuemonia_Detection\data\raw_datasets\dataset_1\train\PNEUMONIA\VIRUS-5151909-0002.jpeg,dataset_1,PNEUMONIA,VIRAL,2,6a35da6f9d1db3cabb5ed1ed9dbf5abfcbcd000aaebc99e14b725bb5cb03e7e5,91abc21ac0697deb,False
img_003411,e:\Final_Project\Pnuemonia_Detection\data\raw_datasets\dataset_1\train\PNEUMONIA\BACTERIA-6003459-0003.jpeg,dataset_1,PNEUMONIA,BACTERIAL,1,7b1b1208c952956ae5ecc96ea8c4fb4c3770dde4ec33807496dd1000e23f2122,856f7a1e4b4b0d4a,False
img_001639,e:\Final_Project\Pnuemonia_Detection\data\raw_datasets\dataset_1\train\NORMAL\NORMAL-7725506-0001.jpeg,dataset_1,NORMAL,NORMAL,0,10f5a580a7beb01dac57c3c7987f59eaef39492644d3e200bab35c6c1399bb20,903b961c942db5e7,False
img_000137,e:\Final_Project\Pnuemonia_Detection\data\raw_datasets\dataset_1\test\NORMAL\NORMAL-5997885-0001.jpeg,dataset_1,NORMAL,NORMAL,0,9b7549305213d12d8c6fe992b83fcaf1122c92bb2d99c72dffb1631496f21a63,d47faf0b0d0c485e,False
img_002613,e:\Final_Project\Pnuemonia_Detection\data\raw_datasets\dataset_1\train\PNEUMONIA\BACTERIA-3362849-0001.jpeg,dataset_1,PNEUMONIA,BACTERIAL,1,a70320a2c9996e0dc18ba38a2b59e0d0e2e022ce6004a9cd48c2c6a9ee6813e8,d42ee31bc34b3d42,False
img_002467,e:\Final_Project\Pnuemonia_Detection\data\raw_datasets\dataset_1\train\PNEUMONIA\BACTERIA-2826636-0001.jpeg,dataset_1,PNEUMONIA,BACTERIAL,1,dbe7478d3fb3522faf05709fe6808103d986066fd4226a8c8e642174a970e1ca,902bc716964a3ddb,False
img_000349,e:\Final_Project\Pnuemonia_Detection\data\raw_datasets\dataset_1\test\PNEUMONIA\BACTERIA-5240350-0001.jpeg,dataset_1,PNEUMONIA,BACTERIAL,1,23d5f0551404749a0be4a8c2936233a0fbe9a82ac9cca685a0f889478816d3ce,946aa787871d831f,False
img_001619,e:\Final_Project\Pnuemonia_Detection\data\raw_datasets\dataset_1\train\NORMAL\NORMAL-7605819-0001.jpeg,dataset_1,NORMAL,NORMAL,0,f0406627c15c4c2d850b3b67e44f22840d7a345cff7a704bf1b333e042bcf348,d03dc6ce9cc823b6,False
img_001708,e:\Final_Project\Pnuemonia_Detection\data\raw_datasets\dataset_1\train\NORMAL\NORMAL-8290716-0001.jpeg,dataset_1,NORMAL,NORMAL,0,7dc927b5a256013f129f5eb2f4fe7b07edbe74bdffa7ef498125e8898e9af68d,8139e63af8793869,False
img_004707,e:\Final_Project\Pnuemonia_Detection\data\raw_datasets\dataset_1\train\PNEUMONIA\VIRUS-2427242-0005.jpeg,dataset_1,PNEUMONIA,VIRAL,2,14b327e33fe2c33670ef8b2a9f3bb0956b739184e09e4cd287eef1634fd569e7,98a1e77f944238d5,False
img_003464,e:\Final_Project\Pnuemonia_Detection\data\raw_datasets\dataset_1\train\PNEUMONIA\BACTERIA-6195565-0001.jpeg,dataset_1,PNEUMONIA,BACTERIAL,1,7038f9e7d01e3e74c2f342dfc3bcc76e5c1f5d03e31f325ccbc14f97b5df7142,d12ee61a0d0f6dc6,False
img_003312,e:\Final_Project\Pnuemonia_Detection\data\raw_datasets\dataset_1\train\PNEUMONIA\BACTERIA-5626093-0002.jpeg,dataset_1,PNEUMONIA,BACTERIAL,1,ec80e05f3a06c179915369ef17b0d64f05c578f521f33bd39bbfd19b6f14ea55,df28d25898eb7292,False
img_004743,e:\Final_Project\Pnuemonia_Detection\data\raw_datasets\dataset_1\train\PNEUMONIA\VIRUS-2654345-0003.jpeg,dataset_1,PNEUMONIA,VIRAL,2,c2175cf9721fed1838a675e1a213cf0b04fbf8728c615160598c4ec08fcc4534,801965c76bbf66c2,False
img_001354,e:\Final_Project\Pnuemonia_Detection\data\raw_datasets\dataset_1\train\NORMAL\NORMAL-5911363-0002.jpeg,dataset_1,NORMAL,NORMAL,0,486414842469f2fcd21a2058bbd24e4773c8b183556543e5d3cc7b19f9c302f1,dc6f830b8d0d6c47,False
img_000083,e:\Final_Project\Pnuemonia_Detection\data\raw_datasets\dataset_1\test\NORMAL\NORMAL-4172448-0001.jpeg,dataset_1,NORMAL,NORMAL,0,e7b72553bb0891f3cd87f4ee3743f87f805e65eca2b269ea905e7b0720c6703a,9c2d421d4a4e79f5,False
img_003950,e:\Final_Project\Pnuemonia_Detection\data\raw_datasets\dataset_1\train\PNEUMONIA\BACTERIA-8034950-0004.jpeg,dataset_1,PNEUMONIA,BACTERIAL,1,4657be89b63d70db6612ebb61be254af6a6879b1782e478552406fb2cacc6957,942aef57565a145a,False
img_001723,e:\Final_Project\Pnuemonia_Detection\data\raw_datasets\dataset_1\train\NORMAL\NORMAL-8339410-0001.jpeg,dataset_1,NORMAL,NORMAL,0,1fb1fa6e9a5c7bd06d73d13933e49820bf35d6dac2ff8838f94684b5b27d515e,d4eeab5bc849b8c0,False
img_002849,e:\Final_Project\Pnuemonia_Detection\data\raw_datasets\dataset_1\train\PNEUMONIA\BACTERIA-4180876-0001.jpeg,dataset_1,PNEUMONIA,BACTERIAL,1,97f16d53451cc74b1acf18623e967a11f9018e6f4e44b70bdfd1585e02de3eba,913fc7965e583548,False
img_002067,e:\Final_Project\Pnuemonia_Detection\data\raw_datasets\dataset_1\train\PNEUMONIA\BACTERIA-1332623-0003.jpeg,dataset_1,PNEUMONIA,BACTERIAL,1,4aa9942c6589ee189a9b770d2689de2d85e479d80d150c5a657b93a34234db8f,9460c33fc73bc30e,False
img_004067,e:\Final_Project\Pnuemonia_Detection\data\raw_datasets\dataset_1\train\PNEUMONIA\BACTERIA-8352071-0001.jpeg,dataset_1,PNEUMONIA,BACTERIAL,1,5ffbc2de2f59517654179a698cf69e9358fb1ae8640592cabb681bcfd8719d1c,d075e75aa139a13c,False
img_002970,e:\Final_Project\Pnuemonia_Detection\data\raw_datasets\dataset_1\train\PNEUMONIA\BACTERIA-4531690-0008.jpeg,dataset_1,PNEUMONIA,BACTERIAL,1,9ac7aad856c9e6bfa7be8662cb743d3c70cb44221f7e7e63796a3f6562890e84,d46b535a4a495e2b,False
img_000858,e:\Final_Project\Pnuemonia_Detection\data\raw_datasets\dataset_1\train\NORMAL\NORMAL-2558319-0002.jpeg,dataset_1,NORMAL,NORMAL,0,e4009351766ffc4f0531bb7009a5ab52fea71f9661d992175cd17be202450e76,913bc61ab8c579b1,False
img_002872,e:\Final_Project\Pnuemonia_Detection\data\raw_datasets\dataset_1\train\PNEUMONIA\BACTERIA-4293827-0003.jpeg,dataset_1,PNEUMONIA,BACTERIAL,1,a5ee6a8dfc5978cd98dbb2b6d3e4ed0fefcd8a8b018fa91ae47697669fea5000,913ce32339d24b3d,False
img_001260,e:\Final_Project\Pnuemonia_Detection\data\raw_datasets\dataset_1\train\NORMAL\NORMAL-5387596-0001.jpeg,dataset_1,NORMAL,NORMAL,0,c15d67a615c27fe838af4c8e2b2df094edeb811967662165f2f717c869c84b19,d42fe31b8d0d3c4c,False
img_001317,e:\Final_Project\Pnuemonia_Detection\data\raw_datasets\dataset_1\train\NORMAL\NORMAL-5693915-0002.jpeg,dataset_1,NORMAL,NORMAL,0,34d4ccf1ac0832e07cb42f5b97325f60fefa22e381073e2eabc039315fcb9b64,812bc61ac879b9db,False
img_004242,e:\Final_Project\Pnuemonia_Detection\data\raw_datasets\dataset_1\train\PNEUMONIA\BACTERIA-8942530-0001.jpeg,dataset_1,PNEUMONIA,BACTERIAL,1,75bde39f379443e7b232e4edc902d2aaf56295a9fafe7e450696b3a55beaf0ab,956a831bc35bca4e,False
img_004099,e:\Final_Project\Pnuemonia_Detection\data\raw_datasets\dataset_1\train\PNEUMONIA\BACTERIA-84621-0001.jpeg,dataset_1,PNEUMONIA,BACTERIAL,1,130fe9f1ad179e4493102bb57dcc72ad4a9d28c733421e89048d17c83298d727,d066c31bc52fe0c7,False
img_003530,e:\Final_Project\Pnuemonia_Detection\data\raw_datasets\dataset_1\train\PNEUMONIA\BACTERIA-6443888-0001.jpeg,dataset_1,PNEUMONIA,BACTERIAL,1,ad11d71e1d78afef5f6612d1f76ce3ea22141e3edf09726dcb778ba5b9ca0a9c,9c6ce316d3134bc3,False
img_004037,e:\Final_Project\Pnuemonia_Detection\data\raw_datasets\dataset_1\train\PNEUMONIA\BACTERIA-830515-0001.jpeg,dataset_1,PNEUMONIA,BACTERIAL,1,d0b7dcf9919535787ba9276f9b5ececa8eb9bd396cad68e1981e9966f461e52a,81eec61ae969c94b,False
img_000180,e:\Final_Project\Pnuemonia_Detection\data\raw_datasets\dataset_1\test\NORMAL\NORMAL-7331861-0001.jpeg,dataset_1,NORMAL,NORMAL,0,80b2127ad335e653ef38923849dc5c6825ab928ae56ea8417b7149d600bcba26,9c6c051ad54f1ad7,False
img_001863,e:\Final_Project\Pnuemonia_Detection\data\raw_datasets\dataset_1\train\NORMAL\NORMAL-9271582-0001.jpeg,dataset_1,NORMAL,NORMAL,0,1e101ea0ace907edf24c8f4e0e09fe8b7f260a57f493c14a151e1765f256235c,d02bc25ada597955,False
img_004726,e:\Final_Project\Pnuemonia_Detection\data\raw_datasets\dataset_1\train\PNEUMONIA\VIRUS-2543227-0002.jpeg,dataset_1,PNEUMONIA,VIRAL,2,1e974a64014c6ad75291861fed3c77ab0e01527ae372d81f4cea29a1ca4b88e8,9109e5433ff6c20f,False
img_001948,e:\Final_Project\Pnuemonia_Detection\data\raw_datasets\dataset_1\train\NORMAL\NORMAL-9848290-0001.jpeg,dataset_1,NORMAL,NORMAL,0,8b59679fac69b1b36f174978639773f0b8584aac9a5bdbeaf4211cfc687af26d,d07c875abded2884,False
img_000626,e:\Final_Project\Pnuemonia_Detection\data\raw_datasets\dataset_1\train\NORMAL\NORMAL-1012843-0001.jpeg,dataset_1,NORMAL,NORMAL,0,b6d68f1c3f257277914a2cba0d96b1d512c1717da50c41b2e37da11d04f5b216,816bc67a78797911,False
img_001744,e:\Final_Project\Pnuemonia_Detection\data\raw_datasets\dataset_1\train\NORMAL\NORMAL-8497221-0002.jpeg,dataset_1,NORMAL,NORMAL,0,1549c053b24289ee6d1a89b637968bb58c56efbb5047015a79ecf43d573a4e58,d1cf871acd2d21c6,False
img_005516,e:\Final_Project\Pnuemonia_Detection\data\raw_datasets\dataset_1\train\PNEUMONIA\VIRUS-7704214-0002.jpeg,dataset_1,PNEUMONIA,VIRAL,2,06275311729083599349dc701d971cc98bfab73ae9fab54fff1e5be6e0ff8c0e,942ce31fe44e39c3,False
img_002959,e:\Final_Project\Pnuemonia_Detection\data\raw_datasets\dataset_1\train\PNEUMONIA\BACTERIA-4521338-0003.jpeg,dataset_1,PNEUMONIA,BACTERIAL,1,2848532f9e43a145ca5e0a3b5a90207e7974c04c13dad7446927681a302e229b,902fc71cc05f7c4d,False
img_004049,e:\Final_Project\Pnuemonia_Detection\data\raw_datasets\dataset_1\train\PNEUMONIA\BACTERIA-8321175-0002.jpeg,dataset_1,PNEUMONIA,BACTERIAL,1,615a7dbaa44f395c3efcb6126e91169a283e6bf12f2bc148599baebc82dfe19f,c4ae830bcb6bace2,False
img_002441,e:\Final_Project\Pnuemonia_Detection\data\raw_datasets\dataset_1\train\PNEUMONIA\BACTERIA-2763145-0001.jpeg,dataset_1,PNEUMONIA,BACTERIAL,1,6cd2e0389e473641cf86e0ee18055c5ce0e6c844679e7399da0495cee7c8f8ee,9179a79e52871a2b,False
img_005095,e:\Final_Project\Pnuemonia_Detection\data\raw_datasets\dataset_1\train\PNEUMONIA\VIRUS-4970211-0002.jpeg,dataset_1,PNEUMONIA,VIRAL,2,47050c652c6fee42f6f48f9fbcb1ac86e2f5fba967ac6071215915baebac3f14,9031c71f91cb6dd1,False
img_001809,e:\Final_Project\Pnuemonia_Detection\data\raw_datasets\dataset_1\train\NORMAL\NORMAL-8995568-0001.jpeg,dataset_1,NORMAL,NORMAL,0,90b5bc07ba5b47738ef16dcbb75dd29fbd0b2ce8015281e27561a54cc09c9254,916a871acb5d58cd,False
img_003623,e:\Final_Project\Pnuemonia_Detection\data\raw_datasets\dataset_1\train\PNEUMONIA\BACTERIA-6715985-0001.jpeg,dataset_1,PNEUMONIA,BACTERIAL,1,93b800302c58a0a46232fb1589987ffb809212ae9ec235fe167f27c10c8634e7,d074e31fe30faa03,False
img_001571,e:\Final_Project\Pnuemonia_Detection\data\raw_datasets\dataset_1\train\NORMAL\NORMAL-7288289-0001.jpeg,dataset_1,NORMAL,NORMAL,0,a5668e352bb1fde322c97b3eeeca9f0e385403e469490be508ab9a640a615708,8029c75abac939bd,False
img_005640,e:\Final_Project\Pnuemonia_Detection\data\raw_datasets\dataset_1\train\PNEUMONIA\VIRUS-8485124-0003.jpeg,dataset_1,PNEUMONIA,VIRAL,2,c1a7f21d50484e6499264715180f78328597a05018a75df1617bd0fea9b368a3,d51ce10a79e58a79,False
img_005062,e:\Final_Project\Pnuemonia_Detection\data\raw_datasets\dataset_1\train\PNEUMONIA\VIRUS-4702913-0002.jpeg,dataset_1,PNEUMONIA,VIRAL,2,581f84a6944de864b40db76bf10e3110ddd6e88aa71ea8d6455402189f5690a5,d014c24bd73db9c3,False
img_002544,e:\Final_Project\Pnuemonia_Detection\data\raw_datasets\dataset_1\train\PNEUMONIA\BACTERIA-3118797-0001.jpeg,dataset_1,PNEUMONIA,BACTERIAL,1,aa4809f8eae854aa1e0f450f845dd61d640fe6918455fbdb4d9f2e77fd46da54,987d561ed71a7501,False
img_002961,e:\Final_Project\Pnuemonia_Detection\data\raw_datasets\dataset_1\train\PNEUMONIA\BACTERIA-4521338-0005.jpeg,dataset_1,PNEUMONIA,BACTERIAL,1,d941c882112d858d3ff9e82a8bd4f8b5679c1eb91c7823f692f026be3de487b4,c02aaf15155d2eee,False
img_005828,e:\Final_Project\Pnuemonia_Detection\data\raw_datasets\dataset_1\train\PNEUMONIA\VIRUS-9730180-0003.jpeg,dataset_1,PNEUMONIA,VIRAL,2,b115ff6eaf5791425013bd995c6ba4fe699cb34a65da8e65a08165b4ce2afdb8,917bc61a524e5c4f,False
img_001561,e:\Final_Project\Pnuemonia_Detection\data\raw_datasets\dataset_1\train\NORMAL\NORMAL-7233940-0001.jpeg,dataset_1,NORMAL,NORMAL,0,74cf6b836c4593c53dc2a1c6268243b288cc24159a3e57518f373915cce66ff2,812bc65a78697979,False
img_003808,e:\Final_Project\Pnuemonia_Detection\data\raw_datasets\dataset_1\train\PNEUMONIA\BACTERIA-7545612-0001.jpeg,dataset_1,PNEUMONIA,BACTERIAL,1,55c16ca81ad3afb61a0895a98b9eed69e78aaf7e0be372ff126f81d89b905297,9139c638f87939c3,False
img_004841,e:\Final_Project\Pnuemonia_Detection\data\raw_datasets\dataset_1\train\PNEUMONIA\VIRUS-3309082-0007.jpeg,dataset_1,PNEUMONIA,VIRAL,2,4ac146a006f9dfc645b50d8879c17c582afd65900ce607034ec56dfddc6d6606,912be33ae8693d49,False
img_001969,e:\Final_Project\Pnuemonia_Detection\data\raw_datasets\dataset_1\train\NORMAL\NORMAL-9985167-0001.jpeg,dataset_1,NORMAL,NORMAL,0,5aeb2f65ecd0aad496da97755569e6e999e6fdce9197634992666bed123d65b7,d4acc70fcf2d0c68,False
img_004075,e:\Final_Project\Pnuemonia_Detection\data\raw_datasets\dataset_1\train\PNEUMONIA\BACTERIA-8403601-0001.jpeg,dataset_1,PNEUMONIA,BACTERIAL,1,9de5844504d1973971025e4f743916039c011d22ec5e66ade5b6db2fcc4c9d81,c46eaf1fa90dac24,False
img_004658,e:\Final_Project\Pnuemonia_Detection\data\raw_datasets\dataset_1\train\PNEUMONIA\VIRUS-198200-0008.jpeg,dataset_1,PNEUMONIA,VIRAL,2,78ced738840f1f4754dc1e71f9dee68c365370d63f244fdffb5009ab97914819,913fe01eb8c39b31,False
img_000920,e:\Final_Project\Pnuemonia_Detection\data\raw_datasets\dataset_1\train\NORMAL\NORMAL-3040444-0001.jpeg,dataset_1,NORMAL,NORMAL,0,789a10c59a958d4eabd5f64aeada25295756f040d7ec2273e55ce499dd6e58a9,9c75871aab2f3c24,False
img_005799,e:\Final_Project\Pnuemonia_Detection\data\raw_datasets\dataset_1\train\PNEUMONIA\VIRUS-9582372-0009.jpeg,dataset_1,PNEUMONIA,VIRAL,2,75199ea39f60479f6520fd8c750651303d8a6116775ce227c78e93f8c41132d0,902ad25ade595b5a,False
img_005041,e:\Final_Project\Pnuemonia_Detection\data\raw_datasets\dataset_1\train\PNEUMONIA\VIRUS-4629598-0002.jpeg,dataset_1,PNEUMONIA,VIRAL,2,3fa90c9434ecda04042b46db7f7ee387945c31b2f93773fcd3dfaa431dd88a94,d460a33be34bc61e,False
img_004414,e:\Final_Project\Pnuemonia_Detection\data\raw_datasets\dataset_1\train\PNEUMONIA\BACTERIA-9566232-0003.jpeg,dataset_1,PNEUMONIA,BACTERIAL,1,80df56c878a5f6e442d4d623946ccd933989ff07486131165a0fab7dc40f6b8a,857cb64bb638483e,False
img_004565,e:\Final_Project\Pnuemonia_Detection\data\raw_datasets\dataset_1\train\PNEUMONIA\VIRUS-1335423-0004.jpeg,dataset_1,PNEUMONIA,VIRAL,2,fa9b41b60d2e8902a58339392973adc6c55deca4ad2afda715168ac029b67cd9,d47ca21fa30b1b2d,False
img_001488,e:\Final_Project\Pnuemonia_Detection\data\raw_datasets\dataset_1\train\NORMAL\NORMAL-695402-0001.jpeg,dataset_1,NORMAL,NORMAL,0,dee60d948b381c0b01e924e097075f436711d3f99653bd124d95cbb3181a6070,d02fce1a5c4d1dd4,False
img_005190,e:\Final_Project\Pnuemonia_Detection\data\raw_datasets\dataset_1\train\PNEUMONIA\VIRUS-5470832-0002.jpeg,dataset_1,PNEUMONIA,VIRAL,2,e4511f9dadb0e4c5e8c7403c30b6ec03e4a06086df2ab24db5d435b1098b4972,d06b471e59493d2d,False
img_004900,e:\Final_Project\Pnuemonia_Detection\data\raw_datasets\dataset_1\train\PNEUMONIA\VIRUS-37006-0003.jpeg,dataset_1,PNEUMONIA,VIRAL,2,733dbf3c041c943bfb8050c5fac699a85d87d090374a6ecb8221f494b2ab1a0e,902ae32f5ec03b7a,False
img_000317,e:\Final_Project\Pnuemonia_Detection\data\raw_datasets\dataset_1\test\PNEUMONIA\BACTERIA-4161430-0002.jpeg,dataset_1,PNEUMONIA,BACTERIAL,1,8abd24adc883d2ce8e600cde0146d4cd91a1301f9e4de3a93e221b97a0c6d784,942b7a1ec21f7e12,False
img_001096,e:\Final_Project\Pnuemonia_Detection\data\raw_datasets\dataset_1\train\NORMAL\NORMAL-4119877-0001.jpeg,dataset_1,NORMAL,NORMAL,0,3ff940fdef0070a658a7e7583c7819ca2a645776912c78fb3dc53559bc44f757,81bfc21aecc93cc9,False
img_003478,e:\Final_Project\Pnuemonia_Detection\data\raw_datasets\dataset_1\train\PNEUMONIA\BACTERIA-6257908-0003.jpeg,dataset_1,PNEUMONIA,BACTERIAL,1,34d75d9243ef5e15d2d3d16a2d765ac65b4fc9455b6c210a3b963eb75a9f07c1,c534f0b7f65ae048,False
img_004976,e:\Final_Project\Pnuemonia_Detection\data\raw_datasets\dataset_1\train\PNEUMONIA\VIRUS-417263-0006.jpeg,dataset_1,PNEUMONIA,VIRAL,2,ccb2fc0dea3bde152b4a31045c4020ee50619b2a531ec960b7e8c7354e0adb66,d07c961aed3d6885,False
img_000741,e:\Final_Project\Pnuemonia_Detection\data\raw_datasets\dataset_1\train\NORMAL\NORMAL-1915003-0001.jpeg,dataset_1,NORMAL,NORMAL,0,214d4bf87b37440e7b63a1344f54785446a0d157f8dc794b4273fbe3794dfb3a,d02dc23beb6f6860,False
img_000028,e:\Final_Project\Pnuemonia_Detection\data\raw_datasets\dataset_1\test\NORMAL\NORMAL-1944537-0001.jpeg,dataset_1,NORMAL,NORMAL,0,151b2bf76167e3ead9331278b8f086ffeb3964a131297b7caa644f80193fbd85,d13be61e164e7d10,False
img_000374,e:\Final_Project\Pnuemonia_Detection\data\raw_datasets\dataset_1\test\PNEUMONIA\BACTERIA-6168941-0001.jpeg,dataset_1,PNEUMONIA,BACTERIAL,1,83c7d3854ca17014b17e47e6521478113045f8d75efa48af20fc2ebab817c2de,d52be31edc401c5e,False
img_000233,e:\Final_Project\Pnuemonia_Detection\data\raw_datasets\dataset_1\test\NORMAL\NORMAL-9799657-0001.jpeg,dataset_1,NORMAL,NORMAL,0,c1efcd170c5209ba26f40d6986a9553c09df6460aec48574f2361c6b9957c709,812be27adc693d49,False
img_002124,e:\Final_Project\Pnuemonia_Detection\data\raw_datasets\dataset_1\train\PNEUMONIA\BACTERIA-1612812-0003.jpeg,dataset_1,PNEUMONIA,BACTERIAL,1,fbd3065546ffd0b31821a4e06934706c69ea40074663f15583f8fd11b68863c9,956ae63e480f1cd6,False
img_005333,e:\Final_Project\Pnuemonia_Detection\data\raw_datasets\dataset_1\train\PNEUMONIA\VIRUS-6386500-0006.jpeg,dataset_1,PNEUMONIA,VIRAL,2,d61d2182700387403bc5d49bf53ccaeaaa840429e5fb1a47790a3eec0ec7b4fb,986fe71ac5491d43,False
img_002388,e:\Final_Project\Pnuemonia_Detection\data\raw_datasets\dataset_1\train\PNEUMONIA\BACTERIA-2528951-0001.jpeg,dataset_1,PNEUMONIA,BACTERIAL,1,ea8a9087430f66fa0a77ae4a65382c6a7af8169c3e7797c9de7c5b97b77bbc48,823bf3343aa13da5,False
img_004296,e:\Final_Project\Pnuemonia_Detection\data\raw_datasets\dataset_1\train\PNEUMONIA\BACTERIA-9175020-0001.jpeg,dataset_1,PNEUMONIA,BACTERIAL,1,3f9a50861b898b2cb7d20cd17b9d9b7769777d581397d495f19d3cbc09263884,d46e870b811fab8e,False
img_005289,e:\Final_Project\Pnuemonia_Detection\data\raw_datasets\dataset_1\train\PNEUMONIA\VIRUS-6149071-0005.jpeg,dataset_1,PNEUMONIA,VIRAL,2,acbfae68bb30c6f2d661483548e19bde1fba1104faaa533b59087c49ac8d5544,95fa821a135d5c1f,False
img_003537,e:\Final_Project\Pnuemonia_Detection\data\raw_datasets\dataset_1\train\PNEUMONIA\BACTERIA-6467229-0001.jpeg,dataset_1,PNEUMONIA,BACTERIAL,1,b9328ed8a786aaf49e359970a54131fc67a968e013a1755493b36b874716cbb9,d0f0e78fca0b990b,False
img_002195,e:\Final_Project\Pnuemonia_Detection\data\raw_datasets\dataset_1\train\PNEUMONIA\BACTERIA-1855562-0001.jpeg,dataset_1,PNEUMONIA,BACTERIAL,1,39722bca38993daff7bf079d3f7a036c7b1901050dac0a2dd535e5cddf95a949,d0adc20fea6b3c68,False
img_002612,e:\Final_Project\Pnuemonia_Detection\data\raw_datasets\dataset_1\train\PNEUMONIA\BACTERIA-3361977-0001.jpeg,dataset_1,PNEUMONIA,BACTERIAL,1,0e84dd3a0749728c91bc145294989501affb10a24d7669b57c9b09098d1bef3a,9063ef1ec75a811e,False
img_001057,e:\Final_Project\Pnuemonia_Detection\data\raw_datasets\dataset_1\train\NORMAL\NORMAL-3861947-0002.jpeg,dataset_1,NORMAL,NORMAL,0,2999c59a1e933bf3dea8fbeeaaf8da664012fe2b25dd654c42580fbcbcadde3f,902feb3acd4c39c4,False
img_002934,e:\Final_Project\Pnuemonia_Detection\data\raw_datasets\dataset_1\train\PNEUMONIA\BACTERIA-4444451-0001.jpeg,dataset_1,PNEUMONIA,BACTERIAL,1,805cb7375e8c153f60d80a12224bfc0fa089abe3473d6380aedd5a151188cb60,d02bc35f5e5a1ce0,False
img_001309,e:\Final_Project\Pnuemonia_Detection\data\raw_datasets\dataset_1\train\NORMAL\NORMAL-5651147-0001.jpeg,dataset_1,NORMAL,NORMAL,0,814c5d23549bc12efe03b41df643bff9ba68eff69e9e61c3fa42655ea8fce64f,947c831bc93d789c,False
img_000519,e:\Final_Project\Pnuemonia_Detection\data\raw_datasets\dataset_1\test\PNEUMONIA\VIRUS-3565661-0001.jpeg,dataset_1,PNEUMONIA,VIRAL,2,272b91d446508662a98c4ad113c98cbffeb298f4732eee46dceb9b8b6e18a737,9064c63ac73fa11f,False
img_005112,e:\Final_Project\Pnuemonia_Detection\data\raw_datasets\dataset_1\train\PNEUMONIA\VIRUS-5091264-0002.jpeg,dataset_1,PNEUMONIA,VIRAL,2,4600f34e79821a69ab2fe2f5d1969da9118736709b0d2eaa548e0a1e2123f2a6,8127c61e9e4b3dc9,False
img_002660,e:\Final_Project\Pnuemonia_Detection\data\raw_datasets\dataset_1\train\PNEUMONIA\BACTERIA-3499338-0001.jpeg,dataset_1,PNEUMONIA,BACTERIAL,1,dc3a3b0cc1340a4cd75f3ed57c074bb8b4520de02737f0475c526db66e5c7a26,d06fe78e85c541c5,False
img_004437,e:\Final_Project\Pnuemonia_Detection\data\raw_datasets\dataset_1\train\PNEUMONIA\BACTERIA-960851-0004.jpeg,dataset_1,PNEUMONIA,BACTERIAL,1,48fb8355e14a977a0e6cde598345dd537b5f7f7c26b8efa0cd76024bc9dc08e1,9c3aa33a83936ccb,False
img_004295,e:\Final_Project\Pnuemonia_Detection\data\raw_datasets\dataset_1\train\PNEUMONIA\BACTERIA-9156894-0001.jpeg,dataset_1,PNEUMONIA,BACTERIAL,1,e2743ee327e38d0a55371e729fac82446fb0b832472e624e45bf0009176e2ea7,c13f7a5a38c137c4,False
img_004261,e:\Final_Project\Pnuemonia_Detection\data\raw_datasets\dataset_1\train\PNEUMONIA\BACTERIA-9044474-0005.jpeg,dataset_1,PNEUMONIA,BACTERIAL,1,c6b366b349b080e76314f1cbc0e53dca39bbe0f9694f6f2d8d019aea541ae52c,d02beb5e5e4b1918,False
img_004867,e:\Final_Project\Pnuemonia_Detection\data\raw_datasets\dataset_1\train\PNEUMONIA\VIRUS-355597-0004.jpeg,dataset_1,PNEUMONIA,VIRAL,2,59493a75be0553121693c3c31e8b437394c1ef544cae254ff24867f7554a3b60,982de13fe40f3cc8,False
img_002291,e:\Final_Project\Pnuemonia_Detection\data\raw_datasets\dataset_1\train\PNEUMONIA\BACTERIA-215369-0009.jpeg,dataset_1,PNEUMONIA,BACTERIAL,1,cffa6b7d8be23efb52cd0d3f8a80509ca72835e47180c032cde1c575648653dc,9069e73ec65ae04e,False
img_002767,e:\Final_Project\Pnuemonia_Detection\data\raw_datasets\dataset_1\train\PNEUMONIA\BACTERIA-3874052-0002.jpeg,dataset_1,PNEUMONIA,BACTERIAL,1,26bedf7dd5d8f772642f9939938179e4e5a2f475c60dbc1d339ac9c070832b66,94af871a0f0f0f0f,False
img_002944,e:\Final_Project\Pnuemonia_Detection\data\raw_datasets\dataset_1\train\PNEUMONIA\BACTERIA-4462203-0002.jpeg,dataset_1,PNEUMONIA,BACTERIAL,1,596c99ce51aa1dc196835d5ce3f48a729394f5f2f19646f05e14f8f014b0d4af,c83ec31a4d1b6cc7,False
img_002825,e:\Final_Project\Pnuemonia_Detection\data\raw_datasets\dataset_1\train\PNEUMONIA\BACTERIA-4092125-0001.jpeg,dataset_1,PNEUMONIA,BACTERIAL,1,5179330253bd745d33e498f3209dc60cceadf9a96a98ec8633be42ff9359e183,c07cb75a6d3c6c06,False
img_004236,e:\Final_Project\Pnuemonia_Detection\data\raw_datasets\dataset_1\train\PNEUMONIA\BACTERIA-8917885-0001.jpeg,dataset_1,PNEUMONIA,BACTERIAL,1,510f2693a9b0afcb15ae2c6d3f821fdb550cb3812cc6bc129f26f9f4e0b9cdeb,d02d8f1dcc1ac3d3,False
img_000019,e:\Final_Project\Pnuemonia_Detection\data\raw_datasets\dataset_1\test\NORMAL\NORMAL-1759114-0001.jpeg,dataset_1,NORMAL,NORMAL,0,7342e0f983ad367b98e075741376f0805a5515711eabf04eb7e261344095bd8d,9165e63a8d2e386e,False
img_001983,e:\Final_Project\Pnuemonia_Detection\data\raw_datasets\dataset_1\train\PNEUMONIA\BACTERIA-1041881-0002.jpeg,dataset_1,PNEUMONIA,BACTERIAL,1,4a7c62403a45761c88ca8d824d370285e3b68116701626055fbfb8fb4c5c1a27,913a5a5edc1c9e83,False
img_000133,e:\Final_Project\Pnuemonia_Detection\data\raw_datasets\dataset_1\test\NORMAL\NORMAL-5714306-0001.jpeg,dataset_1,NORMAL,NORMAL,0,df0d2697a933c47d267c7df6d60de19d466c249b3d50049d46a18aadb58010d5,913dc71a194939f9,False
img_004256,e:\Final_Project\Pnuemonia_Detection\data\raw_datasets\dataset_1\train\PNEUMONIA\BACTERIA-9042050-0001.jpeg,dataset_1,PNEUMONIA,BACTERIAL,1,a1c8f531984adf128091e21d2dad3bec786ecec48f8bd4cd81445e4b14ce8836,90e1e79eca1ae958,False
img_000358,e:\Final_Project\Pnuemonia_Detection\data\raw_datasets\dataset_1\test\PNEUMONIA\BACTERIA-5489623-0001.jpeg,dataset_1,PNEUMONIA,BACTERIAL,1,aa01a5cb1317b0426ffc760d3ebdbf5a2ee195ceb979b4f482bc898ec34ee676,913be61634c23eb3,False
img_004279,e:\Final_Project\Pnuemonia_Detection\data\raw_datasets\dataset_1\train\PNEUMONIA\BACTERIA-9072988-0008.jpeg,dataset_1,PNEUMONIA,BACTERIAL,1,b9b210a7fdf90921accd811c8741348f925568cbd75061d4a894946452cb067d,8aeef73b8319850a,False
img_000589,e:\Final_Project\Pnuemonia_Detection\data\raw_datasets\dataset_1\test\PNEUMONIA\VIRUS-7441806-0002.jpeg,dataset_1,PNEUMONIA,VIRAL,2,614c7ddf61ade8cd2fafb8890c0f56da582c2757d23a699014649fb440469a21,d064c61ac71fb44f,False
img_004223,e:\Final_Project\Pnuemonia_Detection\data\raw_datasets\dataset_1\train\PNEUMONIA\BACTERIA-8845554-0001.jpeg,dataset_1,PNEUMONIA,BACTERIAL,1,9a11f1bf7d842c41e5eb73e9507998e1cbadda7630888251347a62d5a0d7c68d,c46f6b4f45494ac3,False
img_004081,e:\Final_Project\Pnuemonia_Detection\data\raw_datasets\dataset_1\train\PNEUMONIA\BACTERIA-8438947-0001.jpeg,dataset_1,PNEUMONIA,BACTERIAL,1,05100e4bc4afa43eaa979e4145f6c25d2f14d0b8b9f7251db96e8ebca88af3ec,8029e73ebcc23bb4,False
img_002894,e:\Final_Project\Pnuemonia_Detection\data\raw_datasets\dataset_1\train\PNEUMONIA\BACTERIA-4342499-0003.jpeg,dataset_1,PNEUMONIA,BACTERIAL,1,90fd7d12875fdfe1b0ebaa778a81fe0cf7638f326e738e1c0a7d1f440d66fa68,817ea73939ad2c26,False
img_000443,e:\Final_Project\Pnuemonia_Detection\data\raw_datasets\dataset_1\test\PNEUMONIA\BACTERIA-9050379-0001.jpeg,dataset_1,PNEUMONIA,BACTERIAL,1,9ea43c91e2da10770d37b4c9738a97279e0d10da5eef0db031611f552db01eb5,906ae73ec60e38d3,False
img_001391,e:\Final_Project\Pnuemonia_Detection\data\raw_datasets\dataset_1\train\NORMAL\NORMAL-6205754-0001.jpeg,dataset_1,NORMAL,NORMAL,0,460b8f387c463395022a6cd1c8685e56320ba87d61b4d8194a98a6c26535704a,9178de7a595b1903,False
img_004920,e:\Final_Project\Pnuemonia_Detection\data\raw_datasets\dataset_1\train\PNEUMONIA\VIRUS-3807574-0007.jpeg,dataset_1,PNEUMONIA,VIRAL,2,27f8495633c311bd6b05ed99768d95c36bd5ab30b64adaa40957de04abc4c43d,d06ae73f892d2d06,False
img_005153,e:\Final_Project\Pnuemonia_Detection\data\raw_datasets\dataset_1\train\PNEUMONIA\VIRUS-5268966-0002.jpeg,dataset_1,PNEUMONIA,VIRAL,2,13c4fe171ca4209936ff9bbc009d1c8ef17fc87b13f897e78468ec7caf6a8dcf,953cf47094333da5,False
img_000493,e:\Final_Project\Pnuemonia_Detection\data\raw_datasets\dataset_1\test\PNEUMONIA\VIRUS-1795675-0001.jpeg,dataset_1,PNEUMONIA,VIRAL,2,0cd683ccdbe1a7c3827c1ba6e9d004cb6ea3c7e1784385a84fece18513ed3c00,d476e31f831ba06a,False
img_001768,e:\Final_Project\Pnuemonia_Detection\data\raw_datasets\dataset_1\train\NORMAL\NORMAL-8654141-0001.jpeg,dataset_1,NORMAL,NORMAL,0,40e287a10868b4f2c1428c1a72c9bdeaf3ae3ae542203e9294cf56f46f2b13fe,907cc61b8d6d3ccc,False
img_000564,e:\Final_Project\Pnuemonia_Detection\data\raw_datasets\dataset_1\test\PNEUMONIA\VIRUS-5864551-0001.jpeg,dataset_1,PNEUMONIA,VIRAL,2,67496e43ec191f4a760f229280438449a4eb729f062ac2e9a736f783f496cda9,946f8f18413ccf5c,False
img_004837,e:\Final_Project\Pnuemonia_Detection\data\raw_datasets\dataset_1\train\PNEUMONIA\VIRUS-3270613-0001.jpeg,dataset_1,PNEUMONIA,VIRAL,2,26b8c770f4db97aa5230f80066c38af0d27a8ae4f2a88493cd217d954c3fb0f3,91a5c61a865ab6cf,False
img_000996,e:\Final_Project\Pnuemonia_Detection\data\raw_datasets\dataset_1\train\NORMAL\NORMAL-3514363-0004.jpeg,dataset_1,NORMAL,NORMAL,0,57b953fa39985507c4d668b91708eb9d41bb49176671ec979da28ce51c1deea4,905d861ecd4d8dc7,False
img_002337,e:\Final_Project\Pnuemonia_Detection\data\raw_datasets\dataset_1\train\PNEUMONIA\BACTERIA-2357276-0001.jpeg,dataset_1,PNEUMONIA,BACTERIAL,1,d9b144929a25bc6a571fd16f5c772c8b79ddeb97be7b4071112c1b5fbe255ea0,d5ea835bd1170c87,False
img_001447,e:\Final_Project\Pnuemonia_Detection\data\raw_datasets\dataset_1\train\NORMAL\NORMAL-6644752-0002.jpeg,dataset_1,NORMAL,NORMAL,0,e1c68ec7d84c3467651aa04d62115401f87d80524be963e6e2bb6916f836d855,d4fc871bad3d3804,False
img_003143,e:\Final_Project\Pnuemonia_Detection\data\raw_datasets\dataset_1\train\PNEUMONIA\BACTERIA-5150733-0012.jpeg,dataset_1,PNEUMONIA,BACTERIAL,1,f065e0a41e445080513a628cc782504e9b87b8c1374c692429799b2920f34ad9,dd7fea18d6099046,False
img_003383,e:\Final_Project\Pnuemonia_Detection\data\raw_datasets\dataset_1\train\PNEUMONIA\BACTERIA-5882940-0007.jpeg,dataset_1,PNEUMONIA,BACTERIAL,1,95c64d77fa7e57d6d76613210bf6fa6c0d93bd95272d776ed9218c1d734d547f,9137c61ef8ca38d2,False
img_001271,e:\Final_Project\Pnuemonia_Detection\data\raw_datasets\dataset_1\train\NORMAL\NORMAL-5426353-0001.jpeg,dataset_1,NORMAL,NORMAL,0,3105a4bdc2c7de294be4d546cb7ada0a78472cb462049f35ee01f451809236a6,d4e4c30fe52ce44e,False
img_001129,e:\Final_Project\Pnuemonia_Detection\data\raw_datasets\dataset_1\train\NORMAL\NORMAL-4316614-0002.jpeg,dataset_1,NORMAL,NORMAL,0,467b2b0f48d8972fd7953a56dd5ce64e5ede41fd0a930e1d8bc55c450113746b,d1e5c71ac96939c1,False
img_004539,e:\Final_Project\Pnuemonia_Detection\data\raw_datasets\dataset_1\train\PNEUMONIA\VIRUS-1149864-0002.jpeg,dataset_1,PNEUMONIA,VIRAL,2,6ac2066f5fa863096d1c02dd583ea63a006f1c9dca06f91ad9b90a79e8689750,c125c21be06b7c6f,False
img_004828,e:\Final_Project\Pnuemonia_Detection\data\raw_datasets\dataset_1\train\PNEUMONIA\VIRUS-3146191-0005.jpeg,dataset_1,PNEUMONIA,VIRAL,2,276f39976ea645fc2dd53029e203ac734bd3deb64a7f4a81af19ce9ef5f84fa6,946c630fc71b931b,False
img_002812,e:\Final_Project\Pnuemonia_Detection\data\raw_datasets\dataset_1\train\PNEUMONIA\BACTERIA-4033837-0001.jpeg,dataset_1,PNEUMONIA,BACTERIAL,1,f1f93c0e44f0329e4c878da9f75e89e619873a0c1fab200e67fbb7b1902eeff1,d07de71a824b39c6,False
img_004785,e:\Final_Project\Pnuemonia_Detection\data\raw_datasets\dataset_1\train\PNEUMONIA\VIRUS-2878937-0002.jpeg,dataset_1,PNEUMONIA,VIRAL,2,935683053e5773f82af9fb7ed05d38ce1d0cd82bec39b7f4b3caa9c7bdba4aaf,d02be61e1c491d5f,False
img_000169,e:\Final_Project\Pnuemonia_Detection\data\raw_datasets\dataset_1\test\NORMAL\NORMAL-6874528-0001.jpeg,dataset_1,NORMAL,NORMAL,0,d4a8c26b756d9c7a9c94c01dce9f7731fd1a9d28275483d2e46fae4cc16b1efb,916c867acd3c6ccc,False
img_001834,e:\Final_Project\Pnuemonia_Detection\data\raw_datasets\dataset_1\train\NORMAL\NORMAL-9063449-0001.jpeg,dataset_1,NORMAL,NORMAL,0,2305dcd1ae938539a51ef7b0223bd88cf2c20206fe097d15208af1574a710855,957c875a8d3c3896,False
img_005551,e:\Final_Project\Pnuemonia_Detection\data\raw_datasets\dataset_1\train\PNEUMONIA\VIRUS-7892531-0001.jpeg,dataset_1,PNEUMONIA,VIRAL,2,fd37bf65775de76973911ea2cc77216647f442c9a904eee4c1825f8fd0e1f3ca,80e5c2bac339c67e,False
img_000030,e:\Final_Project\Pnuemonia_Detection\data\raw_datasets\dataset_1\test\NORMAL\NORMAL-2123652-0001.jpeg,dataset_1,NORMAL,NORMAL,0,f77d6d4ff3992255db39207d8447aecff78d21f323bce72da5760e7019abfd24,d1a9c61afe693c60,False
img_001376,e:\Final_Project\Pnuemonia_Detection\data\raw_datasets\dataset_1\train\NORMAL\NORMAL-6090737-0001.jpeg,dataset_1,NORMAL,NORMAL,0,0611b30d7aed0a1d5a3ec97af926f03f18dac4d1f2c8f5c2624bac92273ead0a,913bc65ab85919d9,False
img_003722,e:\Final_Project\Pnuemonia_Detection\data\raw_datasets\dataset_1\train\PNEUMONIA\BACTERIA-7206010-0002.jpeg,dataset_1,PNEUMONIA,BACTERIAL,1,a72631ed98966bf646feb20c9dfa3b5e8d459608c5d667439b4c742aa02d20ed,857ee738155b2d12,False
img_004580,e:\Final_Project\Pnuemonia_Detection\data\raw_datasets\dataset_1\train\PNEUMONIA\VIRUS-1387612-0002.jpeg,dataset_1,PNEUMONIA,VIRAL,2,43a653970415e76bac46354b2e93fd98e9bdb762982a56049dc9955579af9c5d,91a7c318e438f46f,False
img_005492,e:\Final_Project\Pnuemonia_Detection\data\raw_datasets\dataset_1\train\PNEUMONIA\VIRUS-7473258-0002.jpeg,dataset_1,PNEUMONIA,VIRAL,2,89d4c432126e035511eaafbc52eec6cc7d5d08618953967bfebd78eb36634379,9420afb0eb38eab9,False
img_000300,e:\Final_Project\Pnuemonia_Detection\data\raw_datasets\dataset_1\test\PNEUMONIA\BACTERIA-3961172-0002.jpeg,dataset_1,PNEUMONIA,BACTERIAL,1,7d674d50a020c24a9b93784d6b7458f55e649bf057f79cc153ca0b6a9b5c7102,913be39656461e5a,False
img_002319,e:\Final_Project\Pnuemonia_Detection\data\raw_datasets\dataset_1\train\PNEUMONIA\BACTERIA-2245040-0003.jpeg,dataset_1,PNEUMONIA,BACTERIAL,1,46545d63eb38235e1105b1118b2f01a1a2f02f8f3d104da95805a7b1d24843ee,902be23eca693c6b,False
img_003710,e:\Final_Project\Pnuemonia_Detection\data\raw_datasets\dataset_1\train\PNEUMONIA\BACTERIA-7172433-0006.jpeg,dataset_1,PNEUMONIA,BACTERIAL,1,5423da70518d054a7d8881269711e1ce0ef1361e09b4475c7fb7e424bf743128,d4aaeb1e5a4a3c61,False
img_003512,e:\Final_Project\Pnuemonia_Detection\data\raw_datasets\dataset_1\train\PNEUMONIA\BACTERIA-6377398-0001.jpeg,dataset_1,PNEUMONIA,BACTERIAL,1,5abfaad97e0f6b84cc86bc089116b794b63cb4ec0037dcbc0842b37bfb146f12,912be73fb4c21b90,False
img_000989,e:\Final_Project\Pnuemonia_Detection\data\raw_datasets\dataset_1\train\NORMAL\NORMAL-3487615-0001.jpeg,dataset_1,NORMAL,NORMAL,0,b3b7e0673571fc851ba773fbc826e293850130e7f6b59812bd172a1fdaa814de,98ed871ec31e1a2d,False
img_000810,e:\Final_Project\Pnuemonia_Detection\data\raw_datasets\dataset_1\train\NORMAL\NORMAL-2335856-0001.jpeg,dataset_1,NORMAL,NORMAL,0,46db430525581c8f86a2f27544c25dc6d2cab0841bce1c2eafe0010bd3f34ede,d13dc73e8929384d,False
img_004336,e:\Final_Project\Pnuemonia_Detection\data\raw_datasets\dataset_1\train\PNEUMONIA\BACTERIA-9283703-0001.jpeg,dataset_1,PNEUMONIA,BACTERIAL,1,2d31470c9914aab1057aba5ab169a424b5ebc04d100bfd9f2203dd6ee4083f9e,913be71ed64a3c60,False
img_001915,e:\Final_Project\Pnuemonia_Detection\data\raw_datasets\dataset_1\train\NORMAL\NORMAL-9651264-0001.jpeg,dataset_1,NORMAL,NORMAL,0,07beca51a70ddd64eb39cc4771d94ad4abf495cb1dbf820a2e57b431451023e0,996fc65ac54b184d,False
img_001711,e:\Final_Project\Pnuemonia_Detection\data\raw_datasets\dataset_1\train\NORMAL\NORMAL-8311712-0001.jpeg,dataset_1,NORMAL,NORMAL,0,2cf29f8d8d29fb768e03c24f17abb7f1d0c4eea67727e7c5450391255e1baf89,d0eac7b9c9e838b0,False
img_002650,e:\Final_Project\Pnuemonia_Detection\data\raw_datasets\dataset_1\train\PNEUMONIA\BACTERIA-3451166-0001.jpeg,dataset_1,PNEUMONIA,BACTERIAL,1,fcfe12bf0408bcbf27fdea3c334d7123903d0da1797cd5087da445432e7a8d99,c03f711dd26c7c68,False
img_002915,e:\Final_Project\Pnuemonia_Detection\data\raw_datasets\dataset_1\train\PNEUMONIA\BACTERIA-4394900-0004.jpeg,dataset_1,PNEUMONIA,BACTERIAL,1,f832e378f26ade1dc34b1b45acc4cdc412984bca1d21328936b4679c8f470d4d,c03f671f7c493cc0,False
img_003806,e:\Final_Project\Pnuemonia_Detection\data\raw_datasets\dataset_1\train\PNEUMONIA\BACTERIA-752117-0001.jpeg,dataset_1,PNEUMONIA,BACTERIAL,1,ccd672c967d8d6186258e59159c4ff3431f8706107685800240256a4f35a686b,917bf656440a515f,False
img_005530,e:\Final_Project\Pnuemonia_Detection\data\raw_datasets\dataset_1\train\PNEUMONIA\VIRUS-7794093-0006.jpeg,dataset_1,PNEUMONIA,VIRAL,2,6d5efd94e1de90d4520a46a7eea24c218a3cba81180912d006fd033bc3b1335e,d0af7d1d480b2a4f,False
img_000824,e:\Final_Project\Pnuemonia_Detection\data\raw_datasets\dataset_1\train\NORMAL\NORMAL-2411226-0001.jpeg,dataset_1,NORMAL,NORMAL,0,0e9dd26c343ed95967b197197e656594a6808abf62c885c3a1b83326aa37a554,997d870a870b1c6f,False
img_000465,e:\Final_Project\Pnuemonia_Detection\data\raw_datasets\dataset_1\test\PNEUMONIA\BACTERIA-9503383-0001.jpeg,dataset_1,PNEUMONIA,BACTERIAL,1,b1ba0bcc2736399f54a6276b97742ab2c58b3b4d76a10e7ebcacb8db65158db7,813b575ed6483ce1,False
img_003795,e:\Final_Project\Pnuemonia_Detection\data\raw_datasets\dataset_1\train\PNEUMONIA\BACTERIA-7505456-0001.jpeg,dataset_1,PNEUMONIA,BACTERIAL,1,675f7cc1d82af18a782fdf7a257db5d139a198fbc5b4383a9add95492b990faf,d03fd51a9a3c9495,False
img_005565,e:\Final_Project\Pnuemonia_Detection\data\raw_datasets\dataset_1\train\PNEUMONIA\VIRUS-7995680-0002.jpeg,dataset_1,PNEUMONIA,VIRAL,2,402954b04dc6e405a9cfe3398a12851635d14b1ceff774b30777f2d34120dcca,9121c31fe4793c6d,False
img_004338,e:\Final_Project\Pnuemonia_Detection\data\raw_datasets\dataset_1\train\PNEUMONIA\BACTERIA-9293416-0001.jpeg,dataset_1,PNEUMONIA,BACTERIAL,1,399305188ca46c00571808ecc033e35d79708b0182a6ecafec5c1fcd13e7ec95,d029e61e82cb3ed5,False
img_002547,e:\Final_Project\Pnuemonia_Detection\data\raw_datasets\dataset_1\train\PNEUMONIA\BACTERIA-3134196-0001.jpeg,dataset_1,PNEUMONIA,BACTERIAL,1,3f5f7c0af49a225f9f36154351ae928ac877dcbf619f96613a17c007f578f07c,d02f5e5939191d96,False
img_004488,e:\Final_Project\Pnuemonia_Detection\data\raw_datasets\dataset_1\train\PNEUMONIA\BACTERIA-990412-0005.jpeg,dataset_1,PNEUMONIA,BACTERIAL,1,78ddb9d386bcc35f146e7841b3f34e98eb6f8c90675815b2b4dbc7cbf2aefa56,916aef3b4618324f,False
img_003296,e:\Final_Project\Pnuemonia_Detection\data\raw_datasets\dataset_1\train\PNEUMONIA\BACTERIA-5593364-0001.jpeg,dataset_1,PNEUMONIA,BACTERIAL,1,53d435fb8a3c2edb00a09c552927b265b4f4c55b32c8a192e20e19a103376c4b,902fef1e1c52d5c2,False
img_005671,e:\Final_Project\Pnuemonia_Detection\data\raw_datasets\dataset_1\train\PNEUMONIA\VIRUS-8666617-0002.jpeg,dataset_1,PNEUMONIA,VIRAL,2,8b8b04345c5071d5869073cb40beaba5c0eb2c4b751eeb2de400cca7368209ec,d43c924b9da8cb3c,False
img_005534,e:\Final_Project\Pnuemonia_Detection\data\raw_datasets\dataset_1\train\PNEUMONIA\VIRUS-7794093-0010.jpeg,dataset_1,PNEUMONIA,VIRAL,2,973409d653145e40db0c5a7d1f4ebd9ae809dde80683244a45338884c3172b50,9168463e4f1b79c6,False
img_004059,e:\Final_Project\Pnuemonia_Detection\data\raw_datasets\dataset_1\train\PNEUMONIA\BACTERIA-8324394-0007.jpeg,dataset_1,PNEUMONIA,BACTERIAL,1,1121287d5a01220816d00054613f3fa7cd7dbb5843d917b92055ac77dd85853b,906e6f18915ab1cf,False
img_002867,e:\Final_Project\Pnuemonia_Detection\data\raw_datasets\dataset_1\train\PNEUMONIA\BACTERIA-4271267-0001.jpeg,dataset_1,PNEUMONIA,BACTERIAL,1,ec0e602ef06f2a64d00e26f3083cc9c1d6ada5ace682edb568d46cc7e0470118,806aaf1cc73b854f,False
img_004138,e:\Final_Project\Pnuemonia_Detection\data\raw_datasets\dataset_1\train\PNEUMONIA\BACTERIA-8561683-0001.jpeg,dataset_1,PNEUMONIA,BACTERIAL,1,707a30f4c407932090b5f5bf351057cc70a26d31b98cf49b6f91ac8aa8695e4c,d42ee31fca8339d0,False
img_002372,e:\Final_Project\Pnuemonia_Detection\data\raw_datasets\dataset_1\train\PNEUMONIA\BACTERIA-2474652-0006.jpeg,dataset_1,PNEUMONIA,BACTERIAL,1,48cbed081e5b59740db35ecdbd1d6b148190090d5ef73fb57cf4908cd5017cd5,986ee730c31b38c7,False
img_003040,e:\Final_Project\Pnuemonia_Detection\data\raw_datasets\dataset_1\train\PNEUMONIA\BACTERIA-4766617-0002.jpeg,dataset_1,PNEUMONIA,BACTERIAL,1,1856fb26c228ed25f1da63313cd062fc1be29ae236766389dab4fa7789a0576e,d1bbe23ac20a3ce6,False
img_001203,e:\Final_Project\Pnuemonia_Detection\data\raw_datasets\dataset_1\train\NORMAL\NORMAL-4853105-0001.jpeg,dataset_1,NORMAL,NORMAL,0,4992849566d5d5cae8af21b3713aebf4951d2c15629afe77eea7d090df41d423,d44fe71fad8d0a80,False
img_003620,e:\Final_Project\Pnuemonia_Detection\data\raw_datasets\dataset_1\train\PNEUMONIA\BACTERIA-6704473-0001.jpeg,dataset_1,PNEUMONIA,BACTERIAL,1,bdfca22bb7fc2d6f6025d4527e1cdb8bba5c78aa668b5052fc20883d4ca58940,912bc70f8c493df8,False
img_000624,e:\Final_Project\Pnuemonia_Detection\data\raw_datasets\dataset_1\test\PNEUMONIA\VIRUS-9968655-0001.jpeg,dataset_1,PNEUMONIA,VIRAL,2,24b785aaa09da2f13be00ab9c214aa1d372cc6dee4d58b02c5df776babe29285,d026e30fd84b7cd2,False
img_004508,e:\Final_Project\Pnuemonia_Detection\data\raw_datasets\dataset_1\train\PNEUMONIA\BACTERIA-9988673-0001.jpeg,dataset_1,PNEUMONIA,BACTERIAL,1,1c8a4d83708ed9c5f7ca1a647c892bb66c3b2abe013e0506b76f89cdd7da52f3,902ff75e541ec458,False
img_004979,e:\Final_Project\Pnuemonia_Detection\data\raw_datasets\dataset_1\train\PNEUMONIA\VIRUS-4177975-0002.jpeg,dataset_1,PNEUMONIA,VIRAL,2,a74d37ba395a024d92a2e4a371465eb08bb93d4f5d358f83e1ef450f84245f98,d025c21be14b9cef,False
img_003968,e:\Final_Project\Pnuemonia_Detection\data\raw_datasets\dataset_1\train\PNEUMONIA\BACTERIA-8054264-0002.jpeg,dataset_1,PNEUMONIA,BACTERIAL,1,dcbd29627d1b6d018abb9e41950bfa2cabd6a40e0a4ab27cb99a6e1256c5315b,d02fe33e7a383d40,False
img_004154,e:\Final_Project\Pnuemonia_Detection\data\raw_datasets\dataset_1\train\PNEUMONIA\BACTERIA-8629313-0003.jpeg,dataset_1,PNEUMONIA,BACTERIAL,1,bacb852423d3e3fc25322f086b63ca5c26e84545b53f6d585e931f46d4b53b5f,c26ea75faa2aaa82,False
img_004805,e:\Final_Project\Pnuemonia_Detection\data\raw_datasets\dataset_1\train\PNEUMONIA\VIRUS-3004188-0002.jpeg,dataset_1,PNEUMONIA,VIRAL,2,10349fe5b210d1a6395a6f05b1c51d0d5ae189218c219bc21699d9e3f66d17d4,d460e31be51b838f,False
img_000607,e:\Final_Project\Pnuemonia_Detection\data\raw_datasets\dataset_1\test\PNEUMONIA\VIRUS-8544560-0001.jpeg,dataset_1,PNEUMONIA,VIRAL,2,c5af9ec0a7d1255584656cdf8b07470be8a0c9d0ea7349278226c8bb0622e803,d4f4c21bc31bb4c3,False
img_000282,e:\Final_Project\Pnuemonia_Detection\data\raw_datasets\dataset_1\test\PNEUMONIA\BACTERIA-3060399-0003.jpeg,dataset_1,PNEUMONIA,BACTERIAL,1,33c890471bde89ee5a6b3d1c952a88a9779b9b378d2bd6014743d6250e4b7569,d02aeb1f490fe24b,False
img_001916,e:\Final_Project\Pnuemonia_Detection\data\raw_datasets\dataset_1\train\NORMAL\NORMAL-9667042-0001.jpeg,dataset_1,NORMAL,NORMAL,0,bc668dba6f734694ce5391cfeac95cee47935bc44a9e318944578442cd72c529,8129ea39786939f9,False
img_003837,e:\Final_Project\Pnuemonia_Detection\data\raw_datasets\dataset_1\train\PNEUMONIA\BACTERIA-7654964-0001.jpeg,dataset_1,PNEUMONIA,BACTERIAL,1,e5bd5f43d3525a14fa23616dfc213654382cc34d77520490dce3fa12569fceb5,d0e6c719c539b44e,False
img_002889,e:\Final_Project\Pnuemonia_Detection\data\raw_datasets\dataset_1\train\PNEUMONIA\BACTERIA-4338635-0002.jpeg,dataset_1,PNEUMONIA,BACTERIAL,1,b5c5435506e7536f0e008f920a8c3c54eaaec68e4582e08fb46c0de21cd2759e,d4abab1a5b417f40,False
img_001173,e:\Final_Project\Pnuemonia_Detection\data\raw_datasets\dataset_1\train\NORMAL\NORMAL-4678619-0001.jpeg,dataset_1,NORMAL,NORMAL,0,4ce81387bcc7dfd596df4d21a1309646ffa567ba7f38cc686681136bf54b68d3,d13dc71a9c4939d4,False
img_002720,e:\Final_Project\Pnuemonia_Detection\data\raw_datasets\dataset_1\train\PNEUMONIA\BACTERIA-3705661-0003.jpeg,dataset_1,PNEUMONIA,BACTERIAL,1,40b1c83b990d2043186bbfbcd83916d8a3d9f7a6277875fefcc5afec8b896369,d07f5a082a3f3c2d,False
img_000475,e:\Final_Project\Pnuemonia_Detection\data\raw_datasets\dataset_1\test\PNEUMONIA\BACTERIA-9913238-0002.jpeg,dataset_1,PNEUMONIA,BACTERIAL,1,84ede36c1a8cfcd09a3f0a4304d499418a52ea1f8d6e1e843b91eb57ce402b2c,8a2ae71c5f09bca9,False
img_004445,e:\Final_Project\Pnuemonia_Detection\data\raw_datasets\dataset_1\train\PNEUMONIA\BACTERIA-9634181-0001.jpeg,dataset_1,PNEUMONIA,BACTERIAL,1,da15012ee22caee166a8b4477dff15edded95286f2bb21c15a5247d5f19901cd,d474e31ae33d6826,False
img_001302,e:\Final_Project\Pnuemonia_Detection\data\raw_datasets\dataset_1\train\NORMAL\NORMAL-5633781-0002.jpeg,dataset_1,NORMAL,NORMAL,0,d76aef50f08673803a1c6b166d1d303550bd2fcb0792c9a69016321d6f853d2f,802bc65a5a797979,False
img_004590,e:\Final_Project\Pnuemonia_Detection\data\raw_datasets\dataset_1\train\PNEUMONIA\VIRUS-1519598-0002.jpeg,dataset_1,PNEUMONIA,VIRAL,2,bd14d9898ede6d6780da378a1ed35a9d3a2cac165e68ca4720fba20b2a765fff,947ea71f8739091c,False
img_003053,e:\Final_Project\Pnuemonia_Detection\data\raw_datasets\dataset_1\train\PNEUMONIA\BACTERIA-4815049-0004.jpeg,dataset_1,PNEUMONIA,BACTERIAL,1,c924e754976f63e994bd8dbf92f89a41407125aea0b5fd83cd29a42fa2032c7c,912bea1efa5a3941,False
img_002272,e:\Final_Project\Pnuemonia_Detection\data\raw_datasets\dataset_1\train\PNEUMONIA\BACTERIA-213622-0001.jpeg,dataset_1,PNEUMONIA,BACTERIAL,1,a34c5df0f56c66f89787a0882084ba100dc8317b543a21855d5796b0956befbb,9179ee5e1c495c1c,False
img_005245,e:\Final_Project\Pnuemonia_Detection\data\raw_datasets\dataset_1\train\PNEUMONIA\VIRUS-5839760-0004.jpeg,dataset_1,PNEUMONIA,VIRAL,2,d6bf75eb2cef2523801c4237bae09f255294fe17c2202e05d784c033d6b48dfe,8129e64e964a3f76,False
img_001322,e:\Final_Project\Pnuemonia_Detection\data\raw_datasets\dataset_1\train\NORMAL\NORMAL-5722320-0001.jpeg,dataset_1,NORMAL,NORMAL,0,ed8d05cccbdcec5ee9bbb7b6682c719f769d2bde7d435f4dd1fff0aafac6a1c6,d53a525b1c481f97,False
img_002689,e:\Final_Project\Pnuemonia_Detection\data\raw_datasets\dataset_1\train\PNEUMONIA\BACTERIA-3600614-0001.jpeg,dataset_1,PNEUMONIA,BACTERIAL,1,9e5c952bc8fc544a1a48027d1621796bea5e85c852b475b86de869e10dca6b74,901be79294c6b53e,False
img_001815,e:\Final_Project\Pnuemonia_Detection\data\raw_datasets\dataset_1\train\NORMAL\NORMAL-9000251-0003.jpeg,dataset_1,NORMAL,NORMAL,0,5dfd1ba64e382ec96d196ce4b4f54a26f71b17e63a2705aa8bdd3560a199f052,d02dc73abc493c9c,False
img_003680,e:\Final_Project\Pnuemonia_Detection\data\raw_datasets\dataset_1\train\PNEUMONIA\BACTERIA-700778-0001.jpeg,dataset_1,PNEUMONIA,BACTERIAL,1,947708665bfeb639350141ab0717e7e4be3d5e07de870be17855b327a457e1c4,846fab1a8b4b898f,False
img_005851,e:\Final_Project\Pnuemonia_Detection\data\raw_datasets\dataset_1\train\PNEUMONIA\VIRUS-9922492-0002.jpeg,dataset_1,PNEUMONIA,VIRAL,2,52b787bd2d80b8cac3b14ae35c5b786836488ce8e7f39c8dedd0ff82bc0aa471,d42be33bea4a1cc1,False
img_004063,e:\Final_Project\Pnuemonia_Detection\data\raw_datasets\dataset_1\train\PNEUMONIA\BACTERIA-8341352-0001.jpeg,dataset_1,PNEUMONIA,BACTERIAL,1,7a780c8bd78657220a8573a6c3f2d20b3baafc05c0bad79314bc63f59054302e,d46ee73e820b194b,False
img_005555,e:\Final_Project\Pnuemonia_Detection\data\raw_datasets\dataset_1\train\PNEUMONIA\VIRUS-7933423-0003.jpeg,dataset_1,PNEUMONIA,VIRAL,2,70eb2661dba922c58dc06dd9c420e085c0cde6dadee1698dc28ce815f0012888,d45ce20ff0877b30,False
img_002088,e:\Final_Project\Pnuemonia_Detection\data\raw_datasets\dataset_1\train\PNEUMONIA\BACTERIA-1452215-0001.jpeg,dataset_1,PNEUMONIA,BACTERIAL,1,c896be80a96f922af22871c53f9debdf9396485ffd337317d4ee6df08844b9d4,912be71cd61e98ca,False
img_003688,e:\Final_Project\Pnuemonia_Detection\data\raw_datasets\dataset_1\train\PNEUMONIA\BACTERIA-7035571-0002.jpeg,dataset_1,PNEUMONIA,BACTERIAL,1,dddbae6cd111fc13f51629c8c3b051c9496dfc53867396c97c6a13a790f3fe95,c06ca642965bbaeb,False
img_003140,e:\Final_Project\Pnuemonia_Detection\data\raw_datasets\dataset_1\train\PNEUMONIA\BACTERIA-5150733-0009.jpeg,dataset_1,PNEUMONIA,BACTERIAL,1,ee76fb0e368345cfa5f3c0f4a865db5f8ccf664062b59bca76d4d891e49e72d1,913bfe38d06ba862,False
img_003283,e:\Final_Project\Pnuemonia_Detection\data\raw_datasets\dataset_1\train\PNEUMONIA\BACTERIA-5555087-0001.jpeg,dataset_1,PNEUMONIA,BACTERIAL,1,1d67bb93a6c1d0b55d2ac36c9d243d1fb851d6a1854f6608b3161e77359e6d2d,c1acc63bed693982,False
img_001869,e:\Final_Project\Pnuemonia_Detection\data\raw_datasets\dataset_1\train\NORMAL\NORMAL-932552-0001.jpeg,dataset_1,NORMAL,NORMAL,0,392d0e53ba57bcb147c8d3379e82014b3820f8f346451ea10e7a8b86ae47f32b,946e831b89bd68e6,False
img_003329,e:\Final_Project\Pnuemonia_Detection\data\raw_datasets\dataset_1\train\PNEUMONIA\BACTERIA-5628383-0013.jpeg,dataset_1,PNEUMONIA,BACTERIAL,1,8486891f00dab25a1a8572f5d2b1199bf5d9e398457267591f71e288c4ac20cd,90bdd50a1a4b3f5a,False
img_001220,e:\Final_Project\Pnuemonia_Detection\data\raw_datasets\dataset_1\train\NORMAL\NORMAL-5031579-0002.jpeg,dataset_1,NORMAL,NORMAL,0,97441a3bc45ea27d3e01c9b55eac2e18dec3697a45211be3474a618cc6e7d92c,dc66871b8f2d0c2e,False
img_001148,e:\Final_Project\Pnuemonia_Detection\data\raw_datasets\dataset_1\train\NORMAL\NORMAL-4500184-0001.jpeg,dataset_1,NORMAL,NORMAL,0,7d654662ebc528c021677f47fcfc9f25145f793693607aa8a35293d88e861f32,912be73a3a4f3838,False
img_004073,e:\Final_Project\Pnuemonia_Detection\data\raw_datasets\dataset_1\train\PNEUMONIA\BACTERIA-8375877-0001.jpeg,dataset_1,PNEUMONIA,BACTERIAL,1,1f9e041ab56cff8ce69ba6ecac2fdd5724b01f4270996edd2cd03889a6a12116,953b7a3e06161557,False
img_005570,e:\Final_Project\Pnuemonia_Detection\data\raw_datasets\dataset_1\train\PNEUMONIA\VIRUS-8028911-0002.jpeg,dataset_1,PNEUMONIA,VIRAL,2,3a4d105cd2055cdbcbf6a524fc3bbd0ec86c603d79729d9df669c767cb943354,c06fa31bc54d4dc6,False
img_002960,e:\Final_Project\Pnuemonia_Detection\data\raw_datasets\dataset_1\train\PNEUMONIA\BACTERIA-4521338-0004.jpeg,dataset_1,PNEUMONIA,BACTERIAL,1,5c15ac14c7535bb517296ff9abc3200dd846b19f49a4e243f9dcb1180bbf4f38,d42be354564b5e43,False
img_003515,e:\Final_Project\Pnuemonia_Detection\data\raw_datasets\dataset_1\train\PNEUMONIA\BACTERIA-6383526-0001.jpeg,dataset_1,PNEUMONIA,BACTERIAL,1,b53dca76740e00f57646412aa867a0fe3b6a794cd162fd0e0f0b4a706abcd57f,d03eefe028a297b2,False
img_001780,e:\Final_Project\Pnuemonia_Detection\data\raw_datasets\dataset_1\train\NORMAL\NORMAL-87870-0001.jpeg,dataset_1,NORMAL,NORMAL,0,de883f53363152a02b3e0978ac7a287ee0709127269555b5dd83f18a7c0cd71c,90aecb1ecf4c1c47,False
img_004396,e:\Final_Project\Pnuemonia_Detection\data\raw_datasets\dataset_1\train\PNEUMONIA\BACTERIA-9530903-0004.jpeg,dataset_1,PNEUMONIA,BACTERIAL,1,698d7d221dda21fe017adfa65043dcde32c4ba9be28c6b60d797ed6bbdfac140,9465471f871b835b,False
img_000531,e:\Final_Project\Pnuemonia_Detection\data\raw_datasets\dataset_1\test\PNEUMONIA\VIRUS-3915569-0001.jpeg,dataset_1,PNEUMONIA,VIRAL,2,e29690c4666bb4409ae5dd1613c8e0318832ea5c4edc2661ce8ecce6a79cb73c,9121c33ee21ae66f,False
img_003945,e:\Final_Project\Pnuemonia_Detection\data\raw_datasets\dataset_1\train\PNEUMONIA\BACTERIA-8028911-0001.jpeg,dataset_1,PNEUMONIA,BACTERIAL,1,d5334d4f67c3bac390e52a8234d4da27667a1cf5d9f798be05b8c8dcd7290818,8a39eb4f5a692a2c,False
img_001720,e:\Final_Project\Pnuemonia_Detection\data\raw_datasets\dataset_1\train\NORMAL\NORMAL-8332111-0001.jpeg,dataset_1,NORMAL,NORMAL,0,e6b3d23d58326ee8dd81eb09303ef8cd8101d218479950adb56fb147e90ec3fd,902bd25fdc5e1d30,False
img_000804,e:\Final_Project\Pnuemonia_Detection\data\raw_datasets\dataset_1\train\NORMAL\NORMAL-233341-0001.jpeg,dataset_1,NORMAL,NORMAL,0,6a7917f8c3b1fff7bd786b1c4bb892ff66e1ae1691fbc1375922581c5270ab09,916b461b0b2f3d2d,False
img_000407,e:\Final_Project\Pnuemonia_Detection\data\raw_datasets\dataset_1\test\PNEUMONIA\BACTERIA-7346761-0001.jpeg,dataset_1,PNEUMONIA,BACTERIAL,1,d7ce0f5ea05bb6ff11945d626c611d899fd43b88f63bd310c70cbc0ede9d4e03,906ae317c23bb969,False
img_001174,e:\Final_Project\Pnuemonia_Detection\data\raw_datasets\dataset_1\train\NORMAL\NORMAL-4678619-0002.jpeg,dataset_1,NORMAL,NORMAL,0,9c28379873161aceb94867e796e31f997c25f40ee971a1eff6b8b84590515472,942b831add1e38d7,False
img_003820,e:\Final_Project\Pnuemonia_Detection\data\raw_datasets\dataset_1\train\PNEUMONIA\BACTERIA-7620642-0001.jpeg,dataset_1,PNEUMONIA,BACTERIAL,1,85e6767352ba2c375c1dc5865e954e3a5f37eaf24eae3f9cf4abcf9659c1c814,d021eb3ca6c6bec2,False
img_004150,e:\Final_Project\Pnuemonia_Detection\data\raw_datasets\dataset_1\train\PNEUMONIA\BACTERIA-8608542-0001.jpeg,dataset_1,PNEUMONIA,BACTERIAL,1,3c7989afc48737fa35f469eef700dad4f9bf585b0b4459136f2a8ce055c8b1da,d0e4c71b872f924e,False
img_001280,e:\Final_Project\Pnuemonia_Detection\data\raw_datasets\dataset_1\train\NORMAL\NORMAL-5488799-0002.jpeg,dataset_1,NORMAL,NORMAL,0,76b705923a38213c149762a620c480738bba9ef65813aad2d71519434edad720,c13bee3a5c493949,False
img_004496,e:\Final_Project\Pnuemonia_Detection\data\raw_datasets\dataset_1\train\PNEUMONIA\BACTERIA-992913-0002.jpeg,dataset_1,PNEUMONIA,BACTERIAL,1,01e0cd05da264bbaea9ec41eff596b648cfd2977b0d40bd86470b616f6ed5672,812be77bb4c23e14,False
img_005204,e:\Final_Project\Pnuemonia_Detection\data\raw_datasets\dataset_1\train\PNEUMONIA\VIRUS-5615173-0002.jpeg,dataset_1,PNEUMONIA,VIRAL,2,595b1a3b48d88f9ad2ba5a8a9f5411c9d9f6fd26c5c90a6db291c921318e4622,916b6e3cf4167065,False
img_000709,e:\Final_Project\Pnuemonia_Detection\data\raw_datasets\dataset_1\train\NORMAL\NORMAL-1619233-0001.jpeg,dataset_1,NORMAL,NORMAL,0,57bafb2909dbb15ef02b84291c4d15191cbb2ac5414b4d2fcdf56b273a6f8378,917ec71badc43894,False
img_005227,e:\Final_Project\Pnuemonia_Detection\data\raw_datasets\dataset_1\train\PNEUMONIA\VIRUS-5701772-0003.jpeg,dataset_1,PNEUMONIA,VIRAL,2,557cbb0d731d7b862ec9183f0b45d467db33151d1a2a35b397d168fa2c0da1c9,d5f45a4ae15aa51a,False
img_004157,e:\Final_Project\Pnuemonia_Detection\data\raw_datasets\dataset_1\train\PNEUMONIA\BACTERIA-864208-0001.jpeg,dataset_1,PNEUMONIA,BACTERIAL,1,a243df76758c8275c7264a50c302c0dc5839a7ae6e89652bcd484195aba757da,d47ce03fc1162ae3,False
img_005419,e:\Final_Project\Pnuemonia_Detection\data\raw_datasets\dataset_1\train\PNEUMONIA\VIRUS-6932881-0002.jpeg,dataset_1,PNEUMONIA,VIRAL,2,da9441f2f6682b6fc155fcb1b04d4cb753f6dc3af4cdb0bb1bb926a6213a53c7,91b5e61bb8ed38a0,False
img_001022,e:\Final_Project\Pnuemonia_Detection\data\raw_datasets\dataset_1\train\NORMAL\NORMAL-3747940-0001.jpeg,dataset_1,NORMAL,NORMAL,0,c364f811e84ac4ae88013b0871f721f0098763f3eebdf81451dbf9bed4d9a32a,913bd25a98f131b5,False
img_002328,e:\Final_Project\Pnuemonia_Detection\data\raw_datasets\dataset_1\train\PNEUMONIA\BACTERIA-232309-0002.jpeg,dataset_1,PNEUMONIA,BACTERIAL,1,c3aa9c36e844a83d3b5623c7cfefd15cc7513dc7434a1b9b3f41998b4d9a6a3d,997b061e5b185f38,False
img_001035,e:\Final_Project\Pnuemonia_Detection\data\raw_datasets\dataset_1\train\NORMAL\NORMAL-3802540-0001.jpeg,dataset_1,NORMAL,NORMAL,0,1352d21daee4f8358fc5c62edefa42448b2c0d18aa1105bac2ba924ab51eb1cb,9878c31adb1d59b4,False
img_004311,e:\Final_Project\Pnuemonia_Detection\data\raw_datasets\dataset_1\train\PNEUMONIA\BACTERIA-9188112-0001.jpeg,dataset_1,PNEUMONIA,BACTERIAL,1,a16764d2b6c9072e9e8b60edf4c8068822177d4162193dc5381bfafbfd7d2356,942de21ed22f954b,False
img_005697,e:\Final_Project\Pnuemonia_Detection\data\raw_datasets\dataset_1\train\PNEUMONIA\VIRUS-8841513-0001.jpeg,dataset_1,PNEUMONIA,VIRAL,2,86e47d01c3d6a2027732789939880ae8b69805ad92f68a7d8c8975a127d15872,c06ab7b7ab2d6405,False
img_001257,e:\Final_Project\Pnuemonia_Detection\data\raw_datasets\dataset_1\train\NORMAL\NORMAL-5357348-0001.jpeg,dataset_1,NORMAL,NORMAL,0,57bfd69540b6d022aaec3aa973dc8b1659f5516b59b0fb4d1cbd7b1c0e5380c4,d46ec70fcd0d68c4,False
img_000389,e:\Final_Project\Pnuemonia_Detection\data\raw_datasets\dataset_1\test\PNEUMONIA\BACTERIA-6833685-0003.jpeg,dataset_1,PNEUMONIA,BACTERIAL,1,e4c540d4739c0b677f18a245ad0a6455dc589638fd87eb4c74f7c1f0166e659c,9156c61ad14fb14f,False
img_003630,e:\Final_Project\Pnuemonia_Detection\data\raw_datasets\dataset_1\train\PNEUMONIA\BACTERIA-6750824-0001.jpeg,dataset_1,PNEUMONIA,BACTERIAL,1,afb58207b20b720286268a7dced28cbcfdc41ecf1e503586a1d2de4a58b88a27,d93f63161e4a1d1c,False
img_002727,e:\Final_Project\Pnuemonia_Detection\data\raw_datasets\dataset_1\train\PNEUMONIA\BACTERIA-3722564-0002.jpeg,dataset_1,PNEUMONIA,BACTERIAL,1,715de92611f02b91c6958bc0d59df8f5396acc77e64ce55428df25f0d630683f,d03f4a0b5b4f3a2a,False
img_004759,e:\Final_Project\Pnuemonia_Detection\data\raw_datasets\dataset_1\train\PNEUMONIA\VIRUS-2750119-0005.jpeg,dataset_1,PNEUMONIA,VIRAL,2,8adeac9090c428989009bd3f10970225b4221bedc18f8d78bf20a2d67d023831,956ac63c433d34a7,False
img_002791,e:\Final_Project\Pnuemonia_Detection\data\raw_datasets\dataset_1\train\PNEUMONIA\BACTERIA-394844-0001.jpeg,dataset_1,PNEUMONIA,BACTERIAL,1,b44254fd1fc5cdb8d8047f4cef16f8dd63f3037a49acc67432facccf1064f157,c0abebcd1f4a492c,False
img_004803,e:\Final_Project\Pnuemonia_Detection\data\raw_datasets\dataset_1\train\PNEUMONIA\VIRUS-3000214-0005.jpeg,dataset_1,PNEUMONIA,VIRAL,2,5876edb8fc122580fc3941693feeebdbfa4c88ea94865d38bac9e7eb10172f8d,d4faa32fa52a28a6,False
img_003648,e:\Final_Project\Pnuemonia_Detection\data\raw_datasets\dataset_1\train\PNEUMONIA\BACTERIA-6860819-0001.jpeg,dataset_1,PNEUMONIA,BACTERIAL,1,7e5ecc0f61825a61f3cff7477fd53210d7596a122da6451316405235da753037,9011ab3ae8a67ed5,False
img_002971,e:\Final_Project\Pnuemonia_Detection\data\raw_datasets\dataset_1\train\PNEUMONIA\BACTERIA-4565185-0001.jpeg,dataset_1,PNEUMONIA,BACTERIAL,1,6a3a168d18fd399aefb6b5d8767a73b18a769944cd259d4c4b995a450157eba4,d46fa71b890b3d05,False
img_003775,e:\Final_Project\Pnuemonia_Detection\data\raw_datasets\dataset_1\train\PNEUMONIA\BACTERIA-7432256-0002.jpeg,dataset_1,PNEUMONIA,BACTERIAL,1,109acc2a7b7c22d03854f74865ee3ccee9cc7ff41f3ebee708635cb1cc2d2c46,982fca0a836bb56b,False
img_001921,e:\Final_Project\Pnuemonia_Detection\data\raw_datasets\dataset_1\train\NORMAL\NORMAL-9725183-0001.jpeg,dataset_1,NORMAL,NORMAL,0,e008287feddc12703a3e68816d801429124828eaef321a7df06cee6ce252dff6,9969c65a595d5915,False
img_003498,e:\Final_Project\Pnuemonia_Detection\data\raw_datasets\dataset_1\train\PNEUMONIA\BACTERIA-6295192-0010.jpeg,dataset_1,PNEUMONIA,BACTERIAL,1,57d24696ebfcbbffcb7e2e350ab52b59896730ef2742d95967f0084e4a08f6ed,90e5a7ba871a955a,False
img_000669,e:\Final_Project\Pnuemonia_Detection\data\raw_datasets\dataset_1\train\NORMAL\NORMAL-141619-0001.jpeg,dataset_1,NORMAL,NORMAL,0,5418b692fd666bf92044090465be3229693f83d415f82bb36e42f71987b5eeba,d03be61a784d19dc,False
img_002440,e:\Final_Project\Pnuemonia_Detection\data\raw_datasets\dataset_1\train\PNEUMONIA\BACTERIA-2755488-0001.jpeg,dataset_1,PNEUMONIA,BACTERIAL,1,9d9026780b0de625b8862fbaf7169039c8f31cf49fedcf4b47a60119312e6818,9438e8c31f7dc0c7,False
img_000951,e:\Final_Project\Pnuemonia_Detection\data\raw_datasets\dataset_1\train\NORMAL\NORMAL-3243013-0001.jpeg,dataset_1,NORMAL,NORMAL,0,c9884372026f4deafc0441e853ca6959d7c1291da527384c6a7ebd37a67765f5,d47cc75b8d8d28a4,False
img_000076,e:\Final_Project\Pnuemonia_Detection\data\raw_datasets\dataset_1\test\NORMAL\NORMAL-3733696-0001.jpeg,dataset_1,NORMAL,NORMAL,0,709bd31b819c3536136c7c8ba287cd43d226185ebb55e41bfcf7cf43d613f451,80ed867bcd6c654c,False
img_000601,e:\Final_Project\Pnuemonia_Detection\data\raw_datasets\dataset_1\test\PNEUMONIA\VIRUS-8377377-0001.jpeg,dataset_1,PNEUMONIA,VIRAL,2,f94ea6ba762ada33f1b9a3f159fa7c9d1f3f2c6cb01fcdae85da4c8974b3de8e,c06ff65e444a3c69,False
img_000126,e:\Final_Project\Pnuemonia_Detection\data\raw_datasets\dataset_1\test\NORMAL\NORMAL-5545906-0001.jpeg,dataset_1,NORMAL,NORMAL,0,82dbd924dc27222176a78223adb91fcc77498493e41ed049901a465ad64cf4b9,9065c75ec61b835b,False
img_004779,e:\Final_Project\Pnuemonia_Detection\data\raw_datasets\dataset_1\train\PNEUMONIA\VIRUS-2823102-0002.jpeg,dataset_1,PNEUMONIA,VIRAL,2,59aea12be0d8f84780d016b22ef49f1b1d536f6e66e67c9a8dd35c89a250c6a9,8039e71e34d257bc,False
img_000910,e:\Final_Project\Pnuemonia_Detection\data\raw_datasets\dataset_1\train\NORMAL\NORMAL-2957919-0001.jpeg,dataset_1,NORMAL,NORMAL,0,5fe5bffed340e5f5935de1b3bff26e8ee48e668d0283b966b7f2c68a0c722564,d02de31e9c491dd9,False
img_003646,e:\Final_Project\Pnuemonia_Detection\data\raw_datasets\dataset_1\train\PNEUMONIA\BACTERIA-6830521-0001.jpeg,dataset_1,PNEUMONIA,BACTERIAL,1,b07824b163e784471853a4961c78b1df01e5a91889655684e345eccc397bb573,d478d10bc20b5fcb,False
img_004881,e:\Final_Project\Pnuemonia_Detection\data\raw_datasets\dataset_1\train\PNEUMONIA\VIRUS-3590786-0008.jpeg,dataset_1,PNEUMONIA,VIRAL,2,902a9df29f24eea7043f70adaa47c097086692fd115951d96e4296e03f03e7da,d04eab4ead7aa446,False
img_005599,e:\Final_Project\Pnuemonia_Detection\data\raw_datasets\dataset_1\train\PNEUMONIA\VIRUS-8241424-0009.jpeg,dataset_1,PNEUMONIA,VIRAL,2,8851fd2d5b6d6ca189695c0e3b472786ef2d1d8b12d921e4645db7425d4f3f3d,911fe2ce9ac46e38,False
img_002490,e:\Final_Project\Pnuemonia_Detection\data\raw_datasets\dataset_1\train\PNEUMONIA\BACTERIA-2949827-0001.jpeg,dataset_1,PNEUMONIA,BACTERIAL,1,993926dc81047a2a84300269c3edfd511af5220dff6ddd8f1605ec100f8426ea,dd7fe61e60386904,False
img_004782,e:\Final_Project\Pnuemonia_Detection\data\raw_datasets\dataset_1\train\PNEUMONIA\VIRUS-284986-0002.jpeg,dataset_1,PNEUMONIA,VIRAL,2,a80f314621b66648cfad448fffb7e185219157edf1cae6f3b965e5c0c7b93131,84f4a31bc77b864a,False
img_004356,e:\Final_Project\Pnuemonia_Detection\data\raw_datasets\dataset_1\train\PNEUMONIA\BACTERIA-9365328-0003.jpeg,dataset_1,PNEUMONIA,BACTERIAL,1,b061fcc3a7f8c0dce5fc7ecf476b26b2c03e7f7824a73560368d2eec032836b4,cc6e870fc59664c3,False
img_000574,e:\Final_Project\Pnuemonia_Detection\data\raw_datasets\dataset_1\test\PNEUMONIA\VIRUS-6249454-0003.jpeg,dataset_1,PNEUMONIA,VIRAL,2,ee3bd582440acaa580c0d2ca36d802138a8982d643ee799ee6eabd0257f27601,d06f471b112d3ce3,False
img_000823,e:\Final_Project\Pnuemonia_Detection\data\raw_datasets\dataset_1\train\NORMAL\NORMAL-2395964-0002.jpeg,dataset_1,NORMAL,NORMAL,0,ea853bbaf6afb81b7bad267f6cd0d3ed2a7a2bb156cad02e45d5c36445861212,913bc21ad85939db,False
img_001340,e:\Final_Project\Pnuemonia_Detection\data\raw_datasets\dataset_1\train\NORMAL\NORMAL-5802954-0001.jpeg,dataset_1,NORMAL,NORMAL,0,6cabd993c74b500d494a9221f8e6aefcd39aedc9b4946fd1062e329307dcef93,907dcf38994918cf,False
img_002795,e:\Final_Project\Pnuemonia_Detection\data\raw_datasets\dataset_1\train\PNEUMONIA\BACTERIA-3960255-0001.jpeg,dataset_1,PNEUMONIA,BACTERIAL,1,8c51688193cef666ba748defef639298c16bec3c8ebb739cc306501a74563011,916de63ec70e114b,False
img_001239,e:\Final_Project\Pnuemonia_Detection\data\raw_datasets\dataset_1\train\NORMAL\NORMAL-5187821-0001.jpeg,dataset_1,NORMAL,NORMAL,0,8292a074523692d1001eed323c11f3905b046b401ce83b606f8093632c736714,859fce1ae10bb1c6,False
img_002695,e:\Final_Project\Pnuemonia_Detection\data\raw_datasets\dataset_1\train\PNEUMONIA\BACTERIA-3645285-0001.jpeg,dataset_1,PNEUMONIA,BACTERIAL,1,7802150e40600a59e78d38d1f0a04b1b1cb9cd78e7fda691a099fe6df8daf55d,d07ffe5e5f180808,False
img_001253,e:\Final_Project\Pnuemonia_Detection\data\raw_datasets\dataset_1\train\NORMAL\NORMAL-534646-0001.jpeg,dataset_1,NORMAL,NORMAL,0,8385855ea7610552a17d5c158919c328411b3911ff2554f276ee03e6a17edac4,916f4e1a05595cd7,False
img_001951,e:\Final_Project\Pnuemonia_Detection\data\raw_datasets\dataset_1\train\NORMAL\NORMAL-9867990-0001.jpeg,dataset_1,NORMAL,NORMAL,0,13bd089c256289d186dca96be5f6fa02dd98214f8973ee2bee1f874c50e773b1,d176867bcd3520c6,False
img_001613,e:\Final_Project\Pnuemonia_Detection\data\raw_datasets\dataset_1\train\NORMAL\NORMAL-7542794-0001.jpeg,dataset_1,NORMAL,NORMAL,0,1fee1696f46fe40d800e7f08f5805d880850e9a1637b5adb7ffa2910acb51ca7,d47e873f8d053c84,False
img_004681,e:\Final_Project\Pnuemonia_Detection\data\raw_datasets\dataset_1\train\PNEUMONIA\VIRUS-2228849-0001.jpeg,dataset_1,PNEUMONIA,VIRAL,2,ced5c782ec07157b1ead0adc80350157612b461d0abc3ffedc0c2e2e6cd80b83,d07feb1e0a4b1847,False
img_004072,e:\Final_Project\Pnuemonia_Detection\data\raw_datasets\dataset_1\train\PNEUMONIA\BACTERIA-8368436-0001.jpeg,dataset_1,PNEUMONIA,BACTERIAL,1,1136fa7a74528c4b6dd55b7318dedefdbc7b523db09928b1ebdf276fef31f08b,d02f414b4a4b6f75,False
img_002092,e:\Final_Project\Pnuemonia_Detection\data\raw_datasets\dataset_1\train\PNEUMONIA\BACTERIA-1502303-0001.jpeg,dataset_1,PNEUMONIA,BACTERIAL,1,a021ff3d1c77600ac33d6c6189505ac284d504406416c39618286b312eb9434f,80ed875ae73a831e,False
img_005527,e:\Final_Project\Pnuemonia_Detection\data\raw_datasets\dataset_1\train\PNEUMONIA\VIRUS-778527-0002.jpeg,dataset_1,PNEUMONIA,VIRAL,2,9e737d2e6530e155502b64beaf99e239d5e44342a48f2cb110ee3a418b05a243,9145c61e8f5b8d4b,False
img_003701,e:\Final_Project\Pnuemonia_Detection\data\raw_datasets\dataset_1\train\PNEUMONIA\BACTERIA-7135723-0001.jpeg,dataset_1,PNEUMONIA,BACTERIAL,1,a35215c75b02eb8775645ebf2e7e9c006fb09262c23b53148ed46c5afe264c89,d42b631f54413cfc,False
img_001125,e:\Final_Project\Pnuemonia_Detection\data\raw_datasets\dataset_1\train\NORMAL\NORMAL-4296383-0001.jpeg,dataset_1,NORMAL,NORMAL,0,38dae32cab9c9368eeaf59d02efff2b638d58df9667acc2067b0458436509f36,802bc65edd5115d7,False
img_001547,e:\Final_Project\Pnuemonia_Detection\data\raw_datasets\dataset_1\train\NORMAL\NORMAL-7155475-0001.jpeg,dataset_1,NORMAL,NORMAL,0,9f94e181c8274ba2a9d587e45d10255f86dd6c22617ae7dc73be118ece894a4e,81a9c61a9af939b5,False
img_005822,e:\Final_Project\Pnuemonia_Detection\data\raw_datasets\dataset_1\train\PNEUMONIA\VIRUS-9694192-0002.jpeg,dataset_1,PNEUMONIA,VIRAL,2,b6d03c9f33297eb549f6a1ecc8c29854bc5e851425e0b7d0915a8a24858228bc,c83dc31919593dd9,False
img_001662,e:\Final_Project\Pnuemonia_Detection\data\raw_datasets\dataset_1\train\NORMAL\NORMAL-7955464-0003.jpeg,dataset_1,NORMAL,NORMAL,0,9a31db60481457bbe4d9da1c28673acd87ed394ddaa37c549b7776f05cecb979,d02fc72fcd090cc7,False
img_004647,e:\Final_Project\Pnuemonia_Detection\data\raw_datasets\dataset_1\train\PNEUMONIA\VIRUS-1876009-0002.jpeg,dataset_1,PNEUMONIA,VIRAL,2,91a200f1d5630a55344ebd23742cbe3fda1ceae633501d37083ef2b50e11945d,9125e63ae86b346b,False
img_005011,e:\Final_Project\Pnuemonia_Detection\data\raw_datasets\dataset_1\train\PNEUMONIA\VIRUS-4415075-0002.jpeg,dataset_1,PNEUMONIA,VIRAL,2,79b765c795385329599a1d586e253da05475bbe900a2baf598d3d0cf8b1e4495,d03de51faec22b82,False
img_000116,e:\Final_Project\Pnuemonia_Detection\data\raw_datasets\dataset_1\test\NORMAL\NORMAL-541071-0001.jpeg,dataset_1,NORMAL,NORMAL,0,57bafccd0e069f50b3c91bd1b8e910a063d8884a424e09a0a54289675cd0acc4,d474831b8f0f984f,False
img_002166,e:\Final_Project\Pnuemonia_Detection\data\raw_datasets\dataset_1\train\PNEUMONIA\BACTERIA-1765362-0001.jpeg,dataset_1,PNEUMONIA,BACTERIAL,1,049b8c4f69b4ecd87f9c33b2ebefbfc590c2bccc36ef70a176cabfefc95a2970,9101e76b35d2e237,False
img_005440,e:\Final_Project\Pnuemonia_Detection\data\raw_datasets\dataset_1\train\PNEUMONIA\VIRUS-7128743-0002.jpeg,dataset_1,PNEUMONIA,VIRAL,2,5cf377c3e3547f7a80e84f963a309aa43421b6c6da2f1a8fe5fb25e1a87a5125,913fce1e5a1f184a,False
img_005314,e:\Final_Project\Pnuemonia_Detection\data\raw_datasets\dataset_1\train\PNEUMONIA\VIRUS-6282555-0002.jpeg,dataset_1,PNEUMONIA,VIRAL,2,7520affe1b109fc97a2af2e7fa0b4d83ccf94c9b41ec549158e8ebc4de18de04,9516c71aadcc38c7,False
img_003452,e:\Final_Project\Pnuemonia_Detection\data\raw_datasets\dataset_1\train\PNEUMONIA\BACTERIA-6162615-0002.jpeg,dataset_1,PNEUMONIA,BACTERIAL,1,fb360dd442cf7b762f0ee40a02a190832207667c60bad1a3706ee504bf639306,d02fe31b58683d69,False
img_004076,e:\Final_Project\Pnuemonia_Detection\data\raw_datasets\dataset_1\train\PNEUMONIA\BACTERIA-8403663-0001.jpeg,dataset_1,PNEUMONIA,BACTERIAL,1,ed48d5cd418f7056d7c8ab5d6d1a7de8dc099d2185fbdb4f87cd16cd19a62c3f,8161e55ed15f7885,False
img_003622,e:\Final_Project\Pnuemonia_Detection\data\raw_datasets\dataset_1\train\PNEUMONIA\BACTERIA-6712743-0001.jpeg,dataset_1,PNEUMONIA,BACTERIAL,1,dfacf4647057eff4bc83d563af79026d99f1109a4de31eaa9c8a818de6264eee,d52feaa01a0a175f,False
img_000043,e:\Final_Project\Pnuemonia_Detection\data\raw_datasets\dataset_1\test\NORMAL\NORMAL-2728578-0001.jpeg,dataset_1,NORMAL,NORMAL,0,ad7a294b2012e428b7d9cd9f4460a33178d9a144ffec7868bc7f5891447c7cb1,99bf4716965e124a,False
img_002269,e:\Final_Project\Pnuemonia_Detection\data\raw_datasets\dataset_1\train\PNEUMONIA\BACTERIA-2114779-0003.jpeg,dataset_1,PNEUMONIA,BACTERIAL,1,2b49cd5101cc4ff869b355bb01b02844bd8aee4e7b9fd056e1310ac625eabb4a,913b623e3c632d78,False
img_004469,e:\Final_Project\Pnuemonia_Detection\data\raw_datasets\dataset_1\train\PNEUMONIA\BACTERIA-9822795-0001.jpeg,dataset_1,PNEUMONIA,BACTERIAL,1,e69ecaa858a36936d497bb00df7702070294613fc767b764de98f640b165a1c1,946bcf3ed21e184a,False
img_001957,e:\Final_Project\Pnuemonia_Detection\data\raw_datasets\dataset_1\train\NORMAL\NORMAL-9868047-0005.jpeg,dataset_1,NORMAL,NORMAL,0,d81211301601c490ffb64fcd2ff3565e06195352e05f9de06fe29e8e02994b48,d47cc31b8d0d3cc6,False
img_003338,e:\Final_Project\Pnuemonia_Detection\data\raw_datasets\dataset_1\train\PNEUMONIA\BACTERIA-5701772-0001.jpeg,dataset_1,PNEUMONIA,BACTERIAL,1,41a09737b155e1437728cb71ae669fdea0cf2317b3658a155ee199b171f86278,d16fc61eccc938c1,False
img_002432,e:\Final_Project\Pnuemonia_Detection\data\raw_datasets\dataset_1\train\PNEUMONIA\BACTERIA-2696292-0002.jpeg,dataset_1,PNEUMONIA,BACTERIAL,1,b98cd5740900ddf82116286cf66f5873244ffaa26d31b11cb5fa336bf39161d4,953be35e14424e3e,False
img_000710,e:\Final_Project\Pnuemonia_Detection\data\raw_datasets\dataset_1\train\NORMAL\NORMAL-1696866-0001.jpeg,dataset_1,NORMAL,NORMAL,0,9b2c3e2a693ecfd7613be1c967700f6369042d008288861dacbcbb7c95c51b75,917cc75acd0d49c5,False
img_001925,e:\Final_Project\Pnuemonia_Detection\data\raw_datasets\dataset_1\train\NORMAL\NORMAL-9742274-0002.jpeg,dataset_1,NORMAL,NORMAL,0,ba743b406780b13aa804e364fd5b3bf1680a7464d9c809a00a2c881d6dbd9dd9,917bca1ad85a1e96,False
img_001136,e:\Final_Project\Pnuemonia_Detection\data\raw_datasets\dataset_1\train\NORMAL\NORMAL-4418958-0001.jpeg,dataset_1,NORMAL,NORMAL,0,0f6621193ccfdb9a43473dba5476622af192f82dff22bfa0175be3ca86ac4010,c16e8741c57c68de,False
img_002645,e:\Final_Project\Pnuemonia_Detection\data\raw_datasets\dataset_1\train\PNEUMONIA\BACTERIA-3443773-0005.jpeg,dataset_1,PNEUMONIA,BACTERIAL,1,873c64fb0a8f569156a0db0bf9b3100afd9ca5eb453d762b8133ad9fd11dc2cb,c42bb61e974b0d17,False
img_002657,e:\Final_Project\Pnuemonia_Detection\data\raw_datasets\dataset_1\train\PNEUMONIA\BACTERIA-3482207-0001.jpeg,dataset_1,PNEUMONIA,BACTERIAL,1,70d67ed80312d0cb8dd60705a3aa00d5bacf8b088c3c5e1434b2916f6be68358,c06fb6da99096d45,False
img_001366,e:\Final_Project\Pnuemonia_Detection\data\raw_datasets\dataset_1\train\NORMAL\NORMAL-6044102-0001.jpeg,dataset_1,NORMAL,NORMAL,0,f4ae42d0387803d9166992d85a61d170f4d4a81ddd55d5ec486f76aa18ef7c83,956fab2b890d48cd,False
img_003621,e:\Final_Project\Pnuemonia_Detection\data\raw_datasets\dataset_1\train\PNEUMONIA\BACTERIA-671100-0001.jpeg,dataset_1,PNEUMONIA,BACTERIAL,1,ed82bcf542bac3c19cad01bc78cff9366fa42f64831f55ecf374e198b763b951,813bf27ad2799113,False
img_001495,e:\Final_Project\Pnuemonia_Detection\data\raw_datasets\dataset_1\train\NORMAL\NORMAL-6960867-0001.jpeg,dataset_1,NORMAL,NORMAL,0,a35401a5c52559b0c4a8e8efa7f0afd363f3b72d0a6893d5ca66b6ab7e9ab936,8174c61acf6d31cd,False
img_005380,e:\Final_Project\Pnuemonia_Detection\data\raw_datasets\dataset_1\train\PNEUMONIA\VIRUS-6680904-0002.jpeg,dataset_1,PNEUMONIA,VIRAL,2,38d1e3273a9eaa8c4f8b0261db3403561e1f158782898e53aff40b9828c9ecc9,d06de73ee30b8462,False
img_005813,e:\Final_Project\Pnuemonia_Detection\data\raw_datasets\dataset_1\train\PNEUMONIA\VIRUS-9650164-0002.jpeg,dataset_1,PNEUMONIA,VIRAL,2,a9406f4de8805522891d84b02f3c6861c1375342b3a37cd62808a6a4511f9577,d02fbf5755504554,False
img_002895,e:\Final_Project\Pnuemonia_Detection\data\raw_datasets\dataset_1\train\PNEUMONIA\BACTERIA-4342499-0004.jpeg,dataset_1,PNEUMONIA,BACTERIAL,1,91a73844e1a98d450b8d6f62d3d66d5d11effb7fd0c24e3096730a6cc000b84a,957eb63a381d181e,False
img_002669,e:\Final_Project\Pnuemonia_Detection\data\raw_datasets\dataset_1\train\PNEUMONIA\BACTERIA-3530045-0001.jpeg,dataset_1,PNEUMONIA,BACTERIAL,1,adc8b05ee3f217865ac97fb8387e50fbfbc75895c23e99e9343b182555d9f331,d02f6a37f21bf009,False
img_002811,e:\Final_Project\Pnuemonia_Detection\data\raw_datasets\dataset_1\train\PNEUMONIA\BACTERIA-4033610-0001.jpeg,dataset_1,PNEUMONIA,BACTERIAL,1,4f2703973c5fff21945e7b44149191eb5e6a12a51105a26bbf41608fbfc9d89d,9137c69eb8e13d21,False
img_002968,e:\Final_Project\Pnuemonia_Detection\data\raw_datasets\dataset_1\train\PNEUMONIA\BACTERIA-4531690-0006.jpeg,dataset_1,PNEUMONIA,BACTERIAL,1,037beacbd7fca2857e2cf4023dc5ffccf1364b035a0b5403ce19f1d6efb3689e,946b475f430e4d1e,False
img_004151,e:\Final_Project\Pnuemonia_Detection\data\raw_datasets\dataset_1\train\PNEUMONIA\BACTERIA-8626579-0001.jpeg,dataset_1,PNEUMONIA,BACTERIAL,1,61fc010bab3586f786b3425cb2f4f129e7d40f5d40cd8548f0eda35ec8affc47,942f430f171d1d4f,False
img_003267,e:\Final_Project\Pnuemonia_Detection\data\raw_datasets\dataset_1\train\PNEUMONIA\BACTERIA-5503803-0002.jpeg,dataset_1,PNEUMONIA,BACTERIAL,1,0969f891d3af33012be3e9efb55054ba045342f8dd5146932d4a575caf7bcbb8,c03f571a1c5f1d1a,False
img_000740,e:\Final_Project\Pnuemonia_Detection\data\raw_datasets\dataset_1\train\NORMAL\NORMAL-1914424-0001.jpeg,dataset_1,NORMAL,NORMAL,0,d99dcf2c234311b4649b7e287c8703d8a9fc46d4be020bb072aba82677a1c51e,d46e834bcd2c6cc6,False
img_002095,e:\Final_Project\Pnuemonia_Detection\data\raw_datasets\dataset_1\train\PNEUMONIA\BACTERIA-1513937-0001.jpeg,dataset_1,PNEUMONIA,BACTERIAL,1,fef4f0679b277bd32ec845b70a80dbe59472688a45454b38ac99d9df7483a532,9468071ede4d39a7,False
img_003712,e:\Final_Project\Pnuemonia_Detection\data\raw_datasets\dataset_1\train\PNEUMONIA\BACTERIA-7175683-0001.jpeg,dataset_1,PNEUMONIA,BACTERIAL,1,0fc189414ce0cb2b9bd67573de3e0cece196afcd408e2055bdbd2f4920284a2c,8034e62bf46bbdc2,False
img_002208,e:\Final_Project\Pnuemonia_Detection\data\raw_datasets\dataset_1\train\PNEUMONIA\BACTERIA-1894727-0003.jpeg,dataset_1,PNEUMONIA,BACTERIAL,1,3a4ae124e6808e29c1e51c1806760b28ead66f84abec9835c19cf828a4ec5afb,957ce77eab192804,False
img_000458,e:\Final_Project\Pnuemonia_Detection\data\raw_datasets\dataset_1\test\PNEUMONIA\BACTERIA-932292-0001.jpeg,dataset_1,PNEUMONIA,BACTERIAL,1,9546e0d9e94bbb9864048893a3aa18da9ec9c4164dc73847a0b5ad87a130a13e,d03fc75f904a3c62,False
img_001690,e:\Final_Project\Pnuemonia_Detection\data\raw_datasets\dataset_1\train\NORMAL\NORMAL-8140885-0001.jpeg,dataset_1,NORMAL,NORMAL,0,180c74d6a1d377a69c84594030a314acecfde58b096f15251e2c2eb4bce28f20,987d873a871f0c0f,False
img_004044,e:\Final_Project\Pnuemonia_Detection\data\raw_datasets\dataset_1\train\PNEUMONIA\BACTERIA-8313249-0003.jpeg,dataset_1,PNEUMONIA,BACTERIAL,1,82a2216f0451ab988f0548cdba1c7f508a343d985a968bea304b4a5cf0efda48,d40f471f4a4f4d45,False
img_004506,e:\Final_Project\Pnuemonia_Detection\data\raw_datasets\dataset_1\train\PNEUMONIA\BACTERIA-9971730-0001.jpeg,dataset_1,PNEUMONIA,BACTERIAL,1,341cc6ceab4dbf1cc83cd35a1c51975e22bde31371f9aa0e17dbfb732343d86b,d03cc2439bcb4b3d,False
img_004266,e:\Final_Project\Pnuemonia_Detection\data\raw_datasets\dataset_1\train\PNEUMONIA\BACTERIA-9045575-0001.jpeg,dataset_1,PNEUMONIA,BACTERIAL,1,74abc61f7255340d3356594feb9c283c59ee1f60856dbd0f32b99b72e31c8874,d57a0a405f5f4b0b,False
img_005387,e:\Final_Project\Pnuemonia_Detection\data\raw_datasets\dataset_1\train\PNEUMONIA\VIRUS-671100-0005.jpeg,dataset_1,PNEUMONIA,VIRAL,2,6f58c0860e461ab5602e74338fd5069f1a0eec03c74cc6912bd3f336b285bacd,d42aeb1ec20f5a4b,False
img_002654,e:\Final_Project\Pnuemonia_Detection\data\raw_datasets\dataset_1\train\PNEUMONIA\BACTERIA-3463101-0002.jpeg,dataset_1,PNEUMONIA,BACTERIAL,1,a41aa4a6b12fb3f3e15ac5934a687c232c9f5fef0f735cd1e623aaddb17e7202,dd2da21ac31b9c4b,False
img_000929,e:\Final_Project\Pnuemonia_Detection\data\raw_datasets\dataset_1\train\NORMAL\NORMAL-3144575-0001.jpeg,dataset_1,NORMAL,NORMAL,0,5d04238641b07bb3e28c5301deea4ae1c34837b9d7a7dec588c7ce0e44f7b1f5,946e8f1acd1cc297,False
img_000753,e:\Final_Project\Pnuemonia_Detection\data\raw_datasets\dataset_1\train\NORMAL\NORMAL-1996912-0001.jpeg,dataset_1,NORMAL,NORMAL,0,56cf4a0d0c7b605ce283c6baa8fceed1b1d8320a52a457d7be32bd9f42c0b99f,d17faf3a09092c4b,False
img_005585,e:\Final_Project\Pnuemonia_Detection\data\raw_datasets\dataset_1\train\PNEUMONIA\VIRUS-8121454-0001.jpeg,dataset_1,PNEUMONIA,VIRAL,2,7e8b9b139087d743fef61b4d478cf6e97420e6a617c777a54c379973cc401e71,d036f30bd70dbcc0,False
img_004960,e:\Final_Project\Pnuemonia_Detection\data\raw_datasets\dataset_1\train\PNEUMONIA\VIRUS-4041959-0002.jpeg,dataset_1,PNEUMONIA,VIRAL,2,97dcfc274708c349b06784f4d499d33cbe118449173da4ddc3af720b7a333c15,d1b9e63bf64b3002,False
img_000223,e:\Final_Project\Pnuemonia_Detection\data\raw_datasets\dataset_1\test\NORMAL\NORMAL-9194822-0001.jpeg,dataset_1,NORMAL,NORMAL,0,5f8a5e6226da944b777a1bf7a5f950322f04d1e7184bd810bc4efea22fc0ab6f,81a9e67ad66a584e,False
img_000909,e:\Final_Project\Pnuemonia_Detection\data\raw_datasets\dataset_1\train\NORMAL\NORMAL-2949692-0001.jpeg,dataset_1,NORMAL,NORMAL,0,b3d53809381e341770fbc2b1c2a00c6d98586f19e78562b412d36b428aa91a63,986fc71a0b4d3c4d,False
img_004346,e:\Final_Project\Pnuemonia_Detection\data\raw_datasets\dataset_1\train\PNEUMONIA\BACTERIA-935458-0001.jpeg,dataset_1,PNEUMONIA,BACTERIAL,1,706fcaf714556a59f40d9adfce72f12c2d2935ae4d7eb481354e8492593c9a15,c13ad65a58693d8b,False
img_000211,e:\Final_Project\Pnuemonia_Detection\data\raw_datasets\dataset_1\test\NORMAL\NORMAL-8698006-0001.jpeg,dataset_1,NORMAL,NORMAL,0,2e88bac95d7f81b17f4d783dd61409481e14dc9229877c1a57b87e1b2081fcba,812fc67b7c653930,False
img_001122,e:\Final_Project\Pnuemonia_Detection\data\raw_datasets\dataset_1\train\NORMAL\NORMAL-4267417-0001.jpeg,dataset_1,NORMAL,NORMAL,0,b6a7a3655c1125b775d26179b0174e7bc88d6babda77035712fcb20668af5e7d,816f8b1b415370f7,False
img_001429,e:\Final_Project\Pnuemonia_Detection\data\raw_datasets\dataset_1\train\NORMAL\NORMAL-6474092-0004.jpeg,dataset_1,NORMAL,NORMAL,0,00194466f98b559398cb5589fa155dac8dbe4d99bbe9076542c39f999a0260d6,d47ec71b1d8d1c84,False
img_004597,e:\Final_Project\Pnuemonia_Detection\data\raw_datasets\dataset_1\train\PNEUMONIA\VIRUS-1541494-0002.jpeg,dataset_1,PNEUMONIA,VIRAL,2,0eda7fbb3b1b848375d53d1c9bb7575a8a7de1fb11968c7cc4d9f8532db88571,d0b5e33deb3c202c,False
img_004088,e:\Final_Project\Pnuemonia_Detection\data\raw_datasets\dataset_1\train\PNEUMONIA\BACTERIA-8446523-0002.jpeg,dataset_1,PNEUMONIA,BACTERIAL,1,0313bfc141d125ac7e00b0eeb1a17c86cfccf86c613a0321193a4f9b78a893b2,d03bb39b99183c5c,False
img_004527,e:\Final_Project\Pnuemonia_Detection\data\raw_datasets\dataset_1\train\PNEUMONIA\VIRUS-1080219-0001.jpeg,dataset_1,PNEUMONIA,VIRAL,2,24468c1a359d7a1e7fb5c9b62651a4d9b0823ea133f099fd24730fad5e2e0f79,9125c61aee4bbc4b,False
img_001082,e:\Final_Project\Pnuemonia_Detection\data\raw_datasets\dataset_1\train\NORMAL\NORMAL-4008560-0001.jpeg,dataset_1,NORMAL,NORMAL,0,d0c2d1d0ff7e40102c073cf05d3e730d810ec9aff6e01519ff61b4062009e292,986f871a174f1a4d,False
img_005096,e:\Final_Project\Pnuemonia_Detection\data\raw_datasets\dataset_1\train\PNEUMONIA\VIRUS-4979525-0001.jpeg,dataset_1,PNEUMONIA,VIRAL,2,6b4c8457180b874274281de31ddfbe0406dbbbc5cde36f935c36913e5dbf8e76,d02ac25f5f6a1a4b,False
img_001175,e:\Final_Project\Pnuemonia_Detection\data\raw_datasets\dataset_1\train\NORMAL\NORMAL-4680404-0001.jpeg,dataset_1,NORMAL,NORMAL,0,b47977e822a13c538d450e5cda7d7db593f89eecc92c1d1eae08e0e1cef42031,907b871ae939f01d,False
img_005710,e:\Final_Project\Pnuemonia_Detection\data\raw_datasets\dataset_1\train\PNEUMONIA\VIRUS-8982418-0002.jpeg,dataset_1,PNEUMONIA,VIRAL,2,78e4f4b1ed10c860b0ad182d16f504d845f5d1d390ae31aa2ba3d7a43f40a5db,d074c71b834bb9c6,False
img_005854,e:\Final_Project\Pnuemonia_Detection\data\raw_datasets\dataset_1\train\PNEUMONIA\VIRUS-9962961-0002.jpeg,dataset_1,PNEUMONIA,VIRAL,2,6966b5d9ceb141846bfd43fcce1abdea2847d3902d25a274d4dda1cc35b096a1,907ca6e33ac74b38,False
img_000040,e:\Final_Project\Pnuemonia_Detection\data\raw_datasets\dataset_1\test\NORMAL\NORMAL-2514572-0001.jpeg,dataset_1,NORMAL,NORMAL,0,d954c1a7acba1e21ea4aae64a72cc94da6c40d94f03b32cd1dc03890ac9fa457,9c2b02115b7c78fd,False
img_001728,e:\Final_Project\Pnuemonia_Detection\data\raw_datasets\dataset_1\train\NORMAL\NORMAL-8367370-0001.jpeg,dataset_1,NORMAL,NORMAL,0,5dd9fbcbccb3de1842f23790836c86d274537f328eb2ffe77c0b5beadef665ce,d43b831f1d5c3c94,False
img_001783,e:\Final_Project\Pnuemonia_Detection\data\raw_datasets\dataset_1\train\NORMAL\NORMAL-8801890-0001.jpeg,dataset_1,NORMAL,NORMAL,0,1d4fead2efa666acf1d1c8bd05e60629b8f45495f3355429af4ec2555c755cec,956c8f3a8f2d484d,False
img_005006,e:\Final_Project\Pnuemonia_Detection\data\raw_datasets\dataset_1\train\PNEUMONIA\VIRUS-4387453-0001.jpeg,dataset_1,PNEUMONIA,VIRAL,2,0f61f71cbb12d8ad83b50a59941041c9e7d0f0841cf10bedb8508c41afd12049,d4ef07198719817b,False
img_000045,e:\Final_Project\Pnuemonia_Detection\data\raw_datasets\dataset_1\test\NORMAL\NORMAL-2798826-0001.jpeg,dataset_1,NORMAL,NORMAL,0,e816de9f35a3971081af4d18622fd0790d90b317b31f44438ac6742e1880f822,d03ec2bbacc43297,False
img_000933,e:\Final_Project\Pnuemonia_Detection\data\raw_datasets\dataset_1\train\NORMAL\NORMAL-3168931-0001.jpeg,dataset_1,NORMAL,NORMAL,0,ceddd27c3ad68475bb08c1e746ad68dde7d8cd496ca73106ad54256cabf2dbe8,996f8f3a0d284d4d,False
img_002630,e:\Final_Project\Pnuemonia_Detection\data\raw_datasets\dataset_1\train\PNEUMONIA\BACTERIA-3399638-0001.jpeg,dataset_1,PNEUMONIA,BACTERIAL,1,35e8dc86a3406240e66f968f12742a3866526557ffb14c4f70e5eb8767f316f1,d42ee30bcb4b2f28,False
img_004509,e:\Final_Project\Pnuemonia_Detection\data\raw_datasets\dataset_1\train\PNEUMONIA\BACTERIA-9988673-0002.jpeg,dataset_1,PNEUMONIA,BACTERIAL,1,fa09e92af9d3cc5b72b50a9fd4bcddc81495013a3d1e46bd765ed694a9f9bf66,9dbce01ae043bec3,False
img_003830,e:\Final_Project\Pnuemonia_Detection\data\raw_datasets\dataset_1\train\PNEUMONIA\BACTERIA-7630183-0006.jpeg,dataset_1,PNEUMONIA,BACTERIAL,1,89272b4bcc7c2ffc9c0abcbe455cec697529a1c216d5094abea22c8702fde829,d06ea739f579b004,False
img_005003,e:\Final_Project\Pnuemonia_Detection\data\raw_datasets\dataset_1\train\PNEUMONIA\VIRUS-4376377-0001.jpeg,dataset_1,PNEUMONIA,VIRAL,2,a4ff75ffb10b654ee6bcd4a1131259af566eed157e40cf52d1d0c7c4fb9a4d48,94eaa33f8f3e6802,False
img_000663,e:\Final_Project\Pnuemonia_Detection\data\raw_datasets\dataset_1\train\NORMAL\NORMAL-1323979-0001.jpeg,dataset_1,NORMAL,NORMAL,0,e8abe4f3244ccd748447b6f4f73d53d079c6ab1ca523a7d2519fe94bfb0a3320,913cc61b9ccd3d98,False
img_003091,e:\Final_Project\Pnuemonia_Detection\data\raw_datasets\dataset_1\train\PNEUMONIA\BACTERIA-5013924-0001.jpeg,dataset_1,PNEUMONIA,BACTERIAL,1,752e568f7d10f09cca138dfee3b2554240d08d7fabd846c371faa5f7439756fd,c066871b3c69b679,False
img_004444,e:\Final_Project\Pnuemonia_Detection\data\raw_datasets\dataset_1\train\PNEUMONIA\BACTERIA-9630762-0001.jpeg,dataset_1,PNEUMONIA,BACTERIAL,1,e2e0daea7d88bd6c7d8f2d4febebfa2be45a7bd9dace10578aa77404e5a8d3ba,d12bef1c3c21233d,False
img_003510,e:\Final_Project\Pnuemonia_Detection\data\raw_datasets\dataset_1\train\PNEUMONIA\BACTERIA-6358134-0001.jpeg,dataset_1,PNEUMONIA,BACTERIAL,1,02ed4beded0e95f8d57d7766728dfd364795fe0a3ec07c450e30efd40bc3b040,d4d4c31fc3c74986,False
img_004625,e:\Final_Project\Pnuemonia_Detection\data\raw_datasets\dataset_1\train\PNEUMONIA\VIRUS-1753514-0003.jpeg,dataset_1,PNEUMONIA,VIRAL,2,03edbf649b3da0254e07bc1a7d012129d7c51ffd865a0c1dd1a6024c8c9b063a,d035c21bbc693cf8,False
img_001958,e:\Final_Project\Pnuemonia_Detection\data\raw_datasets\dataset_1\train\NORMAL\NORMAL-9893662-0001.jpeg,dataset_1,NORMAL,NORMAL,0,3ff8b3a4c893054ff2c33474b18e58706c138d6cf73d2449ba894e2c8e997328,d0edc31be86938c3,False
img_004563,e:\Final_Project\Pnuemonia_Detection\data\raw_datasets\dataset_1\train\PNEUMONIA\VIRUS-1332623-0004.jpeg,dataset_1,PNEUMONIA,VIRAL,2,fe12046bd50643f1398cf5201c49405e3b23343eba83207d2e87ba148f3645e6,d02fe35f5c421e58,False
img_003046,e:\Final_Project\Pnuemonia_Detection\data\raw_datasets\dataset_1\train\PNEUMONIA\BACTERIA-4802470-0001.jpeg,dataset_1,PNEUMONIA,BACTERIAL,1,829a9eb419c751d5bcd227790e457cf2796a06f073e36ea46227188afbb938df,9061c71ec23af16f,False
img_001606,e:\Final_Project\Pnuemonia_Detection\data\raw_datasets\dataset_1\train\NORMAL\NORMAL-74708-0001.jpeg,dataset_1,NORMAL,NORMAL,0,fd73ef73672342152c134a7fe854222a4631324d227db53b9715b3eeaf725286,d068c31dcce638d7,False
img_001976,e:\Final_Project\Pnuemonia_Detection\data\raw_datasets\dataset_1\train\PNEUMONIA\BACTERIA-1027194-0001.jpeg,dataset_1,PNEUMONIA,BACTERIAL,1,ba3ab5a6bcf02cd1b1b4080e63a0e98dd35aa953038f79d6162a49b47fcb375b,d0f2c35bd34d8986,False
img_000596,e:\Final_Project\Pnuemonia_Detection\data\raw_datasets\dataset_1\test\PNEUMONIA\VIRUS-7909775-0001.jpeg,dataset_1,PNEUMONIA,VIRAL,2,30b7022628438dbb20ba772b98c91cdfcfe83ece269dbd26c49c2040da3ef50e,d0f6e33fb10d2886,False
img_001131,e:\Final_Project\Pnuemonia_Detection\data\raw_datasets\dataset_1\train\NORMAL\NORMAL-4320287-0001.jpeg,dataset_1,NORMAL,NORMAL,0,3326f08aa3d5d69d1b35b6ffd568ad422d6cec075b4b79f383a1a38024630256,d53e873a0d0d2cce,False
img_001144,e:\Final_Project\Pnuemonia_Detection\data\raw_datasets\dataset_1\train\NORMAL\NORMAL-447225-0001.jpeg,dataset_1,NORMAL,NORMAL,0,de72d981ed46b405f9cd8d1768ce8e1bb71e1c148bf7bb8b1c97dc4cd54280d6,d47ca31fcb2d2c84,False
img_005073,e:\Final_Project\Pnuemonia_Detection\data\raw_datasets\dataset_1\train\PNEUMONIA\VIRUS-4765513-0002.jpeg,dataset_1,PNEUMONIA,VIRAL,2,8daa0fbedef1c0f411f43e9a1bde95e1ed058002c1c89c798bdde018762e32ca,d035c70ebe4b3d90,False
img_005836,e:\Final_Project\Pnuemonia_Detection\data\raw_datasets\dataset_1\train\PNEUMONIA\VIRUS-9827460-0002.jpeg,dataset_1,PNEUMONIA,VIRAL,2,07fde5f8c9b2f7443750f1b50814468482cb037cc4af4d0ba810cf7ecad23273,91b1e70fbece8c10,False
img_000935,e:\Final_Project\Pnuemonia_Detection\data\raw_datasets\dataset_1\train\NORMAL\NORMAL-3175147-0001.jpeg,dataset_1,NORMAL,NORMAL,0,a27b104db72562dcfbae7ae9a00aff83c5906a2e3828defb253ac6243d86f4f7,98fdc31e8b0d3c85,False
img_003838,e:\Final_Project\Pnuemonia_Detection\data\raw_datasets\dataset_1\train\PNEUMONIA\BACTERIA-7676769-0001.jpeg,dataset_1,PNEUMONIA,BACTERIAL,1,64a41c7ad2906c810195f7143b8ee693c7ecf2dcf6920fb4e9d70f75c9cd3472,81f8e61eb8e65a70,False
img_003867,e:\Final_Project\Pnuemonia_Detection\data\raw_datasets\dataset_1\train\PNEUMONIA\BACTERIA-7727117-0001.jpeg,dataset_1,PNEUMONIA,BACTERIAL,1,9b32ae30a1b36f05486321a5f625f735d6c696513ee46137e7e21a16d502c6ef,957a4a1f492829ef,False
img_005471,e:\Final_Project\Pnuemonia_Detection\data\raw_datasets\dataset_1\train\PNEUMONIA\VIRUS-7343289-0001.jpeg,dataset_1,PNEUMONIA,VIRAL,2,57691ee002f3b4941c8915d5683123744820e91b622726489d3d083e208c5f66,9969871ac21ec2df,False
img_002087,e:\Final_Project\Pnuemonia_Detection\data\raw_datasets\dataset_1\train\PNEUMONIA\BACTERIA-1450110-0001.jpeg,dataset_1,PNEUMONIA,BACTERIAL,1,1febfb8b326d6ac07e7eec9766ee21dacd4488a032c23c9f74238a721ef30804,9560967a9738a71e,False
img_000942,e:\Final_Project\Pnuemonia_Detection\data\raw_datasets\dataset_1\train\NORMAL\NORMAL-3207024-0001.jpeg,dataset_1,NORMAL,NORMAL,0,e214128ff0cc71946293a14eefab8b9fb57a91d2abf784e69a2414b1254a2873,d454e21adb9b38c9,False
img_005371,e:\Final_Project\Pnuemonia_Detection\data\raw_datasets\dataset_1\train\PNEUMONIA\VIRUS-6627397-0001.jpeg,dataset_1,PNEUMONIA,VIRAL,2,3d40dff61fa839c6ab2a5ca4eb04e89186d43af6758b3b0e53d6362cc40b9088,d4a4c31bc14f3cc7,False
img_005017,e:\Final_Project\Pnuemonia_Detection\data\raw_datasets\dataset_1\train\PNEUMONIA\VIRUS-4453936-0001.jpeg,dataset_1,PNEUMONIA,VIRAL,2,e6d8b28cc6ea3e7ba84285c2dd2394a48bf95a69b7aaa84e07fb6771b3215d60,9169c73ec4ce38d2,False
img_001267,e:\Final_Project\Pnuemonia_Detection\data\raw_datasets\dataset_1\train\NORMAL\NORMAL-5401202-0003.jpeg,dataset_1,NORMAL,NORMAL,0,d5fe46f4d79c73f07047d7ae22d245c386e2f1a7b50f3bc610bcd8f88c241b22,d45e871fcb0564c6,False
img_003681,e:\Final_Project\Pnuemonia_Detection\data\raw_datasets\dataset_1\train\PNEUMONIA\BACTERIA-7022864-0001.jpeg,dataset_1,PNEUMONIA,BACTERIAL,1,a6a0104d0492fdf79011c471b5e09a70c62edb93ccf0c17412f4fc390a42878a,dc7ae71d85193944,False
img_002762,e:\Final_Project\Pnuemonia_Detection\data\raw_datasets\dataset_1\train\PNEUMONIA\BACTERIA-3863804-0001.jpeg,dataset_1,PNEUMONIA,BACTERIAL,1,c1edcdf3010fd8cddaf1c9b316f7491af803783c2e8b2deb5d3e9edb76ee8c29,903de75717c21f14,False
img_003321,e:\Final_Project\Pnuemonia_Detection\data\raw_datasets\dataset_1\train\PNEUMONIA\BACTERIA-5628383-0005.jpeg,dataset_1,PNEUMONIA,BACTERIAL,1,d3c4c63954056ca4db4c3d167311b25730da58c91ef8dc6a2ad3fff99d1979ce,902bea7d5c5a7c50,False
img_004374,e:\Final_Project\Pnuemonia_Detection\data\raw_datasets\dataset_1\train\PNEUMONIA\BACTERIA-9438146-0002.jpeg,dataset_1,PNEUMONIA,BACTERIAL,1,b45cd10f5ea961cc819a081b38f0b43df274df2037cfce9b141a902cbdceb1b6,d0efe71b284d2e44,False
img_003591,e:\Final_Project\Pnuemonia_Detection\data\raw_datasets\dataset_1\train\PNEUMONIA\BACTERIA-6614470-0001.jpeg,dataset_1,PNEUMONIA,BACTERIAL,1,3a72a4846187f8134c2bf35260a1e3e6317f4beda65266e0968f1818c46cc410,dc3dd31f140e1cc5,False
img_005012,e:\Final_Project\Pnuemonia_Detection\data\raw_datasets\dataset_1\train\PNEUMONIA\VIRUS-4422870-0001.jpeg,dataset_1,PNEUMONIA,VIRAL,2,ac1a59ade4808b4ef2d6e251fa60ac8e414f45f0f8ec07b676a4f5b79028d224,916f4618c75ad65a,False
img_003543,e:\Final_Project\Pnuemonia_Detection\data\raw_datasets\dataset_1\train\PNEUMONIA\BACTERIA-6482193-0004.jpeg,dataset_1,PNEUMONIA,BACTERIAL,1,472d1541aac2bd028be9fa2b41e340b2f0bd6928e169d41816b7188fe001b93c,d4e0e33eb21ab84b,False
img_000571,e:\Final_Project\Pnuemonia_Detection\data\raw_datasets\dataset_1\test\PNEUMONIA\VIRUS-6207158-0001.jpeg,dataset_1,PNEUMONIA,VIRAL,2,f8b13ce9016516046826729e6bd52c1c07aa58a75ed0164f265b6d8667f17821,9121e31ef64ef44a,False
img_000498,e:\Final_Project\Pnuemonia_Detection\data\raw_datasets\dataset_1\test\PNEUMONIA\VIRUS-2344316-0001.jpeg,dataset_1,PNEUMONIA,VIRAL,2,540d06865151862beaebdf179f9482be0dac67bcb28ee9d0500f4683b334c885,d036c61bf16bbc48,False
img_002201,e:\Final_Project\Pnuemonia_Detection\data\raw_datasets\dataset_1\train\PNEUMONIA\BACTERIA-1884647-0001.jpeg,dataset_1,PNEUMONIA,BACTERIAL,1,97bc61ed253c73a9f5b4727ee85c86036e83799eaccd86848c5b80474f224bfb,d4ffeb0a824b3c03,False
img_001472,e:\Final_Project\Pnuemonia_Detection\data\raw_datasets\dataset_1\train\NORMAL\NORMAL-6891737-0001.jpeg,dataset_1,NORMAL,NORMAL,0,4540591d79bf3da2fe2ff8647e8de6a3bfbf461e0b55e8b2d54818102d9fdf03,d5e7831bad2c3825,False
img_004808,e:\Final_Project\Pnuemonia_Detection\data\raw_datasets\dataset_1\train\PNEUMONIA\VIRUS-3038638-0002.jpeg,dataset_1,PNEUMONIA,VIRAL,2,60a21847e1728e6298b3ddb573ba3736640ef09456e7e108329b858cbc08df16,d53fb61e8e590c44,False
img_001715,e:\Final_Project\Pnuemonia_Detection\data\raw_datasets\dataset_1\train\NORMAL\NORMAL-8313724-0003.jpeg,dataset_1,NORMAL,NORMAL,0,2a0e84140a5ee346ca53f20bf33931485a774ad35f0d86e1d92403a612e16d57,916cc61ecd4d4ccd,False
img_002901,e:\Final_Project\Pnuemonia_Detection\data\raw_datasets\dataset_1\train\PNEUMONIA\BACTERIA-4360657-0001.jpeg,dataset_1,PNEUMONIA,BACTERIAL,1,f363a08a54ff04e851b6ae6c7bf91a7357d6896e08f5f81462c25c23b5f447aa,d06ea7be831b9183,False
img_003644,e:\Final_Project\Pnuemonia_Detection\data\raw_datasets\dataset_1\train\PNEUMONIA\BACTERIA-6823523-0002.jpeg,dataset_1,PNEUMONIA,BACTERIAL,1,a2f359af16531c89f95dbe9b5d5d3b287afba7960ce31ade71aa674d3b5cbb4c,d05f421a5e4b1f0f,False
img_000934,e:\Final_Project\Pnuemonia_Detection\data\raw_datasets\dataset_1\train\NORMAL\NORMAL-3170978-0001.jpeg,dataset_1,NORMAL,NORMAL,0,2057302ac9b0f32b62cc74d7eb226b2c2f55ee5eefb290f97b152948aded78b0,913bd65a585f1d90,False
img_005734,e:\Final_Project\Pnuemonia_Detection\data\raw_datasets\dataset_1\train\PNEUMONIA\VIRUS-9162717-0001.jpeg,dataset_1,PNEUMONIA,VIRAL,2,f26f400b8b95047ff00f1224b4774ba0cf2003a2b1b7f7d88c174ad22552e378,d46e071e4b4e68e6,False
img_004524,e:\Final_Project\Pnuemonia_Detection\data\raw_datasets\dataset_1\train\PNEUMONIA\VIRUS-1076722-0002.jpeg,dataset_1,PNEUMONIA,VIRAL,2,87a32177aef761b5d1e7b4fe43f5bf67b3f3417202a5946c6c733cd481888ad7,912be75e79783860,False
img_002287,e:\Final_Project\Pnuemonia_Detection\data\raw_datasets\dataset_1\train\PNEUMONIA\BACTERIA-215369-0005.jpeg,dataset_1,PNEUMONIA,BACTERIAL,1,9f7921587bed48d01d3412e2efe1688db26befbab05d862221ab7857aeaeb594,9c69a31e425b4b5e,False
img_005416,e:\Final_Project\Pnuemonia_Detection\data\raw_datasets\dataset_1\train\PNEUMONIA\VIRUS-6886752-0003.jpeg,dataset_1,PNEUMONIA,VIRAL,2,976bb4a7835cb37bae819f5c859f529fc1c315e797b88e8a585a44d399a88452,d4b4e31bc2cb9cc2,False
img_002809,e:\Final_Project\Pnuemonia_Detection\data\raw_datasets\dataset_1\train\PNEUMONIA\BACTERIA-4016460-0004.jpeg,dataset_1,PNEUMONIA,BACTERIAL,1,1baee9cf23022b35b1fdbcec8e5e0eb566c5110e72f5cce5430487dd383a9946,9165e73e964ab84a,False
img_003281,e:\Final_Project\Pnuemonia_Detection\data\raw_datasets\dataset_1\train\PNEUMONIA\BACTERIA-5545313-0001.jpeg,dataset_1,PNEUMONIA,BACTERIAL,1,1b56607577cf4d0fb716a680cdaffbe815ad3d806ba499f6ccc0b8642a7c2fd3,903bc61a9a0fbec9,False
img_004514,e:\Final_Project\Pnuemonia_Detection\data\raw_datasets\dataset_1\train\PNEUMONIA\VIRUS-1033441-0002.jpeg,dataset_1,PNEUMONIA,VIRAL,2,3c19b965d9a6b504c138a604c145df7c22a0f7247b86972a5620395bd3ef8855,91eeef5b4518414d,False
img_001355,e:\Final_Project\Pnuemonia_Detection\data\raw_datasets\dataset_1\train\NORMAL\NORMAL-5918516-0001.jpeg,dataset_1,NORMAL,NORMAL,0,79696bf6b5535cd643993500acc4c8e07ead65b100edc72c622953a18dd8bd10,903bd21abd589ad6,False
img_000265,e:\Final_Project\Pnuemonia_Detection\data\raw_datasets\dataset_1\test\PNEUMONIA\BACTERIA-2034017-0004.jpeg,dataset_1,PNEUMONIA,BACTERIAL,1,3a846563f2ef495c06bdf489a303c94ef1f053e81bf08d72206f34c0b9e2e85b,993dc21eda4b944b,False
img_003465,e:\Final_Project\Pnuemonia_Detection\data\raw_datasets\dataset_1\train\PNEUMONIA\BACTERIA-6210566-0001.jpeg,dataset_1,PNEUMONIA,BACTERIAL,1,1d32c5a54599786c11852ee4a83ebcd4e46f5a518c2a031c07e600a122181f55,c07e6d1f1ccf1868,False
img_004121,e:\Final_Project\Pnuemonia_Detection\data\raw_datasets\dataset_1\train\PNEUMONIA\BACTERIA-8537791-0001.jpeg,dataset_1,PNEUMONIA,BACTERIAL,1,32a56392643f89998dd7b039f898e495fe7fd6aa7bbe21c079d229bebc0b4097,c038e24bbe6a6b3c,False
img_003108,e:\Final_Project\Pnuemonia_Detection\data\raw_datasets\dataset_1\train\PNEUMONIA\BACTERIA-5063219-0003.jpeg,dataset_1,PNEUMONIA,BACTERIAL,1,5f3d334e6130d2e6fae667a1c62f005aae4d15f58f1c7a8690a71bc9c83b77ea,d07ae35e98c3584b,False
img_001107,e:\Final_Project\Pnuemonia_Detection\data\raw_datasets\dataset_1\train\NORMAL\NORMAL-4184691-0001.jpeg,dataset_1,NORMAL,NORMAL,0,0bed7dd627829023b007739e6e6443bf9520886c5a6a18e35078c2950713c3be,81bec618c85b9bc7,False
img_000436,e:\Final_Project\Pnuemonia_Detection\data\raw_datasets\dataset_1\test\PNEUMONIA\BACTERIA-8846908-0002.jpeg,dataset_1,PNEUMONIA,BACTERIAL,1,0ba10667f41e446b24910fa53fccd7311ed51716e626216ac05be70b73820445,986aa73f9539282e,False
img_002424,e:\Final_Project\Pnuemonia_Detection\data\raw_datasets\dataset_1\train\PNEUMONIA\BACTERIA-2654345-0002.jpeg,dataset_1,PNEUMONIA,BACTERIAL,1,57b949d9376edd2cb3aa76a5e5ff2b654ec1e43f5237d8927cd28489e2e207c5,816de33ec21e5897,False
img_004849,e:\Final_Project\Pnuemonia_Detection\data\raw_datasets\dataset_1\train\PNEUMONIA\VIRUS-3362849-0002.jpeg,dataset_1,PNEUMONIA,VIRAL,2,d34e7831c5b4cb222fe19dfc35d9c961f5f5bde88fa0dc4640d6667d210f834f,913dc61bd24b38d3,False
img_000540,e:\Final_Project\Pnuemonia_Detection\data\raw_datasets\dataset_1\test\PNEUMONIA\VIRUS-4405644-0001.jpeg,dataset_1,PNEUMONIA,VIRAL,2,2f5eebacdc48d0afafa8b233333ee67e22cca9df40e793287615a389a5d5eb52,917c9638bd3c3c0e,False
img_003749,e:\Final_Project\Pnuemonia_Detection\data\raw_datasets\dataset_1\train\PNEUMONIA\BACTERIA-7398476-0001.jpeg,dataset_1,PNEUMONIA,BACTERIAL,1,9371cb131bf2786d8e2fc74eea283c274f04213f440895f9fa3bb0ba2b70ee05,9029c71efc7a3949,False
img_003363,e:\Final_Project\Pnuemonia_Detection\data\raw_datasets\dataset_1\train\PNEUMONIA\BACTERIA-5817596-0003.jpeg,dataset_1,PNEUMONIA,BACTERIAL,1,2b3e89a417a7335fb9982fdb5aa43fe16c5af5cb8246559d15032f37baef4d83,912bef3ed04a385a,False
img_005301,e:\Final_Project\Pnuemonia_Detection\data\raw_datasets\dataset_1\train\PNEUMONIA\VIRUS-6171744-0001.jpeg,dataset_1,PNEUMONIA,VIRAL,2,5a6710dc2d43ca4f781f7dfa2d5726650323444d14ec4bcd1b13169fa5626c63,913bd65a59193917,False
img_002185,e:\Final_Project\Pnuemonia_Detection\data\raw_datasets\dataset_1\train\PNEUMONIA\BACTERIA-1797366-0001.jpeg,dataset_1,PNEUMONIA,BACTERIAL,1,88f62e501533b988308721fe7875103f31606c8241558e8f7fbc86cd8bd10f07,c2aaf31cb11e3c36,False
img_004562,e:\Final_Project\Pnuemonia_Detection\data\raw_datasets\dataset_1\train\PNEUMONIA\VIRUS-1281442-0004.jpeg,dataset_1,PNEUMONIA,VIRAL,2,2de4377cc2c59a3c8bea294fe29d640c6e138c750288d21ab78552466589eedd,d0ffaf3f2818242c,False
img_001781,e:\Final_Project\Pnuemonia_Detection\data\raw_datasets\dataset_1\train\NORMAL\NORMAL-8793591-0001.jpeg,dataset_1,NORMAL,NORMAL,0,a516e36f490697a25f44e7b8d9923771561b62afdb551013a8b95e8273413a64,943bc31bbcf03c92,False
img_004744,e:\Final_Project\Pnuemonia_Detection\data\raw_datasets\dataset_1\train\PNEUMONIA\VIRUS-2654345-0004.jpeg,dataset_1,PNEUMONIA,VIRAL,2,3f96a84511c6273cabea4bf2a12ee54aa5ef0dd6f11a3f58ccbcb5a35476d75a,d02ea71bc35b5c4a,False
img_003560,e:\Final_Project\Pnuemonia_Detection\data\raw_datasets\dataset_1\train\PNEUMONIA\BACTERIA-6518955-0001.jpeg,dataset_1,PNEUMONIA,BACTERIAL,1,05a97e3cbec3263a84148b6788a034460d3a0de1f3ee1911f8ca9c45898833e5,c43eb34b1f5c4915,False
img_004354,e:\Final_Project\Pnuemonia_Detection\data\raw_datasets\dataset_1\train\PNEUMONIA\BACTERIA-9365328-0001.jpeg,dataset_1,PNEUMONIA,BACTERIAL,1,255332d63fac37143c7537c01f97c5ac77cf155bb8b3b3b216db74424d554485,d429635e964b1e1e,False
img_002702,e:\Final_Project\Pnuemonia_Detection\data\raw_datasets\dataset_1\train\PNEUMONIA\BACTERIA-3690280-0003.jpeg,dataset_1,PNEUMONIA,BACTERIAL,1,9b16639de579c734a09f1c604623c3f20086c8b55209ee0cc1e3914b3dfe66c9,d13fe63a1c78144e,False
img_005714,e:\Final_Project\Pnuemonia_Detection\data\raw_datasets\dataset_1\train\PNEUMONIA\VIRUS-9026424-0002.jpeg,dataset_1,PNEUMONIA,VIRAL,2,8e5fccaecd798afb45984f0bb6941418af8a71f508968c6a8ee483ae4bcf1d3e,d05b572a1eac343d,False
img_004695,e:\Final_Project\Pnuemonia_Detection\data\raw_datasets\dataset_1\train\PNEUMONIA\VIRUS-2365050-0003.jpeg,dataset_1,PNEUMONIA,VIRAL,2,4d76f8e1531d0dcf54005e4a7f421e2bdb47a411dc26a5f92bb019b71893e924,93bf8689b0e5b8b0,False
img_005263,e:\Final_Project\Pnuemonia_Detection\data\raw_datasets\dataset_1\train\PNEUMONIA\VIRUS-5973423-0004.jpeg,dataset_1,PNEUMONIA,VIRAL,2,a0f2906d333bd56cc6a12d4a760d96b70a89682c4ca27acc860d4a8bf7761de2,90ade61ae27ba06b,False
img_005461,e:\Final_Project\Pnuemonia_Detection\data\raw_datasets\dataset_1\train\PNEUMONIA\VIRUS-7248562-0002.jpeg,dataset_1,PNEUMONIA,VIRAL,2,f7a723a7522bbabea5d65793c6b15d64ff4ea1e0afd6502361317e355234687f,d02de54abed24b38,False
img_002631,e:\Final_Project\Pnuemonia_Detection\data\raw_datasets\dataset_1\train\PNEUMONIA\BACTERIA-3399638-0002.jpeg,dataset_1,PNEUMONIA,BACTERIAL,1,4f0674b5f1f673550747726d05b8947781ad12ca78a01aac3bd9f1a0424bab4b,c46fc34bc95078f4,False
img_004221,e:\Final_Project\Pnuemonia_Detection\data\raw_datasets\dataset_1\train\PNEUMONIA\BACTERIA-8818859-0001.jpeg,dataset_1,PNEUMONIA,BACTERIAL,1,46ee710f63c50e5766f99fee600177537bbe6bf013e8dd458a15d4a1ab95d0c1,9163c71ec41e38cf,False
img_004331,e:\Final_Project\Pnuemonia_Detection\data\raw_datasets\dataset_1\train\PNEUMONIA\BACTERIA-9250380-0004.jpeg,dataset_1,PNEUMONIA,BACTERIAL,1,57788d215c36068a1d7df9e5ebe2bbd4ab8826618d4427edee789c01a76dabca,956be21ac25e344f,False
img_002563,e:\Final_Project\Pnuemonia_Detection\data\raw_datasets\dataset_1\train\PNEUMONIA\BACTERIA-3197989-0002.jpeg,dataset_1,PNEUMONIA,BACTERIAL,1,67a6da701fc76f6fa6705cd317e4c3a6dd0477aa9fb81f5a2009c950db56151a,d034e73ae4eb39c0,False
img_004398,e:\Final_Project\Pnuemonia_Detection\data\raw_datasets\dataset_1\train\PNEUMONIA\BACTERIA-9539609-0001.jpeg,dataset_1,PNEUMONIA,BACTERIAL,1,db63b4a754cc297b57442011fac654d85814302aa2d332505e9f820036794e6d,d4aec35f5c095c4a,False
img_004666,e:\Final_Project\Pnuemonia_Detection\data\raw_datasets\dataset_1\train\PNEUMONIA\VIRUS-2065888-0004.jpeg,dataset_1,PNEUMONIA,VIRAL,2,7a4600085cde90d5ee78f9e3f006d684b4f80dd414679a967b28a50bdb9817f9,d0bde21a9e4b3c64,False
img_000599,e:\Final_Project\Pnuemonia_Detection\data\raw_datasets\dataset_1\test\PNEUMONIA\VIRUS-820420-0001.jpeg,dataset_1,PNEUMONIA,VIRAL,2,99bc6e55a2bfc8989abd0c8e59fd4379a9755a868391ded0c36a7df39afcb9db,d83fc71e1a4b1d14,False
img_004064,e:\Final_Project\Pnuemonia_Detection\data\raw_datasets\dataset_1\train\PNEUMONIA\BACTERIA-8343272-0001.jpeg,dataset_1,PNEUMONIA,BACTERIAL,1,07eace4e0f9e902f080deee05bf5ff9aa2c464ae153dafb05c7a9ac28e87b256,926cac394f6d6646,False
img_004843,e:\Final_Project\Pnuemonia_Detection\data\raw_datasets\dataset_1\train\PNEUMONIA\VIRUS-3315173-0003.jpeg,dataset_1,PNEUMONIA,VIRAL,2,8bcb3c3b6214d7f73472e0ddfe6e1bece380c8f3a47862c678bffa844d4abdcc,9168b67a8f174b94,False
img_004769,e:\Final_Project\Pnuemonia_Detection\data\raw_datasets\dataset_1\train\PNEUMONIA\VIRUS-2792838-0007.jpeg,dataset_1,PNEUMONIA,VIRAL,2,be9b95f7463321f0768059c3621d11be5a164a13b10bb6e14265142de54e7df9,c12be24b7a687a78,False
img_002931,e:\Final_Project\Pnuemonia_Detection\data\raw_datasets\dataset_1\train\PNEUMONIA\BACTERIA-444191-0001.jpeg,dataset_1,PNEUMONIA,BACTERIAL,1,b5ee568b94ac09d4333f7124175cc2cbbf76dc73cc18ec9a4e450c284451ff09,9464c21ec76be54d,False
img_000228,e:\Final_Project\Pnuemonia_Detection\data\raw_datasets\dataset_1\test\NORMAL\NORMAL-9343440-0001.jpeg,dataset_1,NORMAL,NORMAL,0,29039385c733d551e17bc1fe341b744019f448e2b7e5cecb33e678913fa6d349,d5a0c20feb6d3c61,False
img_001290,e:\Final_Project\Pnuemonia_Detection\data\raw_datasets\dataset_1\train\NORMAL\NORMAL-5545083-0002.jpeg,dataset_1,NORMAL,NORMAL,0,cfa97312905f12d9c31ae25761e3c97dc75127970c078e8da1303c0331c22aba,916dc71aed692c45,False
img_000209,e:\Final_Project\Pnuemonia_Detection\data\raw_datasets\dataset_1\test\NORMAL\NORMAL-8586608-0001.jpeg,dataset_1,NORMAL,NORMAL,0,7478bd7291180404aeb8fe5c1e471eee683ad7f8dc072b54c1a7afbbde50b646,90e1963a9f38b17c,False
img_004446,e:\Final_Project\Pnuemonia_Detection\data\raw_datasets\dataset_1\train\PNEUMONIA\BACTERIA-9650164-0001.jpeg,dataset_1,PNEUMONIA,BACTERIAL,1,c3a5f92b2e63a9f9324dd2399b364bc6a86a4c954bd385ea215afd6664cb23c5,d4eaab09555d151d,False
img_005689,e:\Final_Project\Pnuemonia_Detection\data\raw_datasets\dataset_1\train\PNEUMONIA\VIRUS-8739469-0002.jpeg,dataset_1,PNEUMONIA,VIRAL,2,f01747dfe9446ad96050b81a20ddaf72c780af016a388874b5a71cc2113be797,91d7c71bc139b44a,False
img_003567,e:\Final_Project\Pnuemonia_Detection\data\raw_datasets\dataset_1\train\PNEUMONIA\BACTERIA-6526051-0005.jpeg,dataset_1,PNEUMONIA,BACTERIAL,1,f9f2f2e5da9ba285dde16c58db63ced60ca294fd23065fd8a8cd66f721ce8098,d476b71e873d0134,False
img_000342,e:\Final_Project\Pnuemonia_Detection\data\raw_datasets\dataset_1\test\PNEUMONIA\BACTERIA-5155977-0002.jpeg,dataset_1,PNEUMONIA,BACTERIAL,1,fd64770cc021969fdb17b762af9d814ccac166e9307d6f5a02b34efd53881a62,95ffc21cca4b184b,False
img_000750,e:\Final_Project\Pnuemonia_Detection\data\raw_datasets\dataset_1\train\NORMAL\NORMAL-1955424-0001.jpeg,dataset_1,NORMAL,NORMAL,0,fdca66efe31f567f0162c86bbcd38710730522843719c0069d46f96e953917b5,d47e873f0d0d09c3,False
img_004998,e:\Final_Project\Pnuemonia_Detection\data\raw_datasets\dataset_1\train\PNEUMONIA\VIRUS-4343805-0002.jpeg,dataset_1,PNEUMONIA,VIRAL,2,72e772117048b15f0341dda340d14daa61fc6e6c3f38fea004dd488acdb4bc18,dd6da41efa864aa0,False
img_005724,e:\Final_Project\Pnuemonia_Detection\data\raw_datasets\dataset_1\train\PNEUMONIA\VIRUS-9084290-0002.jpeg,dataset_1,PNEUMONIA,VIRAL,2,4f9df7c598af26d2aaef1d4b670f892a886d24a5747edbcd9b22163c375b79f7,811fc61eb04abdd3,False
img_000149,e:\Final_Project\Pnuemonia_Detection\data\raw_datasets\dataset_1\test\NORMAL\NORMAL-630880-0001.jpeg,dataset_1,NORMAL,NORMAL,0,f145a2313f1c1485ea4a90328f5b769a5f82cc236bcc373295424b116cb113f1,917c871a1f5a194f,False
img_004260,e:\Final_Project\Pnuemonia_Detection\data\raw_datasets\dataset_1\train\PNEUMONIA\BACTERIA-9044474-0004.jpeg,dataset_1,PNEUMONIA,BACTERIAL,1,c3d4e2388e867f9a109c90932a60411564c80d77bc3cbe9949b691c9de05842f,942b671e59497965,False
img_005637,e:\Final_Project\Pnuemonia_Detection\data\raw_datasets\dataset_1\train\PNEUMONIA\VIRUS-8475797-0002.jpeg,dataset_1,PNEUMONIA,VIRAL,2,8e068cda46c5a6233e8dc26be3b6b36065d7c5a9fa75f6434ffc81ff106df7dd,9c7c656eb025c2ba,False
img_004074,e:\Final_Project\Pnuemonia_Detection\data\raw_datasets\dataset_1\train\PNEUMONIA\BACTERIA-8375877-0002.jpeg,dataset_1,PNEUMONIA,BACTERIAL,1,4d164ea31ce7b1f14dc0e1f4e04bf3e01d4292534ffc83acdf0fa9e8ba94baa0,d47b6a3cc213c30f,False
img_000247,e:\Final_Project\Pnuemonia_Detection\data\raw_datasets\dataset_1\test\PNEUMONIA\BACTERIA-1514320-0002.jpeg,dataset_1,PNEUMONIA,BACTERIAL,1,63a00ee7d314d371f9d64fcb7eb7ff84b77e5bab4d27bb3ebdf42a48396cb106,882fc70f456ee4c3,False
img_004871,e:\Final_Project\Pnuemonia_Detection\data\raw_datasets\dataset_1\train\PNEUMONIA\VIRUS-3581194-0003.jpeg,dataset_1,PNEUMONIA,VIRAL,2,aca664825d559dbccec0d51fee5ad6b5596be3163addb751409525501bd15590,d07de73ea30e3a02,False
img_004264,e:\Final_Project\Pnuemonia_Detection\data\raw_datasets\dataset_1\train\PNEUMONIA\BACTERIA-9044719-0002.jpeg,dataset_1,PNEUMONIA,BACTERIAL,1,b822877600821fcefd5d2f8cadf123659cd32047f4d1a25c12f020b8e8f46e7e,91796f1e5a491969,False
img_001538,e:\Final_Project\Pnuemonia_Detection\data\raw_datasets\dataset_1\train\NORMAL\NORMAL-7133593-0002.jpeg,dataset_1,NORMAL,NORMAL,0,9e09d7b2dcb622eec9cdf18514031f0bd1ec15d672f2405676a81498f4a0a724,9139c67a786f3928,False
img_005182,e:\Final_Project\Pnuemonia_Detection\data\raw_datasets\dataset_1\train\PNEUMONIA\VIRUS-5437182-0002.jpeg,dataset_1,PNEUMONIA,VIRAL,2,c4db9618bde0cb313d4bcb75d614b63b537248cf8adaf7fc0af3f26b8af5e199,9065c71ee938e53a,False
img_002306,e:\Final_Project\Pnuemonia_Detection\data\raw_datasets\dataset_1\train\PNEUMONIA\BACTERIA-2190992-0001.jpeg,dataset_1,PNEUMONIA,BACTERIAL,1,8e52ee8475c7b31c8376802318e3d92d0d26bdf2e41d078d3ceeb659e4098904,80e1a73ee05fb45a,False
img_005545,e:\Final_Project\Pnuemonia_Detection\data\raw_datasets\dataset_1\train\PNEUMONIA\VIRUS-7847892-0007.jpeg,dataset_1,PNEUMONIA,VIRAL,2,994c29bfc8a5c2c4b510b83ecb788e104510e1b3499ce797c60fe0f9ba1a53e3,91bbf25fd44a3c40,False
img_002994,e:\Final_Project\Pnuemonia_Detection\data\raw_datasets\dataset_1\train\PNEUMONIA\BACTERIA-4617189-0001.jpeg,dataset_1,PNEUMONIA,BACTERIAL,1,ce0de3f60ef76a77cdddcac9cf06538028e702d4d72b5fe37ec1929e52f44383,c12fba3a794d5548,False
img_003891,e:\Final_Project\Pnuemonia_Detection\data\raw_datasets\dataset_1\train\PNEUMONIA\BACTERIA-781305-0001.jpeg,dataset_1,PNEUMONIA,BACTERIAL,1,8a019be070b39edca0e1d07fac96dc1094b8379515d4c04395c9b11463198da2,d47aa71bb90f0a2c,False
img_004468,e:\Final_Project\Pnuemonia_Detection\data\raw_datasets\dataset_1\train\PNEUMONIA\BACTERIA-9821634-0001.jpeg,dataset_1,PNEUMONIA,BACTERIAL,1,47dd4c962d5e60c1fa079ba5a478bbe6e34a511dc33a05d694df118a26218141,9029e32fbfc22f0a,False
img_002332,e:\Final_Project\Pnuemonia_Detection\data\raw_datasets\dataset_1\train\PNEUMONIA\BACTERIA-2326789-0004.jpeg,dataset_1,PNEUMONIA,BACTERIAL,1,3d2ca6ea1ddfe78f9cee127111630b05f434b6b69844e0293fcd7205cd780c5f,9129e21afa7a3c6a,False
img_002367,e:\Final_Project\Pnuemonia_Detection\data\raw_datasets\dataset_1\train\PNEUMONIA\BACTERIA-2474652-0001.jpeg,dataset_1,PNEUMONIA,BACTERIAL,1,c889ec3bb7c992004a90f1e90480dca86c2c0c179c3de9f6d77593a7f4a21944,902b635fc7563cc2,False
img_002643,e:\Final_Project\Pnuemonia_Detection\data\raw_datasets\dataset_1\train\PNEUMONIA\BACTERIA-3443773-0003.jpeg,dataset_1,PNEUMONIA,BACTERIAL,1,cdaf24f16e0ad95a0ac61058040b933eb86c8e6412ee99ed276b2559dd4d04ef,c93ee65a15413d96,False
img_005726,e:\Final_Project\Pnuemonia_Detection\data\raw_datasets\dataset_1\train\PNEUMONIA\VIRUS-9088808-0002.jpeg,dataset_1,PNEUMONIA,VIRAL,2,b3172cc14f23dea0ab35496b1e498ba2febde290c89a969358ce56caaec16d9f,d121e20fbeca3cc9,False
img_003817,e:\Final_Project\Pnuemonia_Detection\data\raw_datasets\dataset_1\train\PNEUMONIA\BACTERIA-7564600-0006.jpeg,dataset_1,PNEUMONIA,BACTERIAL,1,7fc6858e1d8792f0914c6cf874512f589327155a4e36b98eaa26c939460caf5e,d02fef5a5c446c4c,False
img_001477,e:\Final_Project\Pnuemonia_Detection\data\raw_datasets\dataset_1\train\NORMAL\NORMAL-6897353-0001.jpeg,dataset_1,NORMAL,NORMAL,0,ca6946b38697216cb4137ca892d88455f3b9ed5eca60f37c3262cf992d934777,cd6c061a454f7c4f,False
img_000724,e:\Final_Project\Pnuemonia_Detection\data\raw_datasets\dataset_1\train\NORMAL\NORMAL-1770564-0001.jpeg,dataset_1,NORMAL,NORMAL,0,15b6a2a939b1b1cbb50da70a96b867e898da2a468f6ac28057e2100444fd0596,d07cc73b8c2d38c6,False
img_002079,e:\Final_Project\Pnuemonia_Detection\data\raw_datasets\dataset_1\train\PNEUMONIA\BACTERIA-1387612-0001.jpeg,dataset_1,PNEUMONIA,BACTERIAL,1,87914fa80a03a608845f4123971bd763c62d3f2c0914c8aeea6795f03de60c5a,d47eaf2e830b090f,False
img_004377,e:\Final_Project\Pnuemonia_Detection\data\raw_datasets\dataset_1\train\PNEUMONIA\BACTERIA-9451950-0001.jpeg,dataset_1,PNEUMONIA,BACTERIAL,1,347a57bd3152a78ca1c162c486f4618501d598cef49674ff6f5c8707fad4a97d,c42ee31fc44f8cca,False
img_001939,e:\Final_Project\Pnuemonia_Detection\data\raw_datasets\dataset_1\train\NORMAL\NORMAL-9784617-0001.jpeg,dataset_1,NORMAL,NORMAL,0,f403af4380651a60b6c30fd4847571638fcc1acfd6713c11b8cbea91bf723378,94be971d0a0e5cd6,False
img_004987,e:\Final_Project\Pnuemonia_Detection\data\raw_datasets\dataset_1\train\PNEUMONIA\VIRUS-4241544-0005.jpeg,dataset_1,PNEUMONIA,VIRAL,2,8231495553355f05c337d3461fbaf59d85114a8d8f54bde30af988e94f3de07d,912bee3cd04bb6c2,False
img_001752,e:\Final_Project\Pnuemonia_Detection\data\raw_datasets\dataset_1\train\NORMAL\NORMAL-8577633-0001.jpeg,dataset_1,NORMAL,NORMAL,0,0a5ed28bc33384209bc71a0ab4eb2330799b48c0af3d407cb7145a8319556c0a,916c863bad3d6887,False
img_003678,e:\Final_Project\Pnuemonia_Detection\data\raw_datasets\dataset_1\train\PNEUMONIA\BACTERIA-6991447-0001.jpeg,dataset_1,PNEUMONIA,BACTERIAL,1,201324615e16c43e2986c3955c0a553178431100c13915991c108c0088e15ab0,d02b6377d6461e52,False
img_003929,e:\Final_Project\Pnuemonia_Detection\data\raw_datasets\dataset_1\train\PNEUMONIA\BACTERIA-7942103-0005.jpeg,dataset_1,PNEUMONIA,BACTERIAL,1,188bc97c5d2135f9b7252fefbb4f5aaf39b0407a5eb93362b78596fc14f2e0f2,d46f6f1a0b1d4744,False
img_003371,e:\Final_Project\Pnuemonia_Detection\data\raw_datasets\dataset_1\train\PNEUMONIA\BACTERIA-5839760-0003.jpeg,dataset_1,PNEUMONIA,BACTERIAL,1,c1f72927d6a680acde5fb372eb7c97b12c96d1585f4c04f9f76004d896b1f326,943fef3a49186568,False
img_002027,e:\Final_Project\Pnuemonia_Detection\data\raw_datasets\dataset_1\train\PNEUMONIA\BACTERIA-1086099-0007.jpeg,dataset_1,PNEUMONIA,BACTERIAL,1,66845050795fb22f14298cdc8c085f6f3748b6ed06fde2f859918901a4270e75,902faa3aab6b856a,False
img_000179,e:\Final_Project\Pnuemonia_Detection\data\raw_datasets\dataset_1\test\NORMAL\NORMAL-724740-0001.jpeg,dataset_1,NORMAL,NORMAL,0,1c66b1830670a0d1aee471f6feba5af84d7f2926888b14f3c654306b18c0404c,9829c71ed64e1ec3,False
img_002511,e:\Final_Project\Pnuemonia_Detection\data\raw_datasets\dataset_1\train\PNEUMONIA\BACTERIA-3002703-0001.jpeg,dataset_1,PNEUMONIA,BACTERIAL,1,2fd801c06bbca62b3edbba53bdda4616f5f8ef6f8c8f94cf9931b47e15bfd057,d4fea10fe98b2c82,False
img_004792,e:\Final_Project\Pnuemonia_Detection\data\raw_datasets\dataset_1\train\PNEUMONIA\VIRUS-2947162-0001.jpeg,dataset_1,PNEUMONIA,VIRAL,2,5838281c11f1fdd9d6dea756767cc2e3f42b103ab60eddb18345be1bd30b970e,c02f770f613c672c,False
img_000572,e:\Final_Project\Pnuemonia_Detection\data\raw_datasets\dataset_1\test\PNEUMONIA\VIRUS-6249454-0001.jpeg,dataset_1,PNEUMONIA,VIRAL,2,34178254618df75b1a48004050b088dadcbfe266fe34007c03ccfb03c94f8e58,9c6cc71ac31f611e,False
img_003805,e:\Final_Project\Pnuemonia_Detection\data\raw_datasets\dataset_1\train\PNEUMONIA\BACTERIA-7520236-0002.jpeg,dataset_1,PNEUMONIA,BACTERIAL,1,a04f112f4c0b277415dc23fdc400852cdfe55355a6bae209b70980a58fcd75f2,946e831bc75b49c6,False
img_003170,e:\Final_Project\Pnuemonia_Detection\data\raw_datasets\dataset_1\train\PNEUMONIA\BACTERIA-5207669-0004.jpeg,dataset_1,PNEUMONIA,BACTERIAL,1,2f3a56cdf3a7ce2c32b57485031e6f510dce3d4cc503c1c2cdc0c06fc2d6c5cb,957fe21ec25a3852,False
img_004598,e:\Final_Project\Pnuemonia_Detection\data\raw_datasets\dataset_1\train\PNEUMONIA\VIRUS-1546263-0005.jpeg,dataset_1,PNEUMONIA,VIRAL,2,7d0d4bfc05fd01e17a73c91a44e7a6cf400c7728fe5110f79fb2ef7139d4d870,9127c20be828fcef,False
img_001019,e:\Final_Project\Pnuemonia_Detection\data\raw_datasets\dataset_1\train\NORMAL\NORMAL-3706164-0001.jpeg,dataset_1,NORMAL,NORMAL,0,2a6bf075aab637fb9104b0c4f86d35260ed2c85a29bf586f935d4c77037b3afc,916f8f3a8f19494c,False
img_003935,e:\Final_Project\Pnuemonia_Detection\data\raw_datasets\dataset_1\train\PNEUMONIA\BACTERIA-7978506-0001.jpeg,dataset_1,PNEUMONIA,BACTERIAL,1,bb5308a34a7cdf300a7aba87758d58f350ba4e7141fb2e7e474712857b01fce5,903be92d7c687878,False
img_000189,e:\Final_Project\Pnuemonia_Detection\data\raw_datasets\dataset_1\test\NORMAL\NORMAL-7695736-0001.jpeg,dataset_1,NORMAL,NORMAL,0,f751c09260461e5f7e1fa4d16b6f209c1435b9b92dfeb47464d3a7b323604c8b,81bfce3a894b95c2,False
img_004160,e:\Final_Project\Pnuemonia_Detection\data\raw_datasets\dataset_1\train\PNEUMONIA\BACTERIA-864208-0004.jpeg,dataset_1,PNEUMONIA,BACTERIAL,1,8ce77e5d3fb80592dfde20cc75d981ffbcd695bc575ed50e35614349b53e0678,9461b75ec15a855e,False
img_000221,e:\Final_Project\Pnuemonia_Detection\data\raw_datasets\dataset_1\test\NORMAL\NORMAL-9104493-0001.jpeg,dataset_1,NORMAL,NORMAL,0,fe77f32d6b64c076fc88d9a5c2231fd9194cc213a7d99e6c926107cc289f30ec,91ebc71c504f194f,False
img_000063,e:\Final_Project\Pnuemonia_Detection\data\raw_datasets\dataset_1\test\NORMAL\NORMAL-3396581-0001.jpeg,dataset_1,NORMAL,NORMAL,0,38e03d6fba9f711cca4a287429501eabf4e07ef6b541427e0de2732f51ce4229,d4eca71a831f3907,False
img_001069,e:\Final_Project\Pnuemonia_Detection\data\raw_datasets\dataset_1\train\NORMAL\NORMAL-3948906-0001.jpeg,dataset_1,NORMAL,NORMAL,0,5985dda13c3a018b2cd375006e053a2977e5a273e6eb9149cbb61b3553240a68,8875a73aa93d6c2c,False
img_002829,e:\Final_Project\Pnuemonia_Detection\data\raw_datasets\dataset_1\train\PNEUMONIA\BACTERIA-4133607-0001.jpeg,dataset_1,PNEUMONIA,BACTERIAL,1,9274b81676a4f4aa3dc8a371388bf1201a08eaf6963a6516c244cb9e060007a7,942beb1ec21b5b4a,False
img_002268,e:\Final_Project\Pnuemonia_Detection\data\raw_datasets\dataset_1\train\PNEUMONIA\BACTERIA-2114779-0002.jpeg,dataset_1,PNEUMONIA,BACTERIAL,1,d104d164b70ea3705d637d5d25f61ca790ff14b431d298b47085db808ee3e5a1,882f761e356b1d49,False
img_003565,e:\Final_Project\Pnuemonia_Detection\data\raw_datasets\dataset_1\train\PNEUMONIA\BACTERIA-6526051-0003.jpeg,dataset_1,PNEUMONIA,BACTERIAL,1,abd54557f013aa00c6c83784c25af8a39fda525f964f1f2b3a1ac3b57ad824c4,9969a616c21fe65a,False
img_000541,e:\Final_Project\Pnuemonia_Detection\data\raw_datasets\dataset_1\test\PNEUMONIA\VIRUS-447130-0001.jpeg,dataset_1,PNEUMONIA,VIRAL,2,9723333b7edf849771fad4bba07c795399faf0622a7616243048aa8e099b0cdb,91aee61ac719944f,False
img_002911,e:\Final_Project\Pnuemonia_Detection\data\raw_datasets\dataset_1\train\PNEUMONIA\BACTERIA-4394295-0002.jpeg,dataset_1,PNEUMONIA,BACTERIAL,1,68fa2402e5e5ee576c343b8f53c4fc6bba7b137f5b75dfe9f5d32bc9cd3ed87b,d02a57d65e5c7858,False
img_002032,e:\Final_Project\Pnuemonia_Detection\data\raw_datasets\dataset_1\train\PNEUMONIA\BACTERIA-112674-0001.jpeg,dataset_1,PNEUMONIA,BACTERIAL,1,37f37a4e45cbd9d776feaf279f89fb49766c1e76ea93fcce652861e0cacf2f40,81fef67a08854f4c,False
img_005063,e:\Final_Project\Pnuemonia_Detection\data\raw_datasets\dataset_1\train\PNEUMONIA\VIRUS-4708998-0002.jpeg,dataset_1,PNEUMONIA,VIRAL,2,7bb4065e6dc1bc77e2b3f36c88394686f69a5cf6efea6a0b7bec8a21e4140fb1,9169e73e8e0bb2c2,False
img_004047,e:\Final_Project\Pnuemonia_Detection\data\raw_datasets\dataset_1\train\PNEUMONIA\BACTERIA-8313249-0006.jpeg,dataset_1,PNEUMONIA,BACTERIAL,1,4f8e2e78bcd10fa6a04d3679c6ea4b1b96db441becac20758728a019d26f7916,942de79eee1a2942,False
img_004678,e:\Final_Project\Pnuemonia_Detection\data\raw_datasets\dataset_1\train\PNEUMONIA\VIRUS-2211600-0002.jpeg,dataset_1,PNEUMONIA,VIRAL,2,cb506d3e91e886ecb6cbfa331d928cf20b4a40c3b43a1900430f6cea512d8cf8,9123c33ecc6b34ce,False
img_003290,e:\Final_Project\Pnuemonia_Detection\data\raw_datasets\dataset_1\train\PNEUMONIA\BACTERIA-5564093-0001.jpeg,dataset_1,PNEUMONIA,BACTERIAL,1,76f7937b0b4b4cae8b0ce897f8f57061212d6faccf0324d452f6a3e9760c8cfe,d46a831f4b1ec31d,False
img_005827,e:\Final_Project\Pnuemonia_Detection\data\raw_datasets\dataset_1\train\PNEUMONIA\VIRUS-9727803-0003.jpeg,dataset_1,PNEUMONIA,VIRAL,2,56c4f99d4f6d8e549abc1b0292515e42ed0ffd581b3fb09af08bae91fe331878,912be7563e416939,False
img_004166,e:\Final_Project\Pnuemonia_Detection\data\raw_datasets\dataset_1\train\PNEUMONIA\BACTERIA-8660561-0005.jpeg,dataset_1,PNEUMONIA,BACTERIAL,1,62e4e4fd98cdfd5268092e82a6a93265a7e8ec09b9f210f405f6f4dd44ea47f8,d13fe61894493c79,False
img_001794,e:\Final_Project\Pnuemonia_Detection\data\raw_datasets\dataset_1\train\NORMAL\NORMAL-8899128-0001.jpeg,dataset_1,NORMAL,NORMAL,0,3db9ef07c51ee1b2737f2248651369f9404f74bd338b47b99746fca37cdb16e2,d1eec74aa94d29b0,False
img_001505,e:\Final_Project\Pnuemonia_Detection\data\raw_datasets\dataset_1\train\NORMAL\NORMAL-6984314-0001.jpeg,dataset_1,NORMAL,NORMAL,0,7051ddb50cde7ff49391a16b2588bf0efd1d0f4ae63e3f5fe1a75c9d6adc67ed,91adc63aea693067,False
img_002411,e:\Final_Project\Pnuemonia_Detection\data\raw_datasets\dataset_1\train\PNEUMONIA\BACTERIA-2609929-0001.jpeg,dataset_1,PNEUMONIA,BACTERIAL,1,1e443aa31e576e44bc54b8e79dc5fa9ccb9e024aa8a45127a760e613b8f0e783,91e9e738854ae44f,False
img_000080,e:\Final_Project\Pnuemonia_Detection\data\raw_datasets\dataset_1\test\NORMAL\NORMAL-3937418-0001.jpeg,dataset_1,NORMAL,NORMAL,0,23a6157210bf7a7f0df93de9e79e559b6767c1c72db0756d9af0e49046545903,81a1c31acb79f16b,False
img_002031,e:\Final_Project\Pnuemonia_Detection\data\raw_datasets\dataset_1\train\PNEUMONIA\BACTERIA-1117098-0002.jpeg,dataset_1,PNEUMONIA,BACTERIAL,1,e2bde08139eea15c4fc7205ca8d42b8318f6cb99f18b930ba937c31eecfe18ea,d02fe75eca4a1e18,False
img_002610,e:\Final_Project\Pnuemonia_Detection\data\raw_datasets\dataset_1\train\PNEUMONIA\BACTERIA-3348819-0001.jpeg,dataset_1,PNEUMONIA,BACTERIAL,1,5d70a37acce4661ada0dbd43034bdd62d526b4a0fa6017ff988935dd3f30739a,906ad35f4d581c5b,False
img_005423,e:\Final_Project\Pnuemonia_Detection\data\raw_datasets\dataset_1\train\PNEUMONIA\VIRUS-696513-0002.jpeg,dataset_1,PNEUMONIA,VIRAL,2,bbfd4f686b71e6312c9b60d4c373cacbe8e5753046dc81ded45df82b1bf8139e,9066865a873fe996,False
img_001990,e:\Final_Project\Pnuemonia_Detection\data\raw_datasets\dataset_1\train\PNEUMONIA\BACTERIA-1076722-0001.jpeg,dataset_1,PNEUMONIA,BACTERIAL,1,c86751e57dc7db655437ea1be131ab63dd1feac259f8aa72f36cdd5de06d4cd5,d02fe37fd6c04990,False
img_004988,e:\Final_Project\Pnuemonia_Detection\data\raw_datasets\dataset_1\train\PNEUMONIA\VIRUS-4245588-0002.jpeg,dataset_1,PNEUMONIA,VIRAL,2,0ded48da5799fadc500a0ced3fb8f2253b9c01066830f62e61cca8d5d83f37d3,d16e2fb21b0d1e1c,False
img_006029,e:\Final_Project\Pnuemonia_Detection\data\raw_datasets\dataset_2\test\NORMAL\NORMAL2-IM-0303-0001.jpeg,dataset_2,NORMAL,NORMAL,0,100ad9b7d16cc0dde503eccf84392087e68912291ed251c21ecc0378b7f5774f,d0b0c30fc26f926f,False
img_005120,e:\Final_Project\Pnuemonia_Detection\data\raw_datasets\dataset_1\train\PNEUMONIA\VIRUS-513140-0005.jpeg,dataset_1,PNEUMONIA,VIRAL,2,c4d75a7dd5613feb9e5f9022694858665f732a6db4718f3cd745a43b5375c310,c19767c69e38c24d,False
img_001738,e:\Final_Project\Pnuemonia_Detection\data\raw_datasets\dataset_1\train\NORMAL\NORMAL-8439083-0001.jpeg,dataset_1,NORMAL,NORMAL,0,4e2ad08d3763043fa5df9aa2fec5927684e2e5a5b3f24501aa55e0c5c7e7e305,d46c874fcd4c4cc6,False
img_001614,e:\Final_Project\Pnuemonia_Detection\data\raw_datasets\dataset_1\train\NORMAL\NORMAL-7570480-0001.jpeg,dataset_1,NORMAL,NORMAL,0,fbeadbaa9be3de04297ed818f660557b09c7c547e8f0521082378b6fb6fb2ede,d06ea73b8b0f2985,False
img_001883,e:\Final_Project\Pnuemonia_Detection\data\raw_datasets\dataset_1\train\NORMAL\NORMAL-9411713-0001.jpeg,dataset_1,NORMAL,NORMAL,0,06c078db11cb416e1656394aaf656553ee2145cdd11761a4e60129bdf35e6b53,91b5c71bbca42ba4,False
img_003269,e:\Final_Project\Pnuemonia_Detection\data\raw_datasets\dataset_1\train\PNEUMONIA\BACTERIA-5507616-0001.jpeg,dataset_1,PNEUMONIA,BACTERIAL,1,5ea6d4ffb05c656b0e8fdb32042f1d30df951d99d7cf006aeb36d32e1e0b4ca0,c43e0715cdfc6c46,False
img_001334,e:\Final_Project\Pnuemonia_Detection\data\raw_datasets\dataset_1\train\NORMAL\NORMAL-5752258-0001.jpeg,dataset_1,NORMAL,NORMAL,0,05c61576866d70c127102c7006b70b79f7290e28db1c55e163db5da63b134d4f,d47ec70f8d4c2cc4,False
img_000622,e:\Final_Project\Pnuemonia_Detection\data\raw_datasets\dataset_1\test\PNEUMONIA\VIRUS-9783315-0001.jpeg,dataset_1,PNEUMONIA,VIRAL,2,cac24c359fc13669596a69d41225be7aace3f520b5e560e592a0a84a837c3e5b,d40af75b5d541e50,False
img_001442,e:\Final_Project\Pnuemonia_Detection\data\raw_datasets\dataset_1\train\NORMAL\NORMAL-6593605-0003.jpeg,dataset_1,NORMAL,NORMAL,0,56d9cff3aea8509a8206fcf04549ce853cd9ddee183ecd5eaedd5c0c6de1119c,912ac23ad97939cb,False
img_004677,e:\Final_Project\Pnuemonia_Detection\data\raw_datasets\dataset_1\train\PNEUMONIA\VIRUS-2180985-0001.jpeg,dataset_1,PNEUMONIA,VIRAL,2,bd3a5b6b70c92db209086bc1a04377ee5eb0809232a42e5e4edd05f7818a85b8,d428e20baf6d4ce5,False
img_002125,e:\Final_Project\Pnuemonia_Detection\data\raw_datasets\dataset_1\train\PNEUMONIA\BACTERIA-1612812-0004.jpeg,dataset_1,PNEUMONIA,BACTERIAL,1,ddcf03bd7022ae2059479ddede652b6dad5c96af583d9f6690dbf03d5f106660,d541f316c20ff907,False
img_002942,e:\Final_Project\Pnuemonia_Detection\data\raw_datasets\dataset_1\train\PNEUMONIA\BACTERIA-4458048-0001.jpeg,dataset_1,PNEUMONIA,BACTERIAL,1,df13c55a065f56106ddad883fb27a6efeb49c20f70408cc8f94979a3f20c9ad8,d42b6b5f57411d44,False
img_002533,e:\Final_Project\Pnuemonia_Detection\data\raw_datasets\dataset_1\train\PNEUMONIA\BACTERIA-3067831-0001.jpeg,dataset_1,PNEUMONIA,BACTERIAL,1,58cdc409b0965ccd36d4e50cb99fc2fd87a840db3cf2d7019b020df40dd9030a,d52a4b5e4d0f0d2d,False
img_004106,e:\Final_Project\Pnuemonia_Detection\data\raw_datasets\dataset_1\train\PNEUMONIA\BACTERIA-8485124-0002.jpeg,dataset_1,PNEUMONIA,BACTERIAL,1,42132313e0b8d8c291388aa2172e7e68af94f785464b8e2525a65356218e64c1,91e5a69aca39c738,False
img_005230,e:\Final_Project\Pnuemonia_Detection\data\raw_datasets\dataset_1\train\PNEUMONIA\VIRUS-5712388-0001.jpeg,dataset_1,PNEUMONIA,VIRAL,2,776c070c59c781a4f1320bfb8b5250e66ee34366bde305fd43c0d7b163f0a7fb,d4f4d31be10f904b,False
img_000034,e:\Final_Project\Pnuemonia_Detection\data\raw_datasets\dataset_1\test\NORMAL\NORMAL-2256620-0001.jpeg,dataset_1,NORMAL,NORMAL,0,5a78ecdbdaf10b379e481dfde9abccdb7be44e5bb80956708c3686d4096b039c,897e47124f5e094f,False
img_003708,e:\Final_Project\Pnuemonia_Detection\data\raw_datasets\dataset_1\train\PNEUMONIA\BACTERIA-7172433-0004.jpeg,dataset_1,PNEUMONIA,BACTERIAL,1,500eee5b2ce05f6b141890a72efaa7109d678eb1a3aaed821b33115fcbf92235,942beb1e9a571a43,False
img_002979,e:\Final_Project\Pnuemonia_Detection\data\raw_datasets\dataset_1\train\PNEUMONIA\BACTERIA-4599282-0001.jpeg,dataset_1,PNEUMONIA,BACTERIAL,1,b6121336ca41f1963a20207502ed6ae512877564c88aaafbc14d03ef2ff75a11,d02beb1efa4a3c50,False
img_000066,e:\Final_Project\Pnuemonia_Detection\data\raw_datasets\dataset_1\test\NORMAL\NORMAL-3459196-0001.jpeg,dataset_1,NORMAL,NORMAL,0,a7d7133e0055b92c132746613eb2429963694b1e2e6a1f7fed84d804aad14e91,d467a32be16ce0e4,False
img_004430,e:\Final_Project\Pnuemonia_Detection\data\raw_datasets\dataset_1\train\PNEUMONIA\BACTERIA-9597998-0003.jpeg,dataset_1,PNEUMONIA,BACTERIAL,1,76182c4e70ac4902202b3bc48ee04c7d091b46989d64d69b0dc04ed6a878ba1e,d47f4e185d1d4d0c,False
img_001328,e:\Final_Project\Pnuemonia_Detection\data\raw_datasets\dataset_1\train\NORMAL\NORMAL-5729564-0001.jpeg,dataset_1,NORMAL,NORMAL,0,94498cbd036a42dad82ced29aaa18fe31914f9e751a1ec366c17ce2907cd1b66,915ec61acda53c96,False
img_000605,e:\Final_Project\Pnuemonia_Detection\data\raw_datasets\dataset_1\test\PNEUMONIA\VIRUS-8435135-0001.jpeg,dataset_1,PNEUMONIA,VIRAL,2,6cc13d1d3cfd6f2c494c2b633696f18ddd5feda4134ff2d6f59142956196c263,91ade23ee8683c69,False
img_001885,e:\Final_Project\Pnuemonia_Detection\data\raw_datasets\dataset_1\train\NORMAL\NORMAL-9422624-0001.jpeg,dataset_1,NORMAL,NORMAL,0,2bc427c61cfeefb15e634cdf6939875c858a7f260e8364c79456c61194cbfd26,8178c75ab8697969,False
img_001194,e:\Final_Project\Pnuemonia_Detection\data\raw_datasets\dataset_1\train\NORMAL\NORMAL-4786732-0001.jpeg,dataset_1,NORMAL,NORMAL,0,9aea6e6192b36dd875b2059ee375ff430c41f3da969c0c4a9810349157d3e00e,d46ec34bc9c578c2,False
img_004634,e:\Final_Project\Pnuemonia_Detection\data\raw_datasets\dataset_1\train\PNEUMONIA\VIRUS-1801584-0002.jpeg,dataset_1,PNEUMONIA,VIRAL,2,db2755cac1bbd5f1f536078c416b6fb0ece75f1ee1f03982e58a05d14dc9bbdd,916fe61a453b544d,False
img_001481,e:\Final_Project\Pnuemonia_Detection\data\raw_datasets\dataset_1\train\NORMAL\NORMAL-6901859-0004.jpeg,dataset_1,NORMAL,NORMAL,0,ed68dd04ad134b4cbf886464dc7acf58a91869431671db7193438e12aeb64c38,d56e870b9f410bd4,False
img_000334,e:\Final_Project\Pnuemonia_Detection\data\raw_datasets\dataset_1\test\PNEUMONIA\BACTERIA-4345731-0002.jpeg,dataset_1,PNEUMONIA,BACTERIAL,1,1b5f50ac94b54e151709f82620d09658a2b50256799d662c8bae65f5f612f75e,902aef1e64d33d92,False
img_000356,e:\Final_Project\Pnuemonia_Detection\data\raw_datasets\dataset_1\test\PNEUMONIA\BACTERIA-5451280-0002.jpeg,dataset_1,PNEUMONIA,BACTERIAL,1,fcab6c8cfcec0654340bcfc10c023fe875edf1bc98f9d33d34fe0b0c3e5d7038,d125c31ffd6818c5,False
img_002813,e:\Final_Project\Pnuemonia_Detection\data\raw_datasets\dataset_1\train\PNEUMONIA\BACTERIA-4034943-0001.jpeg,dataset_1,PNEUMONIA,BACTERIAL,1,641a6a3c544c0a3bffa1cf270d63031acc12a3cdc43f6e8b5e419de0c5fb8817,d42be70f1d451e1a,False
img_000499,e:\Final_Project\Pnuemonia_Detection\data\raw_datasets\dataset_1\test\PNEUMONIA\VIRUS-2352342-0001.jpeg,dataset_1,PNEUMONIA,VIRAL,2,4062cf87aa3192572310625cc15c8dd49c9751d3a9fc88759490976aa1cdfbc1,917e861b851ef196,False
img_000139,e:\Final_Project\Pnuemonia_Detection\data\raw_datasets\dataset_1\test\NORMAL\NORMAL-6085151-0001.jpeg,dataset_1,NORMAL,NORMAL,0,ffd6946f39b518a306c045c8302deb8e2b8f889ad59466b5ed772607d3c9d113,d12de639696d38d0,False
img_005754,e:\Final_Project\Pnuemonia_Detection\data\raw_datasets\dataset_1\train\PNEUMONIA\VIRUS-9332973-0002.jpeg,dataset_1,PNEUMONIA,VIRAL,2,b71320a88ecd9ac4a1db66129f3207df6daaf68d703cbfdf32c63490b062e5f9,d4ee870bc11f1917,False
img_004807,e:\Final_Project\Pnuemonia_Detection\data\raw_datasets\dataset_1\train\PNEUMONIA\VIRUS-3030644-0002.jpeg,dataset_1,PNEUMONIA,VIRAL,2,71ad9b375b5f8bd09f18a83f8bab98fc7d86f9ddf3cf2b02b88dd8784526a8c2,c062d338e56de4e6,False
img_000869,e:\Final_Project\Pnuemonia_Detection\data\raw_datasets\dataset_1\train\NORMAL\NORMAL-2659844-0001.jpeg,dataset_1,NORMAL,NORMAL,0,a0d84dea412db61a56ea9c074b416b0058fc3d25a47922290cebb40af8815775,812fc61ab9c93d95,False
img_001980,e:\Final_Project\Pnuemonia_Detection\data\raw_datasets\dataset_1\train\PNEUMONIA\BACTERIA-1039608-0001.jpeg,dataset_1,PNEUMONIA,BACTERIAL,1,91e3d798f4ebbcdea0d6f4b7a29ca5594b32aca51aab2519c349e4c6bde35649,912be27afc697c40,False
img_005797,e:\Final_Project\Pnuemonia_Detection\data\raw_datasets\dataset_1\train\PNEUMONIA\VIRUS-9561808-0003.jpeg,dataset_1,PNEUMONIA,VIRAL,2,70625af80498382c26b540c7cc17270ea5983c9eebd65e43b2660e0bfd5fd16f,d007e70fb4c83db8,False
img_003992,e:\Final_Project\Pnuemonia_Detection\data\raw_datasets\dataset_1\train\PNEUMONIA\BACTERIA-8166356-0002.jpeg,dataset_1,PNEUMONIA,BACTERIAL,1,d6c868a799404652a12bff07c6d9423d83956556a1f4adfa011df25fa9091630,906e871a0b9f39e9,False
img_003216,e:\Final_Project\Pnuemonia_Detection\data\raw_datasets\dataset_1\train\PNEUMONIA\BACTERIA-5331068-0001.jpeg,dataset_1,PNEUMONIA,BACTERIAL,1,3856839ce184762d722ab33059ed5ecaea5deebc9428c827cfa5614aea25daa2,913bea46574a1e5a,False
img_004889,e:\Final_Project\Pnuemonia_Detection\data\raw_datasets\dataset_1\train\PNEUMONIA\VIRUS-3643463-0002.jpeg,dataset_1,PNEUMONIA,VIRAL,2,a3a21864789d20eb2b781d707483377aee62ccb228e3160933e48baa65f774e8,903bd71e8c943db4,False
img_003377,e:\Final_Project\Pnuemonia_Detection\data\raw_datasets\dataset_1\train\PNEUMONIA\BACTERIA-5882940-0001.jpeg,dataset_1,PNEUMONIA,BACTERIAL,1,ce94a862ac0dce0fea395d63ffd46ae67d379e13c17e8eb875c6c63db89269cf,d03bfb1a1e531c94,False
img_000379,e:\Final_Project\Pnuemonia_Detection\data\raw_datasets\dataset_1\test\PNEUMONIA\BACTERIA-6402155-0004.jpeg,dataset_1,PNEUMONIA,BACTERIAL,1,52856ee9c64f61fba5aaf2bf40bb189a5b233e1cf6cd3d025dd20673c500016d,d06cef3cac2da42c,False
img_000184,e:\Final_Project\Pnuemonia_Detection\data\raw_datasets\dataset_1\test\NORMAL\NORMAL-7483489-0001.jpeg,dataset_1,NORMAL,NORMAL,0,a1362c8305bfbc3de8e95e522364be504e5921626c73304fb9956ec901b1f7c8,9174877aeb2d6984,False
img_005553,e:\Final_Project\Pnuemonia_Detection\data\raw_datasets\dataset_1\train\PNEUMONIA\VIRUS-7908791-0002.jpeg,dataset_1,PNEUMONIA,VIRAL,2,5c2f5af33970d75d146ea1c61431eb1fb4e7561f09c811b2c7f91e2d936056ed,9029e21ee839fd69,False
img_001318,e:\Final_Project\Pnuemonia_Detection\data\raw_datasets\dataset_1\train\NORMAL\NORMAL-5693915-0003.jpeg,dataset_1,NORMAL,NORMAL,0,cabbd0eb4eff8c5fca52906e88304db17823f01e4f1e05a8dc12b7594260ec95,d46ec31bcd6c9c48,False
img_001588,e:\Final_Project\Pnuemonia_Detection\data\raw_datasets\dataset_1\train\NORMAL\NORMAL-7373728-0001.jpeg,dataset_1,NORMAL,NORMAL,0,34ca0ddfdf6ff4f3844c419b82735e18d0b6b4e09ec4442d3d3057f9f344d805,916aee7a5d491945,False
img_004616,e:\Final_Project\Pnuemonia_Detection\data\raw_datasets\dataset_1\train\PNEUMONIA\VIRUS-1658029-0001.jpeg,dataset_1,PNEUMONIA,VIRAL,2,a633a7d56f1b61665b3f09b9e909e42460cfc6317f84f0471e163cab44da8aad,913de71abec60a94,False
img_002805,e:\Final_Project\Pnuemonia_Detection\data\raw_datasets\dataset_1\train\PNEUMONIA\BACTERIA-4011726-0002.jpeg,dataset_1,PNEUMONIA,BACTERIAL,1,fbf102d82eba229bdb4d84d95ae403a976184902f0de09235ee27de497eca26c,d05ee75fa9853881,False
img_000476,e:\Final_Project\Pnuemonia_Detection\data\raw_datasets\dataset_1\test\PNEUMONIA\BACTERIA-9913238-0003.jpeg,dataset_1,PNEUMONIA,BACTERIAL,1,de42daff0c8904b60368ec3c2535d1eeacca7bc1107c51705081236d70ca9cb7,d47ee71e830b8187,False
img_004460,e:\Final_Project\Pnuemonia_Detection\data\raw_datasets\dataset_1\train\PNEUMONIA\BACTERIA-9730180-0001.jpeg,dataset_1,PNEUMONIA,BACTERIAL,1,05021a3f924819e67f454ad84fa943a3bd5d44c684a0cee4fc2e4a7a67572989,9470e49ec31ba1cf,False
img_004448,e:\Final_Project\Pnuemonia_Detection\data\raw_datasets\dataset_1\train\PNEUMONIA\BACTERIA-9674936-0001.jpeg,dataset_1,PNEUMONIA,BACTERIAL,1,f8252dbcb5ea303f1610b006178225d9e62a11be4b06a8cac926c5c8d5eb2492,d06de71ac31b930b,False
img_004299,e:\Final_Project\Pnuemonia_Detection\data\raw_datasets\dataset_1\train\PNEUMONIA\BACTERIA-9176369-0001.jpeg,dataset_1,PNEUMONIA,BACTERIAL,1,d17ad360891fa72ffa2351868645e027b54f65a9b2c35394eacc7c5596072a1e,d02ce73ee12d2c8e,False
img_004791,e:\Final_Project\Pnuemonia_Detection\data\raw_datasets\dataset_1\train\PNEUMONIA\VIRUS-294120-0001.jpeg,dataset_1,PNEUMONIA,VIRAL,2,8e2ffcce81a4f659e639f67384b968fd6048ad5c0a3abe448a43c91d6cb8bd52,d0e4e73eed3c2442,False
img_001099,e:\Final_Project\Pnuemonia_Detection\data\raw_datasets\dataset_1\train\NORMAL\NORMAL-4164846-0001.jpeg,dataset_1,NORMAL,NORMAL,0,a86131988f36f298e07a6703668544c1ece2cc6d1c99fc49ae99dc1479d278bc,91adce3a586d3c62,False
img_000039,e:\Final_Project\Pnuemonia_Detection\data\raw_datasets\dataset_1\test\NORMAL\NORMAL-2477476-0001.jpeg,dataset_1,NORMAL,NORMAL,0,06569e76f11799e6e47bb3f6e90a1df195aba9e69880fd133d3ffa99809a34e7,81afc21af8c939d6,False
img_003495,e:\Final_Project\Pnuemonia_Detection\data\raw_datasets\dataset_1\train\PNEUMONIA\BACTERIA-6295192-0007.jpeg,dataset_1,PNEUMONIA,BACTERIAL,1,ae930714ef7178147b628987f9e006b6b2f93f304f7201e8d5411807ba6f6f40,822aaf0d8f1f299d,False
img_000744,e:\Final_Project\Pnuemonia_Detection\data\raw_datasets\dataset_1\train\NORMAL\NORMAL-1917089-0002.jpeg,dataset_1,NORMAL,NORMAL,0,fd7bcad8d4a94104336c2f173cc65bb6d98c6e1408cc8028a6ee86442cb49887,d43ce61b9f4b1a44,False
img_000387,e:\Final_Project\Pnuemonia_Detection\data\raw_datasets\dataset_1\test\PNEUMONIA\BACTERIA-6833685-0001.jpeg,dataset_1,PNEUMONIA,BACTERIAL,1,62e8901e2ff2812de5ca50dcaf14e923527f3c861b2d3ff6c218a6dce13987a8,906fc708514b7be3,False
img_001981,e:\Final_Project\Pnuemonia_Detection\data\raw_datasets\dataset_1\train\PNEUMONIA\BACTERIA-1040986-0001.jpeg,dataset_1,PNEUMONIA,BACTERIAL,1,744d0235a872895eaf457bdc739031350f5f36e0a375f041cd169a56d0018079,91abe21efc683c62,False
img_003618,e:\Final_Project\Pnuemonia_Detection\data\raw_datasets\dataset_1\train\PNEUMONIA\BACTERIA-669291-0001.jpeg,dataset_1,PNEUMONIA,BACTERIAL,1,d2cfe07e250066e995ad75dc446f306e4a9a16d9aedacc3639672ffb5441d416,806ae35e5e5a5e54,False
img_004273,e:\Final_Project\Pnuemonia_Detection\data\raw_datasets\dataset_1\train\PNEUMONIA\BACTERIA-9072988-0002.jpeg,dataset_1,PNEUMONIA,BACTERIAL,1,2f2ab59f011d2c4a3311fb42751578456fdb0b6ee725706693d3548ff0ca4653,d46ee71b920f29c1,False
img_005675,e:\Final_Project\Pnuemonia_Detection\data\raw_datasets\dataset_1\train\PNEUMONIA\VIRUS-8688218-0003.jpeg,dataset_1,PNEUMONIA,VIRAL,2,83df7d5cb399f6474ed0e1eeb3eff02fc9af7ecf9128cbc9fe38bbc7d79b3e63,902ae75bd54b79c0,False
img_003849,e:\Final_Project\Pnuemonia_Detection\data\raw_datasets\dataset_1\train\PNEUMONIA\BACTERIA-7710112-0001.jpeg,dataset_1,PNEUMONIA,BACTERIAL,1,33948df1e61ede2aa48d1e7b033d890c046ab4af102a1662b11ee65423555042,956fe74a434345c3,False
img_004381,e:\Final_Project\Pnuemonia_Detection\data\raw_datasets\dataset_1\train\PNEUMONIA\BACTERIA-9487238-0002.jpeg,dataset_1,PNEUMONIA,BACTERIAL,1,801ec546e8e2617c2f96b931defdbf88121d369fdc09130797ab69dd4ca86e16,8a6eee8f870b850b,False
img_003027,e:\Final_Project\Pnuemonia_Detection\data\raw_datasets\dataset_1\train\PNEUMONIA\BACTERIA-4719778-0003.jpeg,dataset_1,PNEUMONIA,BACTERIAL,1,cef2654490a844bab8edc7abd4efb00b4f052d6f67e6e264f2117e355669f124,d46ec33fe90d28c4,False
img_002461,e:\Final_Project\Pnuemonia_Detection\data\raw_datasets\dataset_1\train\PNEUMONIA\BACTERIA-2809806-0001.jpeg,dataset_1,PNEUMONIA,BACTERIAL,1,cf9c4f38d0933d514064aa526f864991ccacee83798cdc9d6381bcb45bb637e8,9074c7389e3d396c,False
img_002477,e:\Final_Project\Pnuemonia_Detection\data\raw_datasets\dataset_1\train\PNEUMONIA\BACTERIA-2878937-0001.jpeg,dataset_1,PNEUMONIA,BACTERIAL,1,c8d0448e6377e2482ed928c51e7f0d7272aeb84e93a6340a09c5bfaa58de85a4,917fae10831ad397,False
img_004774,e:\Final_Project\Pnuemonia_Detection\data\raw_datasets\dataset_1\train\PNEUMONIA\VIRUS-2814755-0001.jpeg,dataset_1,PNEUMONIA,VIRAL,2,014c1f20ac7d6464cfa4b1a6135f3e56bd52ec3dc63537789d055e2a4559c9d3,c866c71fc70d1947,False
img_001017,e:\Final_Project\Pnuemonia_Detection\data\raw_datasets\dataset_1\train\NORMAL\NORMAL-3688916-0001.jpeg,dataset_1,NORMAL,NORMAL,0,b832712276c918639c292be76ad3f7540cff2ca96f4a3d43ff86caebbae50ac9,9d3f821b1d5c1cd4,False
img_000480,e:\Final_Project\Pnuemonia_Detection\data\raw_datasets\dataset_1\test\PNEUMONIA\VIRUS-131422-0001.jpeg,dataset_1,PNEUMONIA,VIRAL,2,b2e29c7d51869da9d2679707709913ae4b26da607905072d70cf04e3fe7dc623,91a5863ae06bbc6b,False
img_004252,e:\Final_Project\Pnuemonia_Detection\data\raw_datasets\dataset_1\train\PNEUMONIA\BACTERIA-9012339-0002.jpeg,dataset_1,PNEUMONIA,BACTERIAL,1,498ccf7a258a4bfdcad12e662d29b31e39b82e6999865ee4a0ef22259edae5cd,957ae73a4a25386a,False
img_004433,e:\Final_Project\Pnuemonia_Detection\data\raw_datasets\dataset_1\train\PNEUMONIA\BACTERIA-9597998-0006.jpeg,dataset_1,PNEUMONIA,BACTERIAL,1,a37b71823cf8a429396e127a80a964ba5d2e58e65eb2886c77b9b4a1c96e3d4b,d0f4e71b831bb00f,False
img_001872,e:\Final_Project\Pnuemonia_Detection\data\raw_datasets\dataset_1\train\NORMAL\NORMAL-9344911-0002.jpeg,dataset_1,NORMAL,NORMAL,0,e04036bdc5e863f591431e8eeceb34bf8822bbb74569638ddc31037458370600,913bde1e18511d97,False
img_003266,e:\Final_Project\Pnuemonia_Detection\data\raw_datasets\dataset_1\train\PNEUMONIA\BACTERIA-5503803-0001.jpeg,dataset_1,PNEUMONIA,BACTERIAL,1,52eefbcae1f5d29df4816d81a9150778212a599fa3382471cb81c7f6fc036342,c13de24b3e693c68,False
img_002977,e:\Final_Project\Pnuemonia_Detection\data\raw_datasets\dataset_1\train\PNEUMONIA\BACTERIA-4590061-0005.jpeg,dataset_1,PNEUMONIA,BACTERIAL,1,f113e16a4dee6f2347fd83a334c434fd7187ef6356f181e1b8aefbed5978cae9,913b66673cc4c678,False
img_005558,e:\Final_Project\Pnuemonia_Detection\data\raw_datasets\dataset_1\train\PNEUMONIA\VIRUS-7963511-0003.jpeg,dataset_1,PNEUMONIA,VIRAL,2,d4906d6595d2f1b5042f86c5437245c84f31062dfd31ec5ed21411dd7ed20f2f,d82f571faa603ca1,False
img_001145,e:\Final_Project\Pnuemonia_Detection\data\raw_datasets\dataset_1\train\NORMAL\NORMAL-4486854-0001.jpeg,dataset_1,NORMAL,NORMAL,0,9c22c6b33643380faebd3b404d8e1843503a744faa422bf95e00a63094f3afb4,946f871aad1c6c4d,False
img_002659,e:\Final_Project\Pnuemonia_Detection\data\raw_datasets\dataset_1\train\PNEUMONIA\BACTERIA-3482207-0003.jpeg,dataset_1,PNEUMONIA,BACTERIAL,1,a2481eeb10f5dbb6b98d9093699690d893c5223aadc650a120497060953fc1c1,c02f3e1b1b493d6c,False
img_002683,e:\Final_Project\Pnuemonia_Detection\data\raw_datasets\dataset_1\train\PNEUMONIA\BACTERIA-3595250-0002.jpeg,dataset_1,PNEUMONIA,BACTERIAL,1,ba6f9edddb89b09afa9d67a42c4b0808c442dfd38301d07e2c674217389a5daa,9139eb47b7c20a1d,False
img_001922,e:\Final_Project\Pnuemonia_Detection\data\raw_datasets\dataset_1\train\NORMAL\NORMAL-973361-0001.jpeg,dataset_1,NORMAL,NORMAL,0,a5374d1025f3fe4b0b01fa08b847cf7a5916878f9c9b5478ef44e560d45fde0a,d0fec73a842e32c6,False
img_004435,e:\Final_Project\Pnuemonia_Detection\data\raw_datasets\dataset_1\train\PNEUMONIA\BACTERIA-960851-0002.jpeg,dataset_1,PNEUMONIA,BACTERIAL,1,cf9651e224eee12c612ad346fc5b06767b61632bcb6843a8c42cfdd3d01be2dc,9068af5ac7588f2e,False
img_005218,e:\Final_Project\Pnuemonia_Detection\data\raw_datasets\dataset_1\train\PNEUMONIA\VIRUS-5670779-0001.jpeg,dataset_1,PNEUMONIA,VIRAL,2,bf03e0561b540b64dfe2cfdf46f1f83c0d9dd538602fa38e8671b8817483c69e,d074e24b97cb2d92,False
img_003913,e:\Final_Project\Pnuemonia_Detection\data\raw_datasets\dataset_1\train\PNEUMONIA\BACTERIA-7882471-0001.jpeg,dataset_1,PNEUMONIA,BACTERIAL,1,861c88fa12a0a05e9ed65f6b3004521c051f6068408ec0c6584167dc990ca4d0,d534b20b93499f69,False
img_003001,e:\Final_Project\Pnuemonia_Detection\data\raw_datasets\dataset_1\train\PNEUMONIA\BACTERIA-4617189-0008.jpeg,dataset_1,PNEUMONIA,BACTERIAL,1,effbcb0472d6ab09e5425cba2c6360a98e1d34f88f80221a583021caa963c586,c13ff2401461a7bf,False
img_001311,e:\Final_Project\Pnuemonia_Detection\data\raw_datasets\dataset_1\train\NORMAL\NORMAL-5661210-0001.jpeg,dataset_1,NORMAL,NORMAL,0,5b636b2959cc5b0028bf1680b1e979dfbf0b2739b36b3d58697111aa5e17acf7,8129ea78785b7955,False
img_001560,e:\Final_Project\Pnuemonia_Detection\data\raw_datasets\dataset_1\train\NORMAL\NORMAL-7233925-0001.jpeg,dataset_1,NORMAL,NORMAL,0,06bd4b6b1356d3f3bc8d4c2d0530e54464f2f242db20629a427749a10de8db87,907bc65eda591915,False
img_000558,e:\Final_Project\Pnuemonia_Detection\data\raw_datasets\dataset_1\test\PNEUMONIA\VIRUS-5508710-0001.jpeg,dataset_1,PNEUMONIA,VIRAL,2,696d75ee63bd6555878793521da91598a4d0efe76f5049d3a54d55df4a96620d,d056e61ae11f3987,False
img_004158,e:\Final_Project\Pnuemonia_Detection\data\raw_datasets\dataset_1\train\PNEUMONIA\BACTERIA-864208-0002.jpeg,dataset_1,PNEUMONIA,BACTERIAL,1,fb053b68d63a9144924cc19e546fe21ff8ca063a2276f6aee90ba791f12b0def,c42ff55f47482ec0,False
img_005167,e:\Final_Project\Pnuemonia_Detection\data\raw_datasets\dataset_1\train\PNEUMONIA\VIRUS-5366209-0005.jpeg,dataset_1,PNEUMONIA,VIRAL,2,91b7611ecff13d2c3232504882fb003eb201543847f7fec493e4f4c9a0b18a69,947aeb3ee01640d7,False
img_000001,e:\Final_Project\Pnuemonia_Detection\data\raw_datasets\dataset_1\test\NORMAL\NORMAL-1049278-0001.jpeg,dataset_1,NORMAL,NORMAL,0,8aa8b87473026fbe1c33d8070d3ccf49bc707915bf5699e9c57d00ec74afc1e3,c43f4b0f4e2c3ce4,False
img_000994,e:\Final_Project\Pnuemonia_Detection\data\raw_datasets\dataset_1\train\NORMAL\NORMAL-3514363-0002.jpeg,dataset_1,NORMAL,NORMAL,0,2941ec70fc3b1f99734c96a726eac3eb6a1e055145558b97caaa698b7564d268,917fc71e8a4b3941,False
img_001661,e:\Final_Project\Pnuemonia_Detection\data\raw_datasets\dataset_1\train\NORMAL\NORMAL-7955464-0002.jpeg,dataset_1,NORMAL,NORMAL,0,81db2f4495cc7b870926f8aa361701aeb4b1cdcc4f9e66c50d338ad68c3a2790,8029c65afa7a39d9,False
img_004606,e:\Final_Project\Pnuemonia_Detection\data\raw_datasets\dataset_1\train\PNEUMONIA\VIRUS-1596026-0002.jpeg,dataset_1,PNEUMONIA,VIRAL,2,a2e5c3539bc44b381cdf01543c52c9e414a453c1c1d7d1d2713771246173c207,946fa61a3d3ca43c,False
img_002273,e:\Final_Project\Pnuemonia_Detection\data\raw_datasets\dataset_1\train\PNEUMONIA\BACTERIA-213622-0002.jpeg,dataset_1,PNEUMONIA,BACTERIAL,1,186a55d1da384eeb20c5910240258eebff3ab01db25289147b1d68e4e7b74501,d42f875b174b0d4c,False
img_002879,e:\Final_Project\Pnuemonia_Detection\data\raw_datasets\dataset_1\train\PNEUMONIA\BACTERIA-4320648-0004.jpeg,dataset_1,PNEUMONIA,BACTERIAL,1,489402887a2e718accf35dfb582286c70d5179fe740f0da8cecde4b5abb6efb1,d978c612479b3b4c,False
img_002671,e:\Final_Project\Pnuemonia_Detection\data\raw_datasets\dataset_1\train\PNEUMONIA\BACTERIA-3558857-0001.jpeg,dataset_1,PNEUMONIA,BACTERIAL,1,ebb4d8d548c0793dc9f93bc902eea84d8bb3ae3e5e5b94ed842a6d38d9dd6115,857ad75ed80a982d,False
img_002386,e:\Final_Project\Pnuemonia_Detection\data\raw_datasets\dataset_1\train\PNEUMONIA\BACTERIA-2520010-0001.jpeg,dataset_1,PNEUMONIA,BACTERIAL,1,890d6c7ac779dd51c77f4cf0c915b8097fc5a4b2c1b824736146083b16018635,d0afab08035f4bd6,False
img_002555,e:\Final_Project\Pnuemonia_Detection\data\raw_datasets\dataset_1\train\PNEUMONIA\BACTERIA-3170240-0001.jpeg,dataset_1,PNEUMONIA,BACTERIAL,1,e06f5a7fd7c518a70bf7100a5bf8770b4081e877e2ae419918ff72e578c653d9,d4afab11555d0d0b,False
img_002077,e:\Final_Project\Pnuemonia_Detection\data\raw_datasets\dataset_1\train\PNEUMONIA\BACTERIA-1369326-0001.jpeg,dataset_1,PNEUMONIA,BACTERIAL,1,c0d72e79e86e493753f199095b1ec32a60debf787eeb03a0e1f1ec679c267f74,9037761cb028b7eb,False
img_005843,e:\Final_Project\Pnuemonia_Detection\data\raw_datasets\dataset_1\train\PNEUMONIA\VIRUS-9887625-0002.jpeg,dataset_1,PNEUMONIA,VIRAL,2,3b4831ef1126ec4d3e032347133e5f809556203f8546e037bd0353d5069a4a57,d4afe70f55491d04,False
img_001670,e:\Final_Project\Pnuemonia_Detection\data\raw_datasets\dataset_1\train\NORMAL\NORMAL-8027466-0001.jpeg,dataset_1,NORMAL,NORMAL,0,c3bd139bdc1fffdf6e88fab73862c8764c3c879cbd51b2b4e0c2d46c404487b7,917d873aa919394d,False
img_003047,e:\Final_Project\Pnuemonia_Detection\data\raw_datasets\dataset_1\train\PNEUMONIA\BACTERIA-4802470-0002.jpeg,dataset_1,PNEUMONIA,BACTERIAL,1,5d3494351576062fd157a416cd451085e9ea529198f676e5d5aae7c0f305aa15,9169e73e43193d46,False
img_003064,e:\Final_Project\Pnuemonia_Detection\data\raw_datasets\dataset_1\train\PNEUMONIA\BACTERIA-4932029-0003.jpeg,dataset_1,PNEUMONIA,BACTERIAL,1,d4fd7ab59ad1975c92e8600aa0aa6b9bb5bff33fa2e06456508b73ca0004db2c,d02ee73eb64b1c82,False
img_000254,e:\Final_Project\Pnuemonia_Detection\data\raw_datasets\dataset_1\test\PNEUMONIA\BACTERIA-1714895-0002.jpeg,dataset_1,PNEUMONIA,BACTERIAL,1,a8634a9ae9aabf8081424e38d0cf0ad48c52d3f37f421201141114fcabf76518,dd7fe21ac21b1849,False
img_002217,e:\Final_Project\Pnuemonia_Detection\data\raw_datasets\dataset_1\train\PNEUMONIA\BACTERIA-1950119-0002.jpeg,dataset_1,PNEUMONIA,BACTERIAL,1,25c43c900b280a9fc9bbce49b95f35220affa83d2ab794d8563d899f68b14d33,956a8e389f1c1b8d,False
img_004172,e:\Final_Project\Pnuemonia_Detection\data\raw_datasets\dataset_1\train\PNEUMONIA\BACTERIA-8660561-0011.jpeg,dataset_1,PNEUMONIA,BACTERIAL,1,fbcb8ed8cd503fd4be9dd773312ba660d3f0f422c82da913c44156e9013b9247,c57ef35fd2491c00,False
img_003667,e:\Final_Project\Pnuemonia_Detection\data\raw_datasets\dataset_1\train\PNEUMONIA\BACTERIA-6906971-0001.jpeg,dataset_1,PNEUMONIA,BACTERIAL,1,c38f8bf49df8e8b3ea3abf6ee29c1b467d88ec0406c74e613baaa542367d62b7,c07e931b956c34ce,False
img_004699,e:\Final_Project\Pnuemonia_Detection\data\raw_datasets\dataset_1\train\PNEUMONIA\VIRUS-2401713-0002.jpeg,dataset_1,PNEUMONIA,VIRAL,2,64d9bcd68b8b3ad66efe0bf214e1dc8218663dac75f503591a538cfe565cba73,953b7850510b3b7b,False
img_000159,e:\Final_Project\Pnuemonia_Detection\data\raw_datasets\dataset_1\test\NORMAL\NORMAL-6503977-0001.jpeg,dataset_1,NORMAL,NORMAL,0,9924479eac5a68fa4fd77fbe26ad419241544ea420fcbb8a7daaab7d88e6ced8,9178ea3a795919d1,False
img_002261,e:\Final_Project\Pnuemonia_Detection\data\raw_datasets\dataset_1\train\PNEUMONIA\BACTERIA-2092977-0004.jpeg,dataset_1,PNEUMONIA,BACTERIAL,1,f6b5f5a5a9be2c4b596af87f23a499fdcb92a63edcc9bd92c01e2e8bea4245e9,c42e3e1b4d4c6cdc,False
img_001509,e:\Final_Project\Pnuemonia_Detection\data\raw_datasets\dataset_1\train\NORMAL\NORMAL-7019096-0001.jpeg,dataset_1,NORMAL,NORMAL,0,09e0d3c8ba3683db1135a3028b2bd4f2a36119fd2396b20341bd60fc83ddf1ed,d43dc71f0c4c6ce4,False
img_005989,e:\Final_Project\Pnuemonia_Detection\data\raw_datasets\dataset_2\test\NORMAL\NORMAL2-IM-0229-0001.jpeg,dataset_2,NORMAL,NORMAL,0,077cfa804985c9032311725b347c44bde958fad7b78832a0fedad7f55c8410c6,d0abc21fe8793869,False
img_002816,e:\Final_Project\Pnuemonia_Detection\data\raw_datasets\dataset_1\train\PNEUMONIA\BACTERIA-4041959-0001.jpeg,dataset_1,PNEUMONIA,BACTERIAL,1,6c25b5e49e3bbbffb16ef981c28c7475013ba8c1c76be69b9b2257a8ed8ac7bf,d5fe0055160b5d57,False
img_002769,e:\Final_Project\Pnuemonia_Detection\data\raw_datasets\dataset_1\train\PNEUMONIA\BACTERIA-387616-0001.jpeg,dataset_1,PNEUMONIA,BACTERIAL,1,4cddfaba03b9c8f07a2d42a5a86539d6baae26920edb073ccbfd1cec70073e7f,d02feb19492dd44e,False
img_001617,e:\Final_Project\Pnuemonia_Detection\data\raw_datasets\dataset_1\train\NORMAL\NORMAL-7575893-0002.jpeg,dataset_1,NORMAL,NORMAL,0,45c7f0f76cfef50416a4ba92d3ebf07331f779e5f5b6574cacef04928c2f33f7,916dc71a8b6b38e4,False
img_004000,e:\Final_Project\Pnuemonia_Detection\data\raw_datasets\dataset_1\train\PNEUMONIA\BACTERIA-8188709-0005.jpeg,dataset_1,PNEUMONIA,BACTERIAL,1,600081c39530d10827cf6c51216e11e061b3d7fff9853eb38ccfb823a3d7a878,902fee3e78781c4c,False
img_004050,e:\Final_Project\Pnuemonia_Detection\data\raw_datasets\dataset_1\train\PNEUMONIA\BACTERIA-8321175-0003.jpeg,dataset_1,PNEUMONIA,BACTERIAL,1,9460ae5c94e3062391fbca7408ee421386e87f0891baba500750a8bc9115fdb4,d029f516d64a1f6a,False
img_003150,e:\Final_Project\Pnuemonia_Detection\data\raw_datasets\dataset_1\train\PNEUMONIA\BACTERIA-5164118-0001.jpeg,dataset_1,PNEUMONIA,BACTERIAL,1,ddd7687a886f4f12c03ca073e6c3c96223b266ec3a8739db3de9634225125d75,912b7e545a6a5e52,False
img_004140,e:\Final_Project\Pnuemonia_Detection\data\raw_datasets\dataset_1\train\PNEUMONIA\BACTERIA-8562352-0002.jpeg,dataset_1,PNEUMONIA,BACTERIAL,1,9e864f9ef07a6de201b5e6ae16ba2d121be569a31993a18bd6d4b69b1a0a59e2,d52a0a4f4f68e8ea,False
img_005137,e:\Final_Project\Pnuemonia_Detection\data\raw_datasets\dataset_1\train\PNEUMONIA\VIRUS-5188473-0002.jpeg,dataset_1,PNEUMONIA,VIRAL,2,a180f41fc7c3050459ed54c690bd1184d013b42ee8c8b2c3817ec34ddb239a49,85e6075b9739691c,False
img_004269,e:\Final_Project\Pnuemonia_Detection\data\raw_datasets\dataset_1\train\PNEUMONIA\BACTERIA-9060664-0001.jpeg,dataset_1,PNEUMONIA,BACTERIAL,1,60cc21cbdc4a4f817a7f1b0a68a6c93757a0d3b765955b5f42eec2d033b10f81,91ead230d179d51e,False
img_003133,e:\Final_Project\Pnuemonia_Detection\data\raw_datasets\dataset_1\train\PNEUMONIA\BACTERIA-5150733-0002.jpeg,dataset_1,PNEUMONIA,BACTERIAL,1,db855a1383cf283b11a27e639a492128349dddb0d1a4eb7e9769a4461ef971a5,993f7818931d958e,False
img_000781,e:\Final_Project\Pnuemonia_Detection\data\raw_datasets\dataset_1\train\NORMAL\NORMAL-2214391-0002.jpeg,dataset_1,NORMAL,NORMAL,0,2068379cb2cd5eca48ea0699c6c5673dcfc6747cc83c7d46b9027fc27727ffbd,806be25a7d793878,False
img_001679,e:\Final_Project\Pnuemonia_Detection\data\raw_datasets\dataset_1\train\NORMAL\NORMAL-8082616-0002.jpeg,dataset_1,NORMAL,NORMAL,0,d280a24d8abb8e5c0bc519518a52999dab9bb13ead73eb93198288287ebf8982,947dc71a998d1ccc,False
img_002599,e:\Final_Project\Pnuemonia_Detection\data\raw_datasets\dataset_1\train\PNEUMONIA\BACTERIA-3315173-0002.jpeg,dataset_1,PNEUMONIA,BACTERIAL,1,b10384c580688f9ce1949df0796b1cba2d743428536f1b9a38e88737a6f98859,c02dc31dbc693dc3,False
img_000705,e:\Final_Project\Pnuemonia_Detection\data\raw_datasets\dataset_1\train\NORMAL\NORMAL-159556-0001.jpeg,dataset_1,NORMAL,NORMAL,0,9e7fd79dbbdc51ea95a02f8766661f164c3590c2f676d2879fa8cad510027006,813dc61abd693d4c,False
img_000506,e:\Final_Project\Pnuemonia_Detection\data\raw_datasets\dataset_1\test\PNEUMONIA\VIRUS-2914571-0001.jpeg,dataset_1,PNEUMONIA,VIRAL,2,5f8abf0ff22a7a8cc92d8fb42bb2c2885fd6aad420765cafa265c0ffa7524162,c0e2a3bba5baa196,False
img_000842,e:\Final_Project\Pnuemonia_Detection\data\raw_datasets\dataset_1\train\NORMAL\NORMAL-2517971-0001.jpeg,dataset_1,NORMAL,NORMAL,0,5f971d4f36f0d5ccb3bb3f4d7374569a99ab8568c3327cfcbcb262244d3bc22d,d121e70bbc6939f0,False
img_004161,e:\Final_Project\Pnuemonia_Detection\data\raw_datasets\dataset_1\train\PNEUMONIA\BACTERIA-8659640-0001.jpeg,dataset_1,PNEUMONIA,BACTERIAL,1,5355b43a23113a73d24db631814e8d1cc69ad7b281e756e2de6886f4d28f3ed0,d42fa7121f1d1d1c,False
img_002023,e:\Final_Project\Pnuemonia_Detection\data\raw_datasets\dataset_1\train\PNEUMONIA\BACTERIA-1086099-0003.jpeg,dataset_1,PNEUMONIA,BACTERIAL,1,f2e88a7ceb4cb70eaf5a8da868002f4f12a3c177779608fadaa3093ef870f184,d06aabbe8339c13c,False
img_002187,e:\Final_Project\Pnuemonia_Detection\data\raw_datasets\dataset_1\train\PNEUMONIA\BACTERIA-1820776-0001.jpeg,dataset_1,PNEUMONIA,BACTERIAL,1,ac1f1e11f90331f40b21a513b2ef95aac8f66da1f8c20a7a29e1ce9267cd29e9,946eeb2ea21a39c3,False
img_004464,e:\Final_Project\Pnuemonia_Detection\data\raw_datasets\dataset_1\train\PNEUMONIA\BACTERIA-9805697-0001.jpeg,dataset_1,PNEUMONIA,BACTERIAL,1,72ca8d7ae5db58dd32aa3451cbc726541e97c502364c1fe953003416671a57a1,903de55eb44b3a4a,False
img_003386,e:\Final_Project\Pnuemonia_Detection\data\raw_datasets\dataset_1\train\PNEUMONIA\BACTERIA-5888883-0002.jpeg,dataset_1,PNEUMONIA,BACTERIAL,1,7c17f4c8ff41f223379000b1b641f56223726864701a7b073c7cabeeb7e1e492,c03f450a5cab4fd6,False
img_004304,e:\Final_Project\Pnuemonia_Detection\data\raw_datasets\dataset_1\train\PNEUMONIA\BACTERIA-9176919-0005.jpeg,dataset_1,PNEUMONIA,BACTERIAL,1,e766ba265f5dabf0588c857d3c8125f0287ee2d7f6d15bab17e0088dc7dc418b,c5f77b3ee028c049,False
img_001332,e:\Final_Project\Pnuemonia_Detection\data\raw_datasets\dataset_1\train\NORMAL\NORMAL-5745959-0001.jpeg,dataset_1,NORMAL,NORMAL,0,9e7c4251d9b300f9256c6fe72ef1c3167beeecca747e6b9c8b80ee3260ea9ac8,c0feef0d2cc02ad9,False
img_000998,e:\Final_Project\Pnuemonia_Detection\data\raw_datasets\dataset_1\train\NORMAL\NORMAL-3518933-0002.jpeg,dataset_1,NORMAL,NORMAL,0,825f1fa878adc5e37fdafa7528160dcd76edd405317b25fecfa703d57c768ce1,916b061a597f79c1,False
img_000305,e:\Final_Project\Pnuemonia_Detection\data\raw_datasets\dataset_1\test\PNEUMONIA\BACTERIA-4006043-0003.jpeg,dataset_1,PNEUMONIA,BACTERIAL,1,74e0e66c1baab2fcb32c11b895533f055fa84e8b43427951ee28e3a559e634a9,812ae31ed25fd455,False
img_002451,e:\Final_Project\Pnuemonia_Detection\data\raw_datasets\dataset_1\train\PNEUMONIA\BACTERIA-2792838-0003.jpeg,dataset_1,PNEUMONIA,BACTERIAL,1,8dd949a9eea341b66205387cb00b9a61671943363a66bbcce42a0ea88e95b103,942f8f0f095f69c1,False
img_001556,e:\Final_Project\Pnuemonia_Detection\data\raw_datasets\dataset_1\train\NORMAL\NORMAL-7223437-0002.jpeg,dataset_1,NORMAL,NORMAL,0,d7e7a15acd935c06610069786a710065a2eb6141d0fe864175c82ed325473340,812feb3acd4949c5,False
img_003455,e:\Final_Project\Pnuemonia_Detection\data\raw_datasets\dataset_1\train\PNEUMONIA\BACTERIA-6162954-0003.jpeg,dataset_1,PNEUMONIA,BACTERIAL,1,31517c259d1e3e8b76814657c4091c55ceecad929d856cae22bb301649b07ded,c03fe51c6ccb6cd0,False
img_005150,e:\Final_Project\Pnuemonia_Detection\data\raw_datasets\dataset_1\train\PNEUMONIA\VIRUS-5256035-0002.jpeg,dataset_1,PNEUMONIA,VIRAL,2,4f46a8202a0209dfa3743fe219dc11909820b1a37b5950dcea87018483beb465,d42de63fe90d2c09,False
img_005013,e:\Final_Project\Pnuemonia_Detection\data\raw_datasets\dataset_1\train\PNEUMONIA\VIRUS-442579-0002.jpeg,dataset_1,PNEUMONIA,VIRAL,2,04d522ac734aecfa2143ab3c186e4be485baab669c25713d3d7a5f184a3c8ca3,902ae35ffe4e0ec0,False
img_001506,e:\Final_Project\Pnuemonia_Detection\data\raw_datasets\dataset_1\train\NORMAL\NORMAL-7001302-0001.jpeg,dataset_1,NORMAL,NORMAL,0,7bfac3bf2f09c1b63deb254bf3f9af7fa0952353d44c5cceac0fe60ec94aacec,812cc31bdc6d39cd,False
img_001115,e:\Final_Project\Pnuemonia_Detection\data\raw_datasets\dataset_1\train\NORMAL\NORMAL-4223385-0001.jpeg,dataset_1,NORMAL,NORMAL,0,768bab389548e252d143686231fe70c629390ee223bc8becedc242068582bb72,9129c71abcc91d9d,False
img_000432,e:\Final_Project\Pnuemonia_Detection\data\raw_datasets\dataset_1\test\PNEUMONIA\BACTERIA-846757-0002.jpeg,dataset_1,PNEUMONIA,BACTERIAL,1,99b676e7e537d92d4141d47f6f6cb67b2eb11bc6261c46f5d26b6576ccd28677,913fe31ea84a3cca,False
img_003883,e:\Final_Project\Pnuemonia_Detection\data\raw_datasets\dataset_1\train\PNEUMONIA\BACTERIA-7796189-0001.jpeg,dataset_1,PNEUMONIA,BACTERIAL,1,80a596b47d5e1fe6acc402b29a26e9da424c6108f6b5189b880dedfabe3dce3b,9066b6799738c536,False
img_001482,e:\Final_Project\Pnuemonia_Detection\data\raw_datasets\dataset_1\train\NORMAL\NORMAL-6915237-0001.jpeg,dataset_1,NORMAL,NORMAL,0,13d56f6b9d7f02f55923c1587352ac356819bd1fa9324d068fef98066873caa9,916f861acd1d49c7,False
img_005685,e:\Final_Project\Pnuemonia_Detection\data\raw_datasets\dataset_1\train\PNEUMONIA\VIRUS-8720773-0002.jpeg,dataset_1,PNEUMONIA,VIRAL,2,3604aba8dae1f021bb620cbcf3942dd768a88cd54087b8666f005cc609d7309d,d1b5c21be96c3cc4,False
img_000333,e:\Final_Project\Pnuemonia_Detection\data\raw_datasets\dataset_1\test\PNEUMONIA\BACTERIA-4345731-0001.jpeg,dataset_1,PNEUMONIA,BACTERIAL,1,1e4bf30a6971d6d11a6e8beb9a706b9896ee03ccbec3f734d85ea6f7361e0f7b,952bee5cc21e7845,False
img_003690,e:\Final_Project\Pnuemonia_Detection\data\raw_datasets\dataset_1\train\PNEUMONIA\BACTERIA-7051506-0001.jpeg,dataset_1,PNEUMONIA,BACTERIAL,1,70cc298438f76579dba0601350c0c12888207249aa551789435952d5cc78158a,c03b6619362db32f,False
img_001500,e:\Final_Project\Pnuemonia_Detection\data\raw_datasets\dataset_1\train\NORMAL\NORMAL-6973172-0001.jpeg,dataset_1,NORMAL,NORMAL,0,523b8e32a520569147323c4950b4605f7e45f7423fa6d8306d544a9018f8d1a8,912feb3b4b4d1c44,False
img_004645,e:\Final_Project\Pnuemonia_Detection\data\raw_datasets\dataset_1\train\PNEUMONIA\VIRUS-1851402-0002.jpeg,dataset_1,PNEUMONIA,VIRAL,2,7d7918a7b86be83c799a9dfc1f0582394d4071ba3d4808004e1eb711ed76ef3a,d4fce71bc71a9202,False
img_002764,e:\Final_Project\Pnuemonia_Detection\data\raw_datasets\dataset_1\train\PNEUMONIA\BACTERIA-3873501-0001.jpeg,dataset_1,PNEUMONIA,BACTERIAL,1,59b89a9a59b2ee426731606f1a1be322a1e834084a74437527c700638afcdd4e,906de33ec73a3c60,False
img_002541,e:\Final_Project\Pnuemonia_Detection\data\raw_datasets\dataset_1\train\PNEUMONIA\BACTERIA-3099650-0003.jpeg,dataset_1,PNEUMONIA,BACTERIAL,1,90fd3be2579bf1f9a4598d6dc8856a602e9f68e851c4f276389ae74f26b469c3,9055c716fa967a91,False
img_002245,e:\Final_Project\Pnuemonia_Detection\data\raw_datasets\dataset_1\train\PNEUMONIA\BACTERIA-2024553-0001.jpeg,dataset_1,PNEUMONIA,BACTERIAL,1,ef11bb19f6e60b7cdb55741cf892af35da069edae7bd32a8278735c25045e021,d428e32ebac32fb0,False
img_004426,e:\Final_Project\Pnuemonia_Detection\data\raw_datasets\dataset_1\train\PNEUMONIA\BACTERIA-958423-0001.jpeg,dataset_1,PNEUMONIA,BACTERIAL,1,7aae6a686ce6ac77e078c8c74d0af56d69629022e67ad0fd835f9c0244e8379b,d094e2839fb5c34d,False
img_005839,e:\Final_Project\Pnuemonia_Detection\data\raw_datasets\dataset_1\train\PNEUMONIA\VIRUS-9844887-0001.jpeg,dataset_1,PNEUMONIA,VIRAL,2,ca98e1ad995096862eb4c45ea77899d6b5b422dc64ae896dd1c56a32c1724d7e,d07ac33fc52db442,False
img_003292,e:\Final_Project\Pnuemonia_Detection\data\raw_datasets\dataset_1\train\PNEUMONIA\BACTERIA-5575894-0001.jpeg,dataset_1,PNEUMONIA,BACTERIAL,1,6e6e4ea46fb9ea092560e42630e784a309c2419469edabbe3a68e310477f97a6,9c08e3ea3ef8683c,False
img_001557,e:\Final_Project\Pnuemonia_Detection\data\raw_datasets\dataset_1\train\NORMAL\NORMAL-7228934-0001.jpeg,dataset_1,NORMAL,NORMAL,0,2ca3896fe4ebc8e16db92376c1231f66df7b352b711878fe0623621af46843dd,913dc63ad84939d9,False
img_005351,e:\Final_Project\Pnuemonia_Detection\data\raw_datasets\dataset_1\train\PNEUMONIA\VIRUS-6500745-0008.jpeg,dataset_1,PNEUMONIA,VIRAL,2,e1eda174649a52072a9e5f4e66af2a975221b268c82c9382b0bf35c6340ee941,d02fef3f4c1c0c45,False
img_001264,e:\Final_Project\Pnuemonia_Detection\data\raw_datasets\dataset_1\train\NORMAL\NORMAL-5398062-0001.jpeg,dataset_1,NORMAL,NORMAL,0,c60226f3b120cc1a2b0c8ff63e5e0d472b71df0f8fca9986db46481b5cb56dd4,91f4ee1ae99d2909,False
img_004786,e:\Final_Project\Pnuemonia_Detection\data\raw_datasets\dataset_1\train\PNEUMONIA\VIRUS-2889187-0001.jpeg,dataset_1,PNEUMONIA,VIRAL,2,d495f540a5238db9ac5f1e25f0f5ac3f4f7138db8cd7a0b2d73b925c0e5bf86f,d0b9e61b524f4d92,False
img_004878,e:\Final_Project\Pnuemonia_Detection\data\raw_datasets\dataset_1\train\PNEUMONIA\VIRUS-3590786-0005.jpeg,dataset_1,PNEUMONIA,VIRAL,2,a7d56207ecb969747b6241d4650898aa4643f20e8da453bf30b2416df50c6ce2,8837e218c33bb537,False
img_002503,e:\Final_Project\Pnuemonia_Detection\data\raw_datasets\dataset_1\train\PNEUMONIA\BACTERIA-2977655-0001.jpeg,dataset_1,PNEUMONIA,BACTERIAL,1,66e6349d41744c60ff996150d82987df2e91ddf23c74c454e95b929eb849e588,c03fe31b4d472b49,False
img_002391,e:\Final_Project\Pnuemonia_Detection\data\raw_datasets\dataset_1\train\PNEUMONIA\BACTERIA-254226-0001.jpeg,dataset_1,PNEUMONIA,BACTERIAL,1,ee1c8f4efd87327e0792d7353868ad1808b0ddd3938e92e3e2a4cac95e3f577a,dc7f6a1a531d104d,False
img_002311,e:\Final_Project\Pnuemonia_Detection\data\raw_datasets\dataset_1\train\PNEUMONIA\BACTERIA-2214041-0003.jpeg,dataset_1,PNEUMONIA,BACTERIAL,1,7bba922af89115074171e8167646d8dc72b4ddfbc10552ca2764047688ae0cda,d46fa31dc52d941a,False
img_005497,e:\Final_Project\Pnuemonia_Detection\data\raw_datasets\dataset_1\train\PNEUMONIA\VIRUS-752117-0002.jpeg,dataset_1,PNEUMONIA,VIRAL,2,67f4a9a4980733982fd0f63d898859beb1ef833828507cd13fc4d13b189c1134,9475e13ee64b98c2,False
img_005587,e:\Final_Project\Pnuemonia_Detection\data\raw_datasets\dataset_1\train\PNEUMONIA\VIRUS-8143049-0002.jpeg,dataset_1,PNEUMONIA,VIRAL,2,2ecdac67cd2e95d61eea042fccca23d685d1403fddde0715ae9a7ebfe42bff8a,d46fa33b831b8a49,False
img_005080,e:\Final_Project\Pnuemonia_Detection\data\raw_datasets\dataset_1\train\PNEUMONIA\VIRUS-4805974-0003.jpeg,dataset_1,PNEUMONIA,VIRAL,2,bba4f50aa789a1671299066ec293a6c36a00fd434fddaf4c737fc0306a587a3c,8568e7b65a181d3d,False
img_004351,e:\Final_Project\Pnuemonia_Detection\data\raw_datasets\dataset_1\train\PNEUMONIA\BACTERIA-9363974-0001.jpeg,dataset_1,PNEUMONIA,BACTERIAL,1,4504267bf2c66960dc867496e249e69838af9687512db58fcfd350ada6824563,952be31ec65a3cc2,False
img_002404,e:\Final_Project\Pnuemonia_Detection\data\raw_datasets\dataset_1\train\PNEUMONIA\BACTERIA-2592841-0001.jpeg,dataset_1,PNEUMONIA,BACTERIAL,1,5db4694c5b0ab9e3eb80ca6d9a976f4afa83247207a71de74d08d6f73806cc49,d46e871e194f7868,False
img_001371,e:\Final_Project\Pnuemonia_Detection\data\raw_datasets\dataset_1\train\NORMAL\NORMAL-6062926-0002.jpeg,dataset_1,NORMAL,NORMAL,0,bfe94e0abcf2791bdf1579cc0852425fd18dec29884e11f096d8502874ac1928,91ab861abd49b5c6,False
img_002412,e:\Final_Project\Pnuemonia_Detection\data\raw_datasets\dataset_1\train\PNEUMONIA\BACTERIA-2609929-0002.jpeg,dataset_1,PNEUMONIA,BACTERIAL,1,74b42d5c965a9f55e40de39fffe67c5dc4d0ba9bfd460615a33e4cfaa2b73ab1,812bf400bd8f2f3b,False
img_003933,e:\Final_Project\Pnuemonia_Detection\data\raw_datasets\dataset_1\train\PNEUMONIA\BACTERIA-7963511-0002.jpeg,dataset_1,PNEUMONIA,BACTERIAL,1,7aa24e374537cb90f2b97e617f751275df198410b3c02ba54c71a61b6d9a7597,902fef3ec20d94c3,False
img_001868,e:\Final_Project\Pnuemonia_Detection\data\raw_datasets\dataset_1\train\NORMAL\NORMAL-9322605-0001.jpeg,dataset_1,NORMAL,NORMAL,0,4a9296a78395959ca77ba52a4528173d026f5bdd742b8efff427f40882dadd74,d03dc71939cc39a6,False
img_000442,e:\Final_Project\Pnuemonia_Detection\data\raw_datasets\dataset_1\test\PNEUMONIA\BACTERIA-8983865-0005.jpeg,dataset_1,PNEUMONIA,BACTERIAL,1,38c5ae677385d4534f9f9dddcf6d4777aa992e9fec87b56cb2d068375c0a7218,d06faf3a8f0b0907,False
img_001365,e:\Final_Project\Pnuemonia_Detection\data\raw_datasets\dataset_1\train\NORMAL\NORMAL-6015860-0001.jpeg,dataset_1,NORMAL,NORMAL,0,0c7d2cabde7310daadc18cf0a46b3f5f534a4ad6a5b6aab31edb4e975d5fe565,917c877a8d2d48cd,False
img_000894,e:\Final_Project\Pnuemonia_Detection\data\raw_datasets\dataset_1\train\NORMAL\NORMAL-2801235-0001.jpeg,dataset_1,NORMAL,NORMAL,0,ce4ba39a4a3c4106ec973cb2fe29caf835db5f6901a4f1bede0df991ac5709b4,d46fa70d25246ce6,False
img_005520,e:\Final_Project\Pnuemonia_Detection\data\raw_datasets\dataset_1\train\PNEUMONIA\VIRUS-772356-0003.jpeg,dataset_1,PNEUMONIA,VIRAL,2,6c8f058fd48ac33cec9b6c7482788f8c0ea2ede5968f40e545f700d5a25125b5,946ce33ae56d3c05,False
img_000521,e:\Final_Project\Pnuemonia_Detection\data\raw_datasets\dataset_1\test\PNEUMONIA\VIRUS-3698459-0001.jpeg,dataset_1,PNEUMONIA,VIRAL,2,130d172ed7797c9cec4b5a7901ba39727797070f1ff01cf15260aa9176e485a4,d420c30ff64bbdc2,False
img_002373,e:\Final_Project\Pnuemonia_Detection\data\raw_datasets\dataset_1\train\PNEUMONIA\BACTERIA-2474652-0007.jpeg,dataset_1,PNEUMONIA,BACTERIAL,1,a74a15d8a419b5a05ea30ccc7cc6c4dfc3e1963d8f3a5dfbc89d92c5da25c794,886d473ec21ef09e,False
img_002457,e:\Final_Project\Pnuemonia_Detection\data\raw_datasets\dataset_1\train\PNEUMONIA\BACTERIA-2793790-0003.jpeg,dataset_1,PNEUMONIA,BACTERIAL,1,d0d59b2fdb92cdc37882a6a48f816d8bde1acae06ac2761aeee1b72857b98fd1,953bc21cd64f1e4a,False
img_002039,e:\Final_Project\Pnuemonia_Detection\data\raw_datasets\dataset_1\train\PNEUMONIA\BACTERIA-1170996-0002.jpeg,dataset_1,PNEUMONIA,BACTERIAL,1,52ef7590229a9400848a03fdbd44bf54b9231115efb4e0175748a62a8f33c0d4,c130c71ee4cf39c6,False
img_001798,e:\Final_Project\Pnuemonia_Detection\data\raw_datasets\dataset_1\train\NORMAL\NORMAL-8921681-0002.jpeg,dataset_1,NORMAL,NORMAL,0,6f81a252d8b5b11d6ed37ba1c9d62be6eb869fb8cf50ef3aaa3dd4e8df9bfdd2,91ecc61ac94d3cd6,False
img_004667,e:\Final_Project\Pnuemonia_Detection\data\raw_datasets\dataset_1\train\PNEUMONIA\VIRUS-2071046-0002.jpeg,dataset_1,PNEUMONIA,VIRAL,2,ded5a8db5a5614b58f4b72924675bf4a7196a1747f5c7f93264c3e905aa39888,d47fa75f8d1d0804,False
img_004390,e:\Final_Project\Pnuemonia_Detection\data\raw_datasets\dataset_1\train\PNEUMONIA\BACTERIA-9514863-0003.jpeg,dataset_1,PNEUMONIA,BACTERIAL,1,14d08c8ee9319e13164974b61f2452dbe8af70e156939e5ab444515ab151adbb,8039f3ff16c26e18,False
img_000073,e:\Final_Project\Pnuemonia_Detection\data\raw_datasets\dataset_1\test\NORMAL\NORMAL-3564811-0001.jpeg,dataset_1,NORMAL,NORMAL,0,67fee093d5f767d75dcb185afeb9f0e65fe40df0c8ed86b3a5295a8006aa9f8e,d474c75a874f3807,False
img_000698,e:\Final_Project\Pnuemonia_Detection\data\raw_datasets\dataset_1\train\NORMAL\NORMAL-1558430-0001.jpeg,dataset_1,NORMAL,NORMAL,0,33ea3f8c06b3e21371eb2c7e2943509fffbe24694619fc98b0faba887813162f,907ac67ab8653db0,False
img_003344,e:\Final_Project\Pnuemonia_Detection\data\raw_datasets\dataset_1\train\PNEUMONIA\BACTERIA-5724853-0001.jpeg,dataset_1,PNEUMONIA,BACTERIAL,1,0ce899d88d96214cf3aaf1e92357487df2e00f8fc7743230bcf8c43afbee86ba,906a4f5e4c595d4d,False
img_005669,e:\Final_Project\Pnuemonia_Detection\data\raw_datasets\dataset_1\train\PNEUMONIA\VIRUS-8659640-0003.jpeg,dataset_1,PNEUMONIA,VIRAL,2,870ee35d73e95a1af95e27a5b4f875a5ca03b76b0179a635b285f26eca55df84,d47d875a9b4b3a10,False
img_004179,e:\Final_Project\Pnuemonia_Detection\data\raw_datasets\dataset_1\train\PNEUMONIA\BACTERIA-86966-0002.jpeg,dataset_1,PNEUMONIA,BACTERIAL,1,c6d7da92b85955e5a2d79c4edb1eca77d44ffd8852443bf55a734d653fe6899e,c072c779b46e3447,False
img_001453,e:\Final_Project\Pnuemonia_Detection\data\raw_datasets\dataset_1\train\NORMAL\NORMAL-6702380-0001.jpeg,dataset_1,NORMAL,NORMAL,0,1375e253fa378b35cf91359cf9ead83a34b684b01381c29c93e35a6ca36ceeb1,917ce638396d383c,False
img_002640,e:\Final_Project\Pnuemonia_Detection\data\raw_datasets\dataset_1\train\PNEUMONIA\BACTERIA-3408906-0006.jpeg,dataset_1,PNEUMONIA,BACTERIAL,1,1054cb6b50049ca4bf7bdaec65146648ae089e0f5a9ed020e8a1ce807dbf4a21,d420e31f974b3d4a,False
img_003631,e:\Final_Project\Pnuemonia_Detection\data\raw_datasets\dataset_1\train\PNEUMONIA\BACTERIA-6760822-0001.jpeg,dataset_1,PNEUMONIA,BACTERIAL,1,1b18361634ae9110d53da7a61c6b0a06236abe5b7bcb794d34fa07364a363784,917b4e1e1a5b191d,False
img_004056,e:\Final_Project\Pnuemonia_Detection\data\raw_datasets\dataset_1\train\PNEUMONIA\BACTERIA-8324394-0004.jpeg,dataset_1,PNEUMONIA,BACTERIAL,1,f7b0e85f9b35c2a4e45055bd5a2a76d45a79d2eefc6695093d7dcec55967a6ec,956fef18915a988a,False
img_002422,e:\Final_Project\Pnuemonia_Detection\data\raw_datasets\dataset_1\train\PNEUMONIA\BACTERIA-2654136-0001.jpeg,dataset_1,PNEUMONIA,BACTERIAL,1,b32e52f34ef5e169607d6c99732c56f8b8d07e80337b517a44c8fe16d2e8eb07,90b1679ec61e9d46,False
img_000725,e:\Final_Project\Pnuemonia_Detection\data\raw_datasets\dataset_1\train\NORMAL\NORMAL-179015-0001.jpeg,dataset_1,NORMAL,NORMAL,0,7526bd98f2aa20617c87de4870b68953a45795c6550b167b6254411aa351ee4c,913bcf1a9a491d4d,False
img_003118,e:\Final_Project\Pnuemonia_Detection\data\raw_datasets\dataset_1\train\PNEUMONIA\BACTERIA-5121478-0002.jpeg,dataset_1,PNEUMONIA,BACTERIAL,1,c41487f27cf996597fad0ab6587ef4037ca6abfd09abc2d941c9b51d4899e14f,d02aab0b9c531fd5,False
img_001791,e:\Final_Project\Pnuemonia_Detection\data\raw_datasets\dataset_1\train\NORMAL\NORMAL-8833570-0001.jpeg,dataset_1,NORMAL,NORMAL,0,f386a1efb35336ed1c1544519c0e1b69217210c9f292f7b3af992630f3f94c76,902dc65e9eca1d59,False
img_004860,e:\Final_Project\Pnuemonia_Detection\data\raw_datasets\dataset_1\train\PNEUMONIA\VIRUS-3510096-0002.jpeg,dataset_1,PNEUMONIA,VIRAL,2,625c993c8afac3ba237ff7d9a15e8a9d310472d9aa799cc7d6ca3c35bf68ab61,9d6a87384d9538ad,False
img_000855,e:\Final_Project\Pnuemonia_Detection\data\raw_datasets\dataset_1\train\NORMAL\NORMAL-2552119-0002.jpeg,dataset_1,NORMAL,NORMAL,0,fea79205dc0beb421c7862e9292dea2efa85f7464214d7610de7c276055e269a,91eec71acd0d49c5,False
img_003167,e:\Final_Project\Pnuemonia_Detection\data\raw_datasets\dataset_1\train\PNEUMONIA\BACTERIA-5207669-0001.jpeg,dataset_1,PNEUMONIA,BACTERIAL,1,32e3c3cdeb0f8cb163ee955ad34aba33763af1d40983dcd8c8e3a6bf8fc6fd26,903eca1e031ff647,False
img_005294,e:\Final_Project\Pnuemonia_Detection\data\raw_datasets\dataset_1\train\PNEUMONIA\VIRUS-6169255-0001.jpeg,dataset_1,PNEUMONIA,VIRAL,2,88a3fd231fdda81b33bc764ff755365d346dc937e601ca7e499aea3d02bc59ed,d035c20f9acf3dc2,False
img_003466,e:\Final_Project\Pnuemonia_Detection\data\raw_datasets\dataset_1\train\PNEUMONIA\BACTERIA-6222402-0001.jpeg,dataset_1,PNEUMONIA,BACTERIAL,1,746f98f42ee2ec85251a0a4f7eeb6306b69fe9a88d8d35d2e284a00ade5bf6c2,917ada58563ac13d,False
img_005449,e:\Final_Project\Pnuemonia_Detection\data\raw_datasets\dataset_1\train\PNEUMONIA\VIRUS-7193745-0002.jpeg,dataset_1,PNEUMONIA,VIRAL,2,0f8b3d79ef5a98b5b4d905cd0a24f988a29b65b61184eeeb70b1000b6e999344,9137c63b94cf38c2,False
img_003659,e:\Final_Project\Pnuemonia_Detection\data\raw_datasets\dataset_1\train\PNEUMONIA\BACTERIA-6871671-0001.jpeg,dataset_1,PNEUMONIA,BACTERIAL,1,c64579189465e1b1fb29b9847aa90ccc360da91b13a5887ec8e41f2d5446e728,d420c30fed6cbc69,False
img_004835,e:\Final_Project\Pnuemonia_Detection\data\raw_datasets\dataset_1\train\PNEUMONIA\VIRUS-3251555-0003.jpeg,dataset_1,PNEUMONIA,VIRAL,2,5ac422ce740173cd20172ed5d981a0ecaa91fa1ddbecf0ce7fc6ecddc744adbe,9420c31fee1eb60f,False
img_002376,e:\Final_Project\Pnuemonia_Detection\data\raw_datasets\dataset_1\train\PNEUMONIA\BACTERIA-2480878-0001.jpeg,dataset_1,PNEUMONIA,BACTERIAL,1,14f128dffbf46bb63dc85ea8afc2c116e1f4b19e419d71b6e2b8732c7279c16f,8743e639ed476816,False
img_005638,e:\Final_Project\Pnuemonia_Detection\data\raw_datasets\dataset_1\train\PNEUMONIA\VIRUS-8478954-0002.jpeg,dataset_1,PNEUMONIA,VIRAL,2,31ea85c835b71f236f3e6d1e03f77068cc667fce9cf1f3584bce0cf41e4a9e7a,dc6e871b913b3845,False
img_001770,e:\Final_Project\Pnuemonia_Detection\data\raw_datasets\dataset_1\train\NORMAL\NORMAL-8658747-0001.jpeg,dataset_1,NORMAL,NORMAL,0,f8f4c7a2602bedcabeb76dd6ad2b44cb28035c39018b2711923ee0bba776b8f4,9174c63bad3d388c,False
img_002570,e:\Final_Project\Pnuemonia_Detection\data\raw_datasets\dataset_1\train\PNEUMONIA\BACTERIA-324273-0004.jpeg,dataset_1,PNEUMONIA,BACTERIAL,1,ac45ceaaba7c957ddcd66f33209a5b9ba84a75f12a8d6a5e25822f1a39cb1f25,d57f7e1a1219c158,False
img_001254,e:\Final_Project\Pnuemonia_Detection\data\raw_datasets\dataset_1\train\NORMAL\NORMAL-5355820-0001.jpeg,dataset_1,NORMAL,NORMAL,0,a3c4043119d35bc1792d650a380f6148a5392d599c84cdef822a9e4ad6d7b03c,9caf871e0b1d4c4d,False
img_000225,e:\Final_Project\Pnuemonia_Detection\data\raw_datasets\dataset_1\test\NORMAL\NORMAL-9260113-0001.jpeg,dataset_1,NORMAL,NORMAL,0,213acd2b0ab026a8c916856db518c493cdf8210beb98978f3bdeffe37526c692,d17c4e194d4d78c6,False
img_000194,e:\Final_Project\Pnuemonia_Detection\data\raw_datasets\dataset_1\test\NORMAL\NORMAL-7922918-0001.jpeg,dataset_1,NORMAL,NORMAL,0,121df6797e19f017e8153c26fec4ae4f286eb130b35b74fead3bcf8638a00f3f,947f871e4b0568c7,False
img_002212,e:\Final_Project\Pnuemonia_Detection\data\raw_datasets\dataset_1\train\PNEUMONIA\BACTERIA-1914722-0001.jpeg,dataset_1,PNEUMONIA,BACTERIAL,1,4cea8eeabcf66f1401b0a97ec73175541bc597fc021354390f2e7acb1920e779,d06bff7cc068181e,False
img_001086,e:\Final_Project\Pnuemonia_Detection\data\raw_datasets\dataset_1\train\NORMAL\NORMAL-4027257-0001.jpeg,dataset_1,NORMAL,NORMAL,0,0bf99ea604c71979b499d7116410b3671a317c58486d92727ae5098931057380,992bd25edc591949,False
img_002742,e:\Final_Project\Pnuemonia_Detection\data\raw_datasets\dataset_1\train\PNEUMONIA\BACTERIA-3745681-0001.jpeg,dataset_1,PNEUMONIA,BACTERIAL,1,f499e17defebc76b1ea749c8053e6c28dcd1637e40668c66900db3c979fed487,d13be68a38536d38,False
img_001414,e:\Final_Project\Pnuemonia_Detection\data\raw_datasets\dataset_1\train\NORMAL\NORMAL-6369415-0001.jpeg,dataset_1,NORMAL,NORMAL,0,1fbe241f68abbf62cda84aff6b825dc7a4bb6319ed8e3437ee0aae07c5b0a8b5,d57f871b898d68a0,False
img_000252,e:\Final_Project\Pnuemonia_Detection\data\raw_datasets\dataset_1\test\PNEUMONIA\BACTERIA-1602272-0004.jpeg,dataset_1,PNEUMONIA,BACTERIAL,1,c8e2d6cafb30abdc8d8d96403ab24651941dc17e413e35754b5e628b2e105592,9072e73ea71aa196,False
img_003527,e:\Final_Project\Pnuemonia_Detection\data\raw_datasets\dataset_1\train\PNEUMONIA\BACTERIA-6420973-0005.jpeg,dataset_1,PNEUMONIA,BACTERIAL,1,4d9f500ccfdde23bd7deb003994aeaf41537834458287bea61e9e80e78e8b091,c56cb61a1b961e3c,False
img_000496,e:\Final_Project\Pnuemonia_Detection\data\raw_datasets\dataset_1\test\PNEUMONIA\VIRUS-2061674-0001.jpeg,dataset_1,PNEUMONIA,VIRAL,2,98269f75432bf72d2b4673bdae147a6ab658d0002f1bc5dc157c8a2d5686f368,d57dc71ae30bb00a,False
img_003553,e:\Final_Project\Pnuemonia_Detection\data\raw_datasets\dataset_1\train\PNEUMONIA\BACTERIA-6510775-0001.jpeg,dataset_1,PNEUMONIA,BACTERIAL,1,b9ba41b2db5ac033ef67391557643d234b3f9ac816bcbb61304e094cc33775b1,957dee3e1c024a1d,False
img_004512,e:\Final_Project\Pnuemonia_Detection\data\raw_datasets\dataset_1\train\PNEUMONIA\VIRUS-1025587-0002.jpeg,dataset_1,PNEUMONIA,VIRAL,2,51546f6bb3945c958d7413d032b3c020a1bc0076608bb81ac9ffd246e80b7a1a,c13fc219b8693cda,False
img_000118,e:\Final_Project\Pnuemonia_Detection\data\raw_datasets\dataset_1\test\NORMAL\NORMAL-5425295-0001.jpeg,dataset_1,NORMAL,NORMAL,0,037c3a165764a911c861885d7fea216b12da32e81d658f9851adac5b1eb42c28,91ec465a4e4e3acb,False
img_001492,e:\Final_Project\Pnuemonia_Detection\data\raw_datasets\dataset_1\train\NORMAL\NORMAL-6954688-0002.jpeg,dataset_1,NORMAL,NORMAL,0,69a061ab64cbaf86044bbbb99a9e18efe5ed883f2d51d9f844bec75fb5b51e9d,816ec75acdc969c1,False
img_005038,e:\Final_Project\Pnuemonia_Detection\data\raw_datasets\dataset_1\train\PNEUMONIA\VIRUS-4615614-0011.jpeg,dataset_1,PNEUMONIA,VIRAL,2,4147f1bac7ab2d6d697e41f902847dea8f92361591531283088ccc3291e739ea,d434c31bfdcc3894,False
img_001251,e:\Final_Project\Pnuemonia_Detection\data\raw_datasets\dataset_1\train\NORMAL\NORMAL-5315468-0001.jpeg,dataset_1,NORMAL,NORMAL,0,0e98bfd6c42f089515196fdbc84dae3aa7aa09875c3a6a245482616f21b5543d,d0b2e73bac2c38e4,False
img_000440,e:\Final_Project\Pnuemonia_Detection\data\raw_datasets\dataset_1\test\PNEUMONIA\BACTERIA-8983865-0003.jpeg,dataset_1,PNEUMONIA,BACTERIAL,1,f4c1d89032ab6a48a230c68804ee1c2f6af5b39bb71f6c0702961d3d2d631ab8,917b671e460a394f,False
img_001625,e:\Final_Project\Pnuemonia_Detection\data\raw_datasets\dataset_1\train\NORMAL\NORMAL-766362-0001.jpeg,dataset_1,NORMAL,NORMAL,0,9501fb82af71b3b86831bf801bb35cc5e194acfe55983e48ab94fecee0ef297a,807fce7a5949588d,False
img_002228,e:\Final_Project\Pnuemonia_Detection\data\raw_datasets\dataset_1\train\PNEUMONIA\BACTERIA-198200-0007.jpeg,dataset_1,PNEUMONIA,BACTERIAL,1,a16d563b1320451e0e1ef00a4df03cbb964c209c7f3c502a5a17a9769a31e7f9,c03d4a1a7d691ecd,False
img_001867,e:\Final_Project\Pnuemonia_Detection\data\raw_datasets\dataset_1\train\NORMAL\NORMAL-930887-0001.jpeg,dataset_1,NORMAL,NORMAL,0,1e2228ca074c5a56f387f21ba7151f1158fb76d9bd4d749dcf1985e8920f7c9a,d039c35adf4b1d48,False
img_001850,e:\Final_Project\Pnuemonia_Detection\data\raw_datasets\dataset_1\train\NORMAL\NORMAL-9175762-0002.jpeg,dataset_1,NORMAL,NORMAL,0,056e4e43133b66c74bfa438d4bbf203d0ef3a8f3f5996b92d446a72749ee632d,d129c67ada4a5978,False
img_000839,e:\Final_Project\Pnuemonia_Detection\data\raw_datasets\dataset_1\train\NORMAL\NORMAL-2491954-0001.jpeg,dataset_1,NORMAL,NORMAL,0,e9c95355730c6a2bfb9de9f9f73592036e7b12065f3272d6de23c42c020b2c1d,d03ce71bad4d3c48,False
img_005142,e:\Final_Project\Pnuemonia_Detection\data\raw_datasets\dataset_1\train\PNEUMONIA\VIRUS-5212709-0001.jpeg,dataset_1,PNEUMONIA,VIRAL,2,af675fc3dd9780038510dbd443444d0b85d1d309f10e864f162870cbdef0f242,90ef871a871ac15f,False
img_000380,e:\Final_Project\Pnuemonia_Detection\data\raw_datasets\dataset_1\test\PNEUMONIA\BACTERIA-6523466-0001.jpeg,dataset_1,PNEUMONIA,BACTERIAL,1,f28083a41a782d48ae738c4c6b7112b03a88db828ed9df938cf9399728492b80,d03ae31f966d1478,False
img_003070,e:\Final_Project\Pnuemonia_Detection\data\raw_datasets\dataset_1\train\PNEUMONIA\BACTERIA-4956379-0002.jpeg,dataset_1,PNEUMONIA,BACTERIAL,1,7143a9b231e78fac8acfe9bf285cac22623fff245a093fc875d663f91db832fc,df6de71ac10fc00a,False
img_001917,e:\Final_Project\Pnuemonia_Detection\data\raw_datasets\dataset_1\train\NORMAL\NORMAL-9667042-0002.jpeg,dataset_1,NORMAL,NORMAL,0,a96514687eaffa75f7d3cddbf95b97d060fb0d4dceb90fe88dda9f45de4132cc,d07c279b2b857ac4,False
img_001552,e:\Final_Project\Pnuemonia_Detection\data\raw_datasets\dataset_1\train\NORMAL\NORMAL-7200590-0001.jpeg,dataset_1,NORMAL,NORMAL,0,74cf105cde7ca7e35d6585d243b8d72039cd7c2dc1eb8de457fa17e8c366c528,982dc71ac76a3c65,False
img_005134,e:\Final_Project\Pnuemonia_Detection\data\raw_datasets\dataset_1\train\PNEUMONIA\VIRUS-5176243-0002.jpeg,dataset_1,PNEUMONIA,VIRAL,2,6cbe1ef57229c44089dee3996f9bbc013ae52f2190f33301989a057ecaaeeec8,d036c30f9eed3cc0,False
img_000409,e:\Final_Project\Pnuemonia_Detection\data\raw_datasets\dataset_1\test\PNEUMONIA\BACTERIA-7720431-0002.jpeg,dataset_1,PNEUMONIA,BACTERIAL,1,a6d44c5ea53636e638a9f02d5f41cc07e22aeea2cd0c47d6b17de46c1efcb5fc,902de73e1acb0b3a,False
img_000058,e:\Final_Project\Pnuemonia_Detection\data\raw_datasets\dataset_1\test\NORMAL\NORMAL-3267425-0001.jpeg,dataset_1,NORMAL,NORMAL,0,5b54ec4420fd3047aa6641c9f4905aafbfe99924adb7afdf3fb017568e37a38b,99ee861bc71b054e,False
img_000069,e:\Final_Project\Pnuemonia_Detection\data\raw_datasets\dataset_1\test\NORMAL\NORMAL-3464500-0003.jpeg,dataset_1,NORMAL,NORMAL,0,48c3795cc55eda6d08c4ae43a1bbf11b6990cc65584b5fd78cf7f8aaec6a9526,c93bc712924f1e4d,False
img_001025,e:\Final_Project\Pnuemonia_Detection\data\raw_datasets\dataset_1\train\NORMAL\NORMAL-3758513-0002.jpeg,dataset_1,NORMAL,NORMAL,0,bc5863fc3b6f8ddbbbcf6bc26e6c4aeef213203a60ecf852840f706effb14f13,d02fc71a99493cc7,False
img_000848,e:\Final_Project\Pnuemonia_Detection\data\raw_datasets\dataset_1\train\NORMAL\NORMAL-2537399-0002.jpeg,dataset_1,NORMAL,NORMAL,0,7e03c65b6e6a91fec6699bb02a2c155774ce353f21adf4ec1e720ae8a0dbcfef,912fc71add4919c5,False
img_004974,e:\Final_Project\Pnuemonia_Detection\data\raw_datasets\dataset_1\train\PNEUMONIA\VIRUS-4163667-0002.jpeg,dataset_1,PNEUMONIA,VIRAL,2,496f38c98dae8abac7b5f69c38f817f359713cc00f0fd05fc8164c4b6da48193,95fa8203575d154f,False
img_004806,e:\Final_Project\Pnuemonia_Detection\data\raw_datasets\dataset_1\train\PNEUMONIA\VIRUS-3030593-0004.jpeg,dataset_1,PNEUMONIA,VIRAL,2,b95efa6cec9b6cff69672ebe9f8b309fa5d56f52ed8ba262eaad7130fe6abcdf,d054e71ae34f98a5,False
img_002416,e:\Final_Project\Pnuemonia_Detection\data\raw_datasets\dataset_1\train\PNEUMONIA\BACTERIA-2632584-0001.jpeg,dataset_1,PNEUMONIA,BACTERIAL,1,82e94992ca5c029733bcb224c02e0b6e3e91b6bdd38489f455c61d9385423d9b,913de638b4a53533,False
img_005559,e:\Final_Project\Pnuemonia_Detection\data\raw_datasets\dataset_1\train\PNEUMONIA\VIRUS-7979755-0002.jpeg,dataset_1,PNEUMONIA,VIRAL,2,902d60714c1426f94683e8d0262eb79e190b5580fbf3b053f2eb7b77c542a70f,d462c77a851e29cd,False
img_005615,e:\Final_Project\Pnuemonia_Detection\data\raw_datasets\dataset_1\train\PNEUMONIA\VIRUS-8310504-0001.jpeg,dataset_1,PNEUMONIA,VIRAL,2,cf36414e8fb252454b8e2a172186d64e013fd32d0345d485c1b1a98639baff84,c0a7e23bf8693cc2,False
img_003276,e:\Final_Project\Pnuemonia_Detection\data\raw_datasets\dataset_1\train\PNEUMONIA\BACTERIA-5510638-0007.jpeg,dataset_1,PNEUMONIA,BACTERIAL,1,92d1c1e3334b1dd8f1d5eea56681adeb38dc5b7c8dd17536fb0e47fc701c5ae1,902fe756104b3dc7,False
img_000259,e:\Final_Project\Pnuemonia_Detection\data\raw_datasets\dataset_1\test\PNEUMONIA\BACTERIA-1768914-0004.jpeg,dataset_1,PNEUMONIA,BACTERIAL,1,88db134f8ed2ebd30c9fe6c68a27cc1aaed1d112331fd37d55d3dcaa9e711eac,c12f35fed65a9018,False
img_000944,e:\Final_Project\Pnuemonia_Detection\data\raw_datasets\dataset_1\train\NORMAL\NORMAL-3220570-0002.jpeg,dataset_1,NORMAL,NORMAL,0,de8bca845bc89acc0c5a82c7857c714811eb7afe0e861fefb767646559838647,907cc71ecc1b788d,False
img_000634,e:\Final_Project\Pnuemonia_Detection\data\raw_datasets\dataset_1\train\NORMAL\NORMAL-1055663-0001.jpeg,dataset_1,NORMAL,NORMAL,0,91c3cb7e4c579b7f9d7f48780575caacfbc51898841cdc0d0d1a388bbba47203,993da71ec91a4c4d,False
img_004602,e:\Final_Project\Pnuemonia_Detection\data\raw_datasets\dataset_1\train\PNEUMONIA\VIRUS-1568530-0002.jpeg,dataset_1,PNEUMONIA,VIRAL,2,7a2fc6a0501e25f780e3252a0661c07b26929c892a63007774b1909ffef9f51b,914ac618817df9e7,False
img_002226,e:\Final_Project\Pnuemonia_Detection\data\raw_datasets\dataset_1\train\PNEUMONIA\BACTERIA-198200-0005.jpeg,dataset_1,PNEUMONIA,BACTERIAL,1,c98c83da98dd1a7f5e10426fc8ddb88d851e2ec0697d2b996c6c95e227224243,d86dc739833d304e,False
img_003407,e:\Final_Project\Pnuemonia_Detection\data\raw_datasets\dataset_1\train\PNEUMONIA\BACTERIA-5988773-0003.jpeg,dataset_1,PNEUMONIA,BACTERIAL,1,e2d1eb83c3233e77601d7ba1dd7af7e1f4b5389a0119d28a6053a18412ef91f8,91adfa38793d3908,False
img_005115,e:\Final_Project\Pnuemonia_Detection\data\raw_datasets\dataset_1\train\PNEUMONIA\VIRUS-5119516-0001.jpeg,dataset_1,PNEUMONIA,VIRAL,2,443f252128e8d189ccadf723fdfef31f152f576b8aebc787bb140b26eb4e983a,c129c23afc693d69,False
img_002110,e:\Final_Project\Pnuemonia_Detection\data\raw_datasets\dataset_1\train\PNEUMONIA\BACTERIA-1558348-0001.jpeg,dataset_1,PNEUMONIA,BACTERIAL,1,52a4259b6295cdbd6653ec84b5dfe817b7d09476674120d21c9571d6ae5c3dde,c42ee31b5c5b4cd8,False
img_004772,e:\Final_Project\Pnuemonia_Detection\data\raw_datasets\dataset_1\train\PNEUMONIA\VIRUS-2800024-0002.jpeg,dataset_1,PNEUMONIA,VIRAL,2,0880c20768606606271340d56d5b994ab2638a0a7f85432911b2782a3aa13fbc,902be60efe4a3d8c,False
img_001693,e:\Final_Project\Pnuemonia_Detection\data\raw_datasets\dataset_1\train\NORMAL\NORMAL-8181293-0001.jpeg,dataset_1,NORMAL,NORMAL,0,8a82bc5e4260fdcd95df74f9873858e4e772faafe53af3ace610d390a99c78d0,916fc71a8b293c6c,False
img_002638,e:\Final_Project\Pnuemonia_Detection\data\raw_datasets\dataset_1\train\PNEUMONIA\BACTERIA-3408906-0004.jpeg,dataset_1,PNEUMONIA,BACTERIAL,1,49f96d198ea2d2b53c7f9ed2b32d512583f7c94d97f684dbd60edf8784a56c9e,c02a6b3e5e5d5545,False
img_003109,e:\Final_Project\Pnuemonia_Detection\data\raw_datasets\dataset_1\train\PNEUMONIA\BACTERIA-5066255-0001.jpeg,dataset_1,PNEUMONIA,BACTERIAL,1,cf4cd0b0ff2efbc4ff5ef36ae6d9d32e59662bb101ccf38cace7e2412a962902,d074e23fb24bb04b,False
img_002313,e:\Final_Project\Pnuemonia_Detection\data\raw_datasets\dataset_1\train\PNEUMONIA\BACTERIA-2224169-0001.jpeg,dataset_1,PNEUMONIA,BACTERIAL,1,d4fb86b2d1802ce9edda723d50864ae48e6dfbe2f4158b47bcea1cd0fe0fc3e3,9029c75f9ec64f30,False
img_002684,e:\Final_Project\Pnuemonia_Detection\data\raw_datasets\dataset_1\train\PNEUMONIA\BACTERIA-3595819-0001.jpeg,dataset_1,PNEUMONIA,BACTERIAL,1,929127b76acda588b0b857ac8a1c8db083a67f8491d7adf1c1d73d9f70a3c7cc,d0eaa729c5f9d00b,False
img_002344,e:\Final_Project\Pnuemonia_Detection\data\raw_datasets\dataset_1\train\PNEUMONIA\BACTERIA-2394612-0002.jpeg,dataset_1,PNEUMONIA,BACTERIAL,1,f098e2484966182f8b0d04b77c75c2e2550d85715704155266badcfacbfabd94,c03dd37a9a4f1a8a,False
img_005291,e:\Final_Project\Pnuemonia_Detection\data\raw_datasets\dataset_1\train\PNEUMONIA\VIRUS-6149071-0007.jpeg,dataset_1,PNEUMONIA,VIRAL,2,327307c01c8c5764405984930d29f238229a2ddcb826dd8be5f521613408070b,946ec71bcb0739c1,False
img_003608,e:\Final_Project\Pnuemonia_Detection\data\raw_datasets\dataset_1\train\PNEUMONIA\BACTERIA-666371-0001.jpeg,dataset_1,PNEUMONIA,BACTERIAL,1,6427cb2aab3ec84a925eae3b861c5015b4f30ac9e2f434635413ca9ba8ccc2cb,813abe6b5c594d4a,False
img_003852,e:\Final_Project\Pnuemonia_Detection\data\raw_datasets\dataset_1\train\PNEUMONIA\BACTERIA-7718116-0003.jpeg,dataset_1,PNEUMONIA,BACTERIAL,1,05d2f5b0da7bdb3e90869bf2d9b526721e8273068cdc8e66976abbe612d0ef5a,916be73ee0393053,False
img_004874,e:\Final_Project\Pnuemonia_Detection\data\raw_datasets\dataset_1\train\PNEUMONIA\VIRUS-3583475-0002.jpeg,dataset_1,PNEUMONIA,VIRAL,2,5647f92d270f8a9b589d78c07a83572581b2f62a18aaef92f08212152fbbc781,d5ffaf0203155705,False
img_005249,e:\Final_Project\Pnuemonia_Detection\data\raw_datasets\dataset_1\train\PNEUMONIA\VIRUS-5882420-0001.jpeg,dataset_1,PNEUMONIA,VIRAL,2,2f6311f7c85a9b8d3b886b4a585952c24cfb6f8c3be68cda7b51c972678ae3a5,d43a525f1e283cb9,False
img_004819,e:\Final_Project\Pnuemonia_Detection\data\raw_datasets\dataset_1\train\PNEUMONIA\VIRUS-3135895-0002.jpeg,dataset_1,PNEUMONIA,VIRAL,2,5427676f43b6e047d7b32d67573626e99203b283fdc7ff222d746f1ef47c87ff,946fe73eaa38282c,False
img_004035,e:\Final_Project\Pnuemonia_Detection\data\raw_datasets\dataset_1\train\PNEUMONIA\BACTERIA-8302026-0001.jpeg,dataset_1,PNEUMONIA,BACTERIAL,1,944daf327ae5a7fb35a87895020917f3196ad60b321eddbf04a46af2c5a5c399,94670f1e871a8f4d,False
img_001005,e:\Final_Project\Pnuemonia_Detection\data\raw_datasets\dataset_1\train\NORMAL\NORMAL-3573766-0002.jpeg,dataset_1,NORMAL,NORMAL,0,e21a7725436252a8a98e2983ab47e2d0cd6ccbbd6909344d173442535662d3ad,916cc75abcee2894,False
img_003647,e:\Final_Project\Pnuemonia_Detection\data\raw_datasets\dataset_1\train\PNEUMONIA\BACTERIA-6839027-0001.jpeg,dataset_1,PNEUMONIA,BACTERIAL,1,9b4eda149b76ed7a7b8eabce710a60d7eaa5a42b58e02d9c6afb57f8191b73ee,956dc71ed24ab04b,False
img_001249,e:\Final_Project\Pnuemonia_Detection\data\raw_datasets\dataset_1\train\NORMAL\NORMAL-5277056-0001.jpeg,dataset_1,NORMAL,NORMAL,0,d019bb17303e6f410e1245df23b431e6af7ac2256b5df52ebf7b1170f4055fe5,9131c63999ed3999,False
img_004142,e:\Final_Project\Pnuemonia_Detection\data\raw_datasets\dataset_1\train\PNEUMONIA\BACTERIA-8589814-0001.jpeg,dataset_1,PNEUMONIA,BACTERIAL,1,7b18f0d336532dce0b63a8792e31fbc5f375a6cf8c4920d4d33fd6d466ef05da,c13a72171c913dbd,False
img_005676,e:\Final_Project\Pnuemonia_Detection\data\raw_datasets\dataset_1\train\PNEUMONIA\VIRUS-8690813-0003.jpeg,dataset_1,PNEUMONIA,VIRAL,2,daa5b69637ae726d8f858189c4dac6d42422d3590aaaa2c3b860e6fe08b73b03,9137c33bf86938c2,False
img_003233,e:\Final_Project\Pnuemonia_Detection\data\raw_datasets\dataset_1\train\PNEUMONIA\BACTERIA-5404811-0001.jpeg,dataset_1,PNEUMONIA,BACTERIAL,1,3ed21cf6fffaea0fd34965f965a552c4879451f1b294011a1ea6b6b956182803,d42f270a6178f46e,False
img_006008,e:\Final_Project\Pnuemonia_Detection\data\raw_datasets\dataset_2\test\NORMAL\NORMAL2-IM-0275-0001.jpeg,dataset_2,NORMAL,NORMAL,0,dc8e4ef1321be066cb33056610b86d810e3487ddd6c33f2e100dfe104e877e40,9064c63ac76b3c6d,False
img_000805,e:\Final_Project\Pnuemonia_Detection\data\raw_datasets\dataset_1\train\NORMAL\NORMAL-2333546-0001.jpeg,dataset_1,NORMAL,NORMAL,0,45e5b9bc2bfae91646bb0d50f83165da1b5c7fab74873235e41b545da1b43a00,d4efc70bed6828c0,False
img_000582,e:\Final_Project\Pnuemonia_Detection\data\raw_datasets\dataset_1\test\PNEUMONIA\VIRUS-6844248-0002.jpeg,dataset_1,PNEUMONIA,VIRAL,2,aaa9af4070e91e37166836aedefff9714baf2e4af32b54d7177657c1bbcb4ca9,d036e30bb56d3d82,False
img_001393,e:\Final_Project\Pnuemonia_Detection\data\raw_datasets\dataset_1\train\NORMAL\NORMAL-6217600-0001.jpeg,dataset_1,NORMAL,NORMAL,0,e1c49e5543ada1cc9becc833354c24e5921abe9f4bc0ac4702720c51f81d2fe8,9429c21bf97d19d1,False
img_003636,e:\Final_Project\Pnuemonia_Detection\data\raw_datasets\dataset_1\train\PNEUMONIA\BACTERIA-6775167-0001.jpeg,dataset_1,PNEUMONIA,BACTERIAL,1,1523779d5f2edec5b11414657640b9167302667883e3fd06069a13b69af44040,912be67adc561c92,False
img_004131,e:\Final_Project\Pnuemonia_Detection\data\raw_datasets\dataset_1\train\PNEUMONIA\BACTERIA-8550709-0004.jpeg,dataset_1,PNEUMONIA,BACTERIAL,1,be16fde7e54a69192ab78866981166f9695bd02c97fa6a0d67e7fdbbeec45481,d07a251f3d4e68e4,False
img_001157,e:\Final_Project\Pnuemonia_Detection\data\raw_datasets\dataset_1\train\NORMAL\NORMAL-4557620-0001.jpeg,dataset_1,NORMAL,NORMAL,0,c9c361d1bfbb1a795d31b2bc1f3c585392bdda8c69202204597f73dd7c5130fa,d43ee33f9c183c90,False
img_002206,e:\Final_Project\Pnuemonia_Detection\data\raw_datasets\dataset_1\train\PNEUMONIA\BACTERIA-1894727-0001.jpeg,dataset_1,PNEUMONIA,BACTERIAL,1,f191377c6af247f42257376c5f30536f009ba4acae1b9575718720533f6781d4,906f871a4f3dc41e,False
img_003586,e:\Final_Project\Pnuemonia_Detection\data\raw_datasets\dataset_1\train\PNEUMONIA\BACTERIA-6590264-0001.jpeg,dataset_1,PNEUMONIA,BACTERIAL,1,31787f47c0f617ab25f0edbad3a0b0c14e4c9b013a0fa2f0775cc7e2c5e0d8b9,c93bc61fd04b1dc8,False
img_004798,e:\Final_Project\Pnuemonia_Detection\data\raw_datasets\dataset_1\train\PNEUMONIA\VIRUS-2968130-0001.jpeg,dataset_1,PNEUMONIA,VIRAL,2,02537abd9b32c749ca3777912728c9f743af01bd18f8cc10db9fa91269375a23,94abebbef8411c44,False
img_005208,e:\Final_Project\Pnuemonia_Detection\data\raw_datasets\dataset_1\train\PNEUMONIA\VIRUS-5615173-0006.jpeg,dataset_1,PNEUMONIA,VIRAL,2,95ba63d717b7a24938a29887b73ebccb965bc7e1c9da1e02a899fef5c9907553,9029e63aeb697d48,False
img_003809,e:\Final_Project\Pnuemonia_Detection\data\raw_datasets\dataset_1\train\PNEUMONIA\BACTERIA-7552481-0001.jpeg,dataset_1,PNEUMONIA,BACTERIAL,1,12249e3a9c039e2c87909ceb2bf6913ce8d8d7286f0cac2e3f51fc6b02cd0f96,9869e13dc662bac3,False
img_002014,e:\Final_Project\Pnuemonia_Detection\data\raw_datasets\dataset_1\train\PNEUMONIA\BACTERIA-1083680-0024.jpeg,dataset_1,PNEUMONIA,BACTERIAL,1,c1272b386802367b3ddb65a9b4d17e19c03c1946c26058a9b4a2560be8e2ecfe,d4c3e73fe128b00e,False
img_003030,e:\Final_Project\Pnuemonia_Detection\data\raw_datasets\dataset_1\train\PNEUMONIA\BACTERIA-4738422-0001.jpeg,dataset_1,PNEUMONIA,BACTERIAL,1,ad18ec5a817f16beeeb33ea39674b03c6f9416c450f0177f2469bf2cdcb58c8a,95eea61a81571997,False
img_005183,e:\Final_Project\Pnuemonia_Detection\data\raw_datasets\dataset_1\train\PNEUMONIA\VIRUS-5437440-0008.jpeg,dataset_1,PNEUMONIA,VIRAL,2,a073105d3ebb4faa9e049e9b150baad9570d199e30870b2ce1b0227a828ecd19,9929e1073fd6c20f,False
img_003199,e:\Final_Project\Pnuemonia_Detection\data\raw_datasets\dataset_1\train\PNEUMONIA\BACTERIA-5268802-0002.jpeg,dataset_1,PNEUMONIA,BACTERIAL,1,b9087e6c63ac18e9a4269801eaca123b432ff887b738f6786dcc9e1965d1f126,d02fe63e5a4d3505,False
img_002076,e:\Final_Project\Pnuemonia_Detection\data\raw_datasets\dataset_1\train\PNEUMONIA\BACTERIA-135743-0001.jpeg,dataset_1,PNEUMONIA,BACTERIAL,1,38a350f0d692d63986f4829856d5f2e47fdb16cdaf4d5e943820cb2bb5c5dfd6,916eae1a8759c55c,False
img_000008,e:\Final_Project\Pnuemonia_Detection\data\raw_datasets\dataset_1\test\NORMAL\NORMAL-1283091-0001.jpeg,dataset_1,NORMAL,NORMAL,0,ae3a66286aa299a905c2ce72e8c0c3a2154a2a3d827e546e45c8700a97c39061,d47ca51eab2d3c24,False
img_000930,e:\Final_Project\Pnuemonia_Detection\data\raw_datasets\dataset_1\train\NORMAL\NORMAL-3147147-0001.jpeg,dataset_1,NORMAL,NORMAL,0,903babfa19e90a7b5fb6ed5cb6a58a3e8580e33bfc7159e74b6dec408409b016,8075871aca6d79e5,False
img_001060,e:\Final_Project\Pnuemonia_Detection\data\raw_datasets\dataset_1\train\NORMAL\NORMAL-3881206-0001.jpeg,dataset_1,NORMAL,NORMAL,0,938797e0a6d8e9441165f38c1da2c20a2e86ff61d2a055327f15acad54b71d3c,946e831f0b0f1d5d,False
img_005329,e:\Final_Project\Pnuemonia_Detection\data\raw_datasets\dataset_1\train\PNEUMONIA\VIRUS-6386500-0002.jpeg,dataset_1,PNEUMONIA,VIRAL,2,6c43c5e51c2ec084b1cc4b1bf9922972c116b64d67fbe2ed6ad77e3f5b01de36,d86ec31bc33d6885,False
img_004348,e:\Final_Project\Pnuemonia_Detection\data\raw_datasets\dataset_1\train\PNEUMONIA\BACTERIA-935812-0001.jpeg,dataset_1,PNEUMONIA,BACTERIAL,1,e88673f92c68776bc9b115d991590f24a40f9a6da3708b7ce72c651b84eababd,c53ea24315566f96,False
img_005256,e:\Final_Project\Pnuemonia_Detection\data\raw_datasets\dataset_1\train\PNEUMONIA\VIRUS-5923071-0001.jpeg,dataset_1,PNEUMONIA,VIRAL,2,515a048b630fa31b99a5ba473a7e094aad33c1009ded92fa90ca2e1f05087659,d127e63abc683c68,False
img_002908,e:\Final_Project\Pnuemonia_Detection\data\raw_datasets\dataset_1\train\PNEUMONIA\BACTERIA-4374432-0001.jpeg,dataset_1,PNEUMONIA,BACTERIAL,1,7807e068415c333e5494e5d0a30946a96e3ff1017a9e8b274ad18d710999e3ee,916fc61e5a59194b,False
img_004961,e:\Final_Project\Pnuemonia_Detection\data\raw_datasets\dataset_1\train\PNEUMONIA\VIRUS-4046863-0001.jpeg,dataset_1,PNEUMONIA,VIRAL,2,005d3ae2bc37fe4e263ad050a5724e7ec7b2dc6a0e4357ff67a97aed85d6f0c1,d47e871f871d011e,False
img_000086,e:\Final_Project\Pnuemonia_Detection\data\raw_datasets\dataset_1\test\NORMAL\NORMAL-4315572-0001.jpeg,dataset_1,NORMAL,NORMAL,0,61c6f7094e519ac84c66f7994648bca4903c78e0fb7ee921f769a49e778a0f49,d468c75b8dc52ce4,False
img_000463,e:\Final_Project\Pnuemonia_Detection\data\raw_datasets\dataset_1\test\PNEUMONIA\BACTERIA-9364007-0003.jpeg,dataset_1,PNEUMONIA,BACTERIAL,1,ee956fc46552dd522aa7ad7436de4b223e6b8e398ab0ec880967fcd460c7c1be,906de63ecd2d0c4b,False
img_000555,e:\Final_Project\Pnuemonia_Detection\data\raw_datasets\dataset_1\test\PNEUMONIA\VIRUS-5271295-0001.jpeg,dataset_1,PNEUMONIA,VIRAL,2,21f658d0d13ec8915d87d7861fa04b1040d22773c99f2b0023524a3ca5e87620,d4a6c30be92d3cc6,False
img_005030,e:\Final_Project\Pnuemonia_Detection\data\raw_datasets\dataset_1\train\PNEUMONIA\VIRUS-4493675-0001.jpeg,dataset_1,PNEUMONIA,VIRAL,2,75446ce910b14bc3a67a4bd9a687ff377c0b879f5c0bfe3875b4816d79d2f4b9,d0fda71aab3ba006,False
img_000592,e:\Final_Project\Pnuemonia_Detection\data\raw_datasets\dataset_1\test\PNEUMONIA\VIRUS-7638941-0001.jpeg,dataset_1,PNEUMONIA,VIRAL,2,26f08dc07a3490a7d77adde7f71f82df8e99a117dd0b3e53441fa1d11e5523c7,d466c71fad2ca40e,False
img_000053,e:\Final_Project\Pnuemonia_Detection\data\raw_datasets\dataset_1\test\NORMAL\NORMAL-3065672-0001.jpeg,dataset_1,NORMAL,NORMAL,0,2d6049fcecc978da48ca9ca6bc1e4e7f053592c099e5ef484f5fa988c0840038,9117c71ebcd11a95,False
img_003673,e:\Final_Project\Pnuemonia_Detection\data\raw_datasets\dataset_1\train\PNEUMONIA\BACTERIA-6952717-0001.jpeg,dataset_1,PNEUMONIA,BACTERIAL,1,d3db178dbebd563aad6d0d4fb6619ab4bec9df469b7e5c48d33ec609eb6e87a8,d4f4c61be10fb443,False
img_004293,e:\Final_Project\Pnuemonia_Detection\data\raw_datasets\dataset_1\train\PNEUMONIA\BACTERIA-9127353-0001.jpeg,dataset_1,PNEUMONIA,BACTERIAL,1,dbbb86478e2bc3a7747150adbbda8dcbf278b9c4e1745ab0cd506d25a71a2efb,d46e621a315b6da5,False
img_002024,e:\Final_Project\Pnuemonia_Detection\data\raw_datasets\dataset_1\train\PNEUMONIA\BACTERIA-1086099-0004.jpeg,dataset_1,PNEUMONIA,BACTERIAL,1,72231fb0af1403054df27fc2b5dd598b7f753e73c0ffce2db1cb995457655f91,d42aab1abb2b8d07,False
img_001786,e:\Final_Project\Pnuemonia_Detection\data\raw_datasets\dataset_1\train\NORMAL\NORMAL-8813966-0002.jpeg,dataset_1,NORMAL,NORMAL,0,5a7ea0ed7bad3d1d83d92da0e11ece0e04f123fc958373f22955e1beae9f2c5b,8929c64adf4839f9,False
img_000290,e:\Final_Project\Pnuemonia_Detection\data\raw_datasets\dataset_1\test\PNEUMONIA\BACTERIA-3127602-0002.jpeg,dataset_1,PNEUMONIA,BACTERIAL,1,5389275ad14e1e7a421076129060b69bdea9f3bcc66501575958885cd7de57c7,d03b72161e5a1f1d,False
img_001199,e:\Final_Project\Pnuemonia_Detection\data\raw_datasets\dataset_1\train\NORMAL\NORMAL-4829481-0001.jpeg,dataset_1,NORMAL,NORMAL,0,67de1dec72f7d33d6dc0beb776673b65e7c22a92837daad3c2a5cb45d5460f66,d02fc65f5e49191c,False
img_005721,e:\Final_Project\Pnuemonia_Detection\data\raw_datasets\dataset_1\train\PNEUMONIA\VIRUS-9044474-0007.jpeg,dataset_1,PNEUMONIA,VIRAL,2,b2ca1b885ccd7b7d24b66e2c18aa9a9228f40f5462e32c691070cda4d2172911,d47e834b83176995,False
img_002884,e:\Final_Project\Pnuemonia_Detection\data\raw_datasets\dataset_1\train\PNEUMONIA\BACTERIA-4330446-0001.jpeg,dataset_1,PNEUMONIA,BACTERIAL,1,87ade1423f27a90bea0384ea7f1687c332c6b09f73e75d03f9429e0d5cefefdb,d4560a786ab74a6d,False
img_000245,e:\Final_Project\Pnuemonia_Detection\data\raw_datasets\dataset_1\test\PNEUMONIA\BACTERIA-1351146-0006.jpeg,dataset_1,PNEUMONIA,BACTERIAL,1,1454a05d539624c11b2442e90eb9f31759a9c8792febf07b456fa2368793a19e,9079e33eca3c6929,False
img_003977,e:\Final_Project\Pnuemonia_Detection\data\raw_datasets\dataset_1\train\PNEUMONIA\BACTERIA-8093423-0001.jpeg,dataset_1,PNEUMONIA,BACTERIAL,1,33458be2fdc3b90f767cb54e791c7e89c26baccddd2a8b967989bbc249c34142,956ee71a850f388e,False
img_004989,e:\Final_Project\Pnuemonia_Detection\data\raw_datasets\dataset_1\train\PNEUMONIA\VIRUS-4271267-0002.jpeg,dataset_1,PNEUMONIA,VIRAL,2,4f4eee27328b47f3a4e712c3e4ac2e960d6fd728a4acf28694a146d6914bd22f,91e5e6bae63a8628,False
img_005666,e:\Final_Project\Pnuemonia_Detection\data\raw_datasets\dataset_1\train\PNEUMONIA\VIRUS-864208-0005.jpeg,dataset_1,PNEUMONIA,VIRAL,2,a1a46d82451525ddfec8e55f848651de4bc58d38aca8736c6a2fc4e99e120cc0,9129c60efae32f38,False
img_000813,e:\Final_Project\Pnuemonia_Detection\data\raw_datasets\dataset_1\train\NORMAL\NORMAL-2339168-0001.jpeg,dataset_1,NORMAL,NORMAL,0,dbad1579f11a21d07edfc179cd6db4904103345c7e3ad193c069aa05a737a02e,983fc21a4b1d5c4f,False
img_001324,e:\Final_Project\Pnuemonia_Detection\data\raw_datasets\dataset_1\train\NORMAL\NORMAL-5726309-0001.jpeg,dataset_1,NORMAL,NORMAL,0,ac419d9294d2b37410ee8d8de50e5d5e149421bce8b87bea4ba5b2499e12566e,907cc71b8d6d1cc6,False
img_003742,e:\Final_Project\Pnuemonia_Detection\data\raw_datasets\dataset_1\train\PNEUMONIA\BACTERIA-7349970-0001.jpeg,dataset_1,PNEUMONIA,BACTERIAL,1,3adac97a77158c86d58f4450b43df9eaf7bf01a990a187727d26cdfb3642c1c0,957faf9e821a8612,False
img_005789,e:\Final_Project\Pnuemonia_Detection\data\raw_datasets\dataset_1\train\PNEUMONIA\VIRUS-9527033-0002.jpeg,dataset_1,PNEUMONIA,VIRAL,2,51a2a935295ce404efde2f1269191b4e2b916bc0dfbc2686a660ec64978a3804,d12ae75657421e56,False
img_001926,e:\Final_Project\Pnuemonia_Detection\data\raw_datasets\dataset_1\train\NORMAL\NORMAL-9742274-0003.jpeg,dataset_1,NORMAL,NORMAL,0,5535bab14b0d9f738254fdadcf19cdad30e09c52b8df4ddcf845621d00a95a52,91a1c61ebce93d70,False
img_003318,e:\Final_Project\Pnuemonia_Detection\data\raw_datasets\dataset_1\train\PNEUMONIA\BACTERIA-5628383-0002.jpeg,dataset_1,PNEUMONIA,BACTERIAL,1,168dce5bca7a9091ed56f29d6a50704d62c861a841560e0c93b758bbd38e28c5,942f551e1a2b3a3e,False
img_005059,e:\Final_Project\Pnuemonia_Detection\data\raw_datasets\dataset_1\train\PNEUMONIA\VIRUS-4669644-0002.jpeg,dataset_1,PNEUMONIA,VIRAL,2,39cdbe1f41809fb229641bdc88523edd92bf645d364e28c0dadc7ec4aabea868,94e4c71fc718c24f,False
img_005845,e:\Final_Project\Pnuemonia_Detection\data\raw_datasets\dataset_1\train\PNEUMONIA\VIRUS-9902199-0004.jpeg,dataset_1,PNEUMONIA,VIRAL,2,a0e607ce6ca22a67d0ef8f9260202e680b7b392595ec602c8739e0ac02975909,94eea7028f1b8b1d,False
img_002771,e:\Final_Project\Pnuemonia_Detection\data\raw_datasets\dataset_1\train\PNEUMONIA\BACTERIA-3879015-0001.jpeg,dataset_1,PNEUMONIA,BACTERIAL,1,1c63c6702248bd032bcd392363e203d37205a41be1282ccc21f62d9533491000,947e233f051d3c47,False
img_004832,e:\Final_Project\Pnuemonia_Detection\data\raw_datasets\dataset_1\train\PNEUMONIA\VIRUS-3194796-0003.jpeg,dataset_1,PNEUMONIA,VIRAL,2,70bee41c5a65939e478dfe56d33a3339bbd606156ec59af72409489988c6674b,802af1433df0c3ef,False
img_001172,e:\Final_Project\Pnuemonia_Detection\data\raw_datasets\dataset_1\train\NORMAL\NORMAL-4669070-0002.jpeg,dataset_1,NORMAL,NORMAL,0,313befe460dafc5558af35b0d3218c6faf0f54497c8e809730d5d5b6f33a156e,916dc65a8d4d19c7,False
img_000687,e:\Final_Project\Pnuemonia_Detection\data\raw_datasets\dataset_1\train\NORMAL\NORMAL-1507671-0002.jpeg,dataset_1,NORMAL,NORMAL,0,0b6b4813c1003a68cb2feb7f8416ae546adf880a6358f39420072fa07cd2315e,817b461a594f393d,False
img_004821,e:\Final_Project\Pnuemonia_Detection\data\raw_datasets\dataset_1\train\PNEUMONIA\VIRUS-3135895-0004.jpeg,dataset_1,PNEUMONIA,VIRAL,2,789a052f73551a5e92793e360ed1a236816380f327322ffba2f0bba9e68bc162,947ea706031f3d5c,False
img_006050,e:\Final_Project\Pnuemonia_Detection\data\raw_datasets\dataset_2\test\NORMAL\NORMAL2-IM-0330-0001.jpeg,dataset_2,NORMAL,NORMAL,0,865ca7b1cdc64486d17cdde2fb88eda1b921c1340fca8ed563591d5bfb09ebbe,d476c71b8329916e,False
img_004010,e:\Final_Project\Pnuemonia_Detection\data\raw_datasets\dataset_1\train\PNEUMONIA\BACTERIA-8241424-0006.jpeg,dataset_1,PNEUMONIA,BACTERIAL,1,5cb0cb8522e53754d9856d5b9810167825bc4a06458a81d1c9490726359fe9d7,943eaf2e2ca5272c,False
img_004931,e:\Final_Project\Pnuemonia_Detection\data\raw_datasets\dataset_1\train\PNEUMONIA\VIRUS-385176-0010.jpeg,dataset_1,PNEUMONIA,VIRAL,2,337629f3507fbbc477436486d9a21d33515af6ace48663f8a159f0170b8f6932,81a5e31ff0cf8629,False
img_004934,e:\Final_Project\Pnuemonia_Detection\data\raw_datasets\dataset_1\train\PNEUMONIA\VIRUS-3879015-0003.jpeg,dataset_1,PNEUMONIA,VIRAL,2,2ba3f94e170da7389617afe19dbaf0e1d8c96c5575d8bdddd9c04d3b184619ad,d02ee71aad0b2dca,False
img_001108,e:\Final_Project\Pnuemonia_Detection\data\raw_datasets\dataset_1\train\NORMAL\NORMAL-4190635-0001.jpeg,dataset_1,NORMAL,NORMAL,0,e78028d0ecee12ef2873f3f2837f4a46675e3ad520faa6072aace1d83348522d,d5fcc75ae54920c4,False
img_005049,e:\Final_Project\Pnuemonia_Detection\data\raw_datasets\dataset_1\train\PNEUMONIA\VIRUS-463487-0008.jpeg,dataset_1,PNEUMONIA,VIRAL,2,183fc6e9c946fbbdcfe0198b5c0b8f182c3da03f298315e8a58f8856ce4ff795,d03d625f5e5a3928,False
img_004420,e:\Final_Project\Pnuemonia_Detection\data\raw_datasets\dataset_1\train\PNEUMONIA\BACTERIA-9582372-0003.jpeg,dataset_1,PNEUMONIA,BACTERIAL,1,eae10b2744df58592267daf7f97088d0bf76f01be22ebf190674818b8e0fa6f8,d5ffa21ad2491c51,False
img_005746,e:\Final_Project\Pnuemonia_Detection\data\raw_datasets\dataset_1\train\PNEUMONIA\VIRUS-9250380-0006.jpeg,dataset_1,PNEUMONIA,VIRAL,2,1a648cba81c06d15d075a242edab9cf71a1f4001fc0c72d058f0acaf049b8e45,902be71ec64f1c47,False
img_005214,e:\Final_Project\Pnuemonia_Detection\data\raw_datasets\dataset_1\train\PNEUMONIA\VIRUS-5632296-0002.jpeg,dataset_1,PNEUMONIA,VIRAL,2,ea24462d038bfce2ba21221181252a269570971450616696cc93b98ca38f8222,d0f4c71bc539944b,False
img_000772,e:\Final_Project\Pnuemonia_Detection\data\raw_datasets\dataset_1\train\NORMAL\NORMAL-2154341-0002.jpeg,dataset_1,NORMAL,NORMAL,0,77c57f6a1d8884baed7ec343016f03057434005795f3c6092f959f245f8bb555,dd30d21f9ce039b8,False
img_003336,e:\Final_Project\Pnuemonia_Detection\data\raw_datasets\dataset_1\train\PNEUMONIA\BACTERIA-5697400-0001.jpeg,dataset_1,PNEUMONIA,BACTERIAL,1,4757ff869466c178b998b0ff2e8afc3bde9ae949f668b1eb8b506f770c0de7e6,91a5c63ad66ab84e,False
img_000412,e:\Final_Project\Pnuemonia_Detection\data\raw_datasets\dataset_1\test\PNEUMONIA\BACTERIA-8046863-0001.jpeg,dataset_1,PNEUMONIA,BACTERIAL,1,f28f43eb49146946f6f0d66367cfe6673027140a0f6ef277ef4288a40b00f379,d02f45586d2c7c7c,False
img_005258,e:\Final_Project\Pnuemonia_Detection\data\raw_datasets\dataset_1\train\PNEUMONIA\VIRUS-5943537-0003.jpeg,dataset_1,PNEUMONIA,VIRAL,2,0f97600aaa43eb3e8c570b4f0898d693a59101de7f7d7da855966ba24b50dedf,c06ec74badec2d84,False
img_005847,e:\Final_Project\Pnuemonia_Detection\data\raw_datasets\dataset_1\train\PNEUMONIA\VIRUS-990412-0009.jpeg,dataset_1,PNEUMONIA,VIRAL,2,93d7d58adc5cd6c467fbbf2dce7a41e118074618ffd7a3695d9aedaefed89f38,8023e76fb4c8bf30,False
img_002575,e:\Final_Project\Pnuemonia_Detection\data\raw_datasets\dataset_1\train\PNEUMONIA\BACTERIA-3246536-0002.jpeg,dataset_1,PNEUMONIA,BACTERIAL,1,c1ee4e951a0792068ad724d0915bce5b60790ecda0a37a7ed0966c521d26755f,8a7fc71a9a4d904d,False
img_004362,e:\Final_Project\Pnuemonia_Detection\data\raw_datasets\dataset_1\train\PNEUMONIA\BACTERIA-9400981-0001.jpeg,dataset_1,PNEUMONIA,BACTERIAL,1,157f1d8a11b1fef3b6af3d6d6703c8f8f82e81b815239318d8261bdf2f86a992,9c74c05ae04ebec7,False
img_004212,e:\Final_Project\Pnuemonia_Detection\data\raw_datasets\dataset_1\train\PNEUMONIA\BACTERIA-8801168-0001.jpeg,dataset_1,PNEUMONIA,BACTERIAL,1,b5544bd2447598f32c2230b9c13a0620797104213ea4785cfb3c0e8f88144662,953dfa79e81d8809,False
img_004276,e:\Final_Project\Pnuemonia_Detection\data\raw_datasets\dataset_1\train\PNEUMONIA\BACTERIA-9072988-0005.jpeg,dataset_1,PNEUMONIA,BACTERIAL,1,b53f704a6c02ef4325d1c2df8d09998876d91c2fb253c3d0d21c57b2dea691d3,cc2ee21b975b2c92,False
img_003156,e:\Final_Project\Pnuemonia_Detection\data\raw_datasets\dataset_1\train\PNEUMONIA\BACTERIA-516591-0002.jpeg,dataset_1,PNEUMONIA,BACTERIAL,1,199c914271c07ac889e27c331ac26e806568676115a82b52713458cfda2a7c1c,9169e73ec26a384b,False
img_005111,e:\Final_Project\Pnuemonia_Detection\data\raw_datasets\dataset_1\train\PNEUMONIA\VIRUS-5081381-0002.jpeg,dataset_1,PNEUMONIA,VIRAL,2,e7b5d1aba957f3e0ac43c7962880362206f75f56b58071b425dc3d541647dff3,d42de32bec682c69,False
img_003488,e:\Final_Project\Pnuemonia_Detection\data\raw_datasets\dataset_1\train\PNEUMONIA\BACTERIA-6287465-0001.jpeg,dataset_1,PNEUMONIA,BACTERIAL,1,768a241bffb5f9f24dd938ec2b45f79ffe81061d494de59a9b9fedb9cf9430ca,d02dc63e924a39cf,False
img_001653,e:\Final_Project\Pnuemonia_Detection\data\raw_datasets\dataset_1\train\NORMAL\NORMAL-7852398-0001.jpeg,dataset_1,NORMAL,NORMAL,0,f75941f3bccc32c919584f6c30fe0754c91dffa24d5425cb9cf271adc2f8f284,816ac67aec69394d,False
img_003067,e:\Final_Project\Pnuemonia_Detection\data\raw_datasets\dataset_1\train\PNEUMONIA\BACTERIA-4935451-0001.jpeg,dataset_1,PNEUMONIA,BACTERIAL,1,5b5343909856f1b46afd2d63927d2d7283b01c6555e1ec79edc6b1d8c57ba720,d06e2f0b153ce56c,False
img_005569,e:\Final_Project\Pnuemonia_Detection\data\raw_datasets\dataset_1\train\PNEUMONIA\VIRUS-7997980-0002.jpeg,dataset_1,PNEUMONIA,VIRAL,2,d9e44b1d6dda33ace20e4a3eff3d5cd355561bb513fbecba3e0118d13898e275,9117c61eb8ca7db0,False
img_004607,e:\Final_Project\Pnuemonia_Detection\data\raw_datasets\dataset_1\train\PNEUMONIA\VIRUS-1602168-0003.jpeg,dataset_1,PNEUMONIA,VIRAL,2,b28748f725a1824f951d4bef3a014980b540e34753e03ab7726c4f8acbc43c7c,942bd717091f5d49,False
img_004593,e:\Final_Project\Pnuemonia_Detection\data\raw_datasets\dataset_1\train\PNEUMONIA\VIRUS-1538177-0004.jpeg,dataset_1,PNEUMONIA,VIRAL,2,ca2c541e14d3aa7dd95871acd05b3a9a1297c4d886c86a8b8da6ae003c6e7887,c46f272d856c943e,False
img_004742,e:\Final_Project\Pnuemonia_Detection\data\raw_datasets\dataset_1\train\PNEUMONIA\VIRUS-2654136-0003.jpeg,dataset_1,PNEUMONIA,VIRAL,2,9e85206347b736403981c2ef9c202d7ae070e882fabf7f4400e813893951beca,9c2fe71e4a693c44,False
img_005288,e:\Final_Project\Pnuemonia_Detection\data\raw_datasets\dataset_1\train\PNEUMONIA\VIRUS-6149071-0004.jpeg,dataset_1,PNEUMONIA,VIRAL,2,0bd17ade783d77e040da9fdf99005a874cf91b4c436c88035a40f7162aca92cf,d4aae75f57411c30,False
img_002537,e:\Final_Project\Pnuemonia_Detection\data\raw_datasets\dataset_1\train\PNEUMONIA\BACTERIA-3076396-0003.jpeg,dataset_1,PNEUMONIA,BACTERIAL,1,f4b92247099e8bbbfe32cbbe971eed35c4451198dfbb8e021fcae939b2f249b9,906be73ef24a3d40,False
img_000868,e:\Final_Project\Pnuemonia_Detection\data\raw_datasets\dataset_1\train\NORMAL\NORMAL-2655558-0001.jpeg,dataset_1,NORMAL,NORMAL,0,5dbccab7075e291c59ef51fdc8205cc0e93035a73b0849a3c4a872e68fa3bca0,d0f6e61a6c0d64cd,False
img_001817,e:\Final_Project\Pnuemonia_Detection\data\raw_datasets\dataset_1\train\NORMAL\NORMAL-9015104-0001.jpeg,dataset_1,NORMAL,NORMAL,0,3c280106ed07100117afb001e1aef659b3756aedadda617ca44c27eb8cc7682a,916a4e5a4d4d4dc7,False
img_001106,e:\Final_Project\Pnuemonia_Detection\data\raw_datasets\dataset_1\train\NORMAL\NORMAL-4179172-0001.jpeg,dataset_1,NORMAL,NORMAL,0,24c615fb6461255e747e5ba0bf8b95a256e768816a29088f18e32739549b0a82,d46ec31fe50c2cc6,False
img_003124,e:\Final_Project\Pnuemonia_Detection\data\raw_datasets\dataset_1\train\PNEUMONIA\BACTERIA-512832-0001.jpeg,dataset_1,PNEUMONIA,BACTERIAL,1,d1ef5cb2e01f0101673ba9f91c36e29562af9ee9a56520b8a1253efd62f9a725,902fd35c50795c4f,False
img_003204,e:\Final_Project\Pnuemonia_Detection\data\raw_datasets\dataset_1\train\PNEUMONIA\BACTERIA-5285130-0001.jpeg,dataset_1,PNEUMONIA,BACTERIAL,1,801985033868686819254a1caa2d33f12462026329f19f459f5fc5bc7a07c8d8,d0fde71e820e9343,False
img_003685,e:\Final_Project\Pnuemonia_Detection\data\raw_datasets\dataset_1\train\PNEUMONIA\BACTERIA-7022864-0005.jpeg,dataset_1,PNEUMONIA,BACTERIAL,1,662e7f321156666430c5e4bea6f0e342b1be6f5877cbf146bd55d20784357801,996fe61a920b19d6,False
img_003539,e:\Final_Project\Pnuemonia_Detection\data\raw_datasets\dataset_1\train\PNEUMONIA\BACTERIA-6473924-0001.jpeg,dataset_1,PNEUMONIA,BACTERIAL,1,41f0c7342aa4946917b61146597f620e16fbea99980c4c6e009bdacad3fc3785,d0b4c31fd8cf19c4,False
img_004068,e:\Final_Project\Pnuemonia_Detection\data\raw_datasets\dataset_1\train\PNEUMONIA\BACTERIA-8352680-0001.jpeg,dataset_1,PNEUMONIA,BACTERIAL,1,d46aeaf36060452704bcb4ac83a9c78f37b34377ba958a5111406014f6ba0708,956caf3e8f090d4c,False
img_001848,e:\Final_Project\Pnuemonia_Detection\data\raw_datasets\dataset_1\train\NORMAL\NORMAL-9150053-0001.jpeg,dataset_1,NORMAL,NORMAL,0,78c7fc4d312ad54e5dcf63a948fac55060c78127f81745636254a9ed2895b50e,d42dc71fcd0d2cc4,False
img_004957,e:\Final_Project\Pnuemonia_Detection\data\raw_datasets\dataset_1\train\PNEUMONIA\VIRUS-3974793-0002.jpeg,dataset_1,PNEUMONIA,VIRAL,2,7d788c8fcb4cb9f1b3ddb7558a9149010dadbeb36a1da7928227a54c3fdceece,d07ec61a98c93dd4,False
img_005653,e:\Final_Project\Pnuemonia_Detection\data\raw_datasets\dataset_1\train\PNEUMONIA\VIRUS-8550709-0011.jpeg,dataset_1,PNEUMONIA,VIRAL,2,5effa8cc6cf2be465f9643c90827bfb277618ac2eb22a5c71dc2a28c75e51586,d02f251d55686ce7,False
img_000385,e:\Final_Project\Pnuemonia_Detection\data\raw_datasets\dataset_1\test\PNEUMONIA\BACTERIA-6806075-0004.jpeg,dataset_1,PNEUMONIA,BACTERIAL,1,9999bcffb54f2563e8dc4c3f3b9a95f36e10af894d863414231ca61ce03947f9,9063e71ec61ab14f,False
img_001695,e:\Final_Project\Pnuemonia_Detection\data\raw_datasets\dataset_1\train\NORMAL\NORMAL-8201684-0001.jpeg,dataset_1,NORMAL,NORMAL,0,40522fa5771c019ad43fec71faf4254b6d8630d4f35e52f722637ecc55d7713e,d46fc30bc54d4d46,False
img_004778,e:\Final_Project\Pnuemonia_Detection\data\raw_datasets\dataset_1\train\PNEUMONIA\VIRUS-2819354-0002.jpeg,dataset_1,PNEUMONIA,VIRAL,2,3e24470d6426ab38269b3765c5519e43419dabd4aed1f8d80847bdcd5a8453b3,d07ec73eb10f1981,False
img_005777,e:\Final_Project\Pnuemonia_Detection\data\raw_datasets\dataset_1\train\PNEUMONIA\VIRUS-9434229-0003.jpeg,dataset_1,PNEUMONIA,VIRAL,2,778b108a774c4bcdde2595fdeeaf767c71968780eb67d5c144ab6c309d380cbe,c82b8b0fc56b26e3,False
img_001816,e:\Final_Project\Pnuemonia_Detection\data\raw_datasets\dataset_1\train\NORMAL\NORMAL-9001470-0001.jpeg,dataset_1,NORMAL,NORMAL,0,876f019bf9512144a0a64ac8cf77dcc31b484abc6c5cf4b37bd9fa996e67584f,913d963a999d3994,False
img_000093,e:\Final_Project\Pnuemonia_Detection\data\raw_datasets\dataset_1\test\NORMAL\NORMAL-4675782-0001.jpeg,dataset_1,NORMAL,NORMAL,0,e443dcdb633a8088fa135733ab6ec28dbdf012cf38e95e7e5b70f1a9282fd0ae,d42dcb5f5c4d1c44,False
img_003176,e:\Final_Project\Pnuemonia_Detection\data\raw_datasets\dataset_1\train\PNEUMONIA\BACTERIA-5212251-0005.jpeg,dataset_1,PNEUMONIA,BACTERIAL,1,5c89348359d2f0aaf90444c52cb617cadaa72ade15ff2c933946cc2b55b0a2f3,d062c73ac379c1ce,False
img_005092,e:\Final_Project\Pnuemonia_Detection\data\raw_datasets\dataset_1\train\PNEUMONIA\VIRUS-4956984-0002.jpeg,dataset_1,PNEUMONIA,VIRAL,2,6ca1cc7b80cdf839a7b97592723e3e3d9d4d52b21b0f850e593ba49e621b730e,d476a32fa62d2c26,False
img_006055,e:\Final_Project\Pnuemonia_Detection\data\raw_datasets\dataset_2\test\NORMAL\NORMAL2-IM-0336-0001.jpeg,dataset_2,NORMAL,NORMAL,0,3f737135d08366224e601373e3beb7ff5b1395f14f5b6f9f51a9ddb0d66d2fcd,d027e33fc4693cc2,False
img_001927,e:\Final_Project\Pnuemonia_Detection\data\raw_datasets\dataset_1\train\NORMAL\NORMAL-9744834-0001.jpeg,dataset_1,NORMAL,NORMAL,0,18d7b362d40803d40abdd0cc0a1d1687f1c0bbcdc30e03921c455d5f844d097b,813dc618e8693dcf,False
img_001169,e:\Final_Project\Pnuemonia_Detection\data\raw_datasets\dataset_1\train\NORMAL\NORMAL-4656588-0001.jpeg,dataset_1,NORMAL,NORMAL,0,800c4b093a96c6a3ffaaeed5fa7b58530cc86d8a1f479bda1442a954d0884782,902bc67a79693969,False
img_000727,e:\Final_Project\Pnuemonia_Detection\data\raw_datasets\dataset_1\train\NORMAL\NORMAL-1830070-0001.jpeg,dataset_1,NORMAL,NORMAL,0,4ee25bda1ae2deb9877ab74bc844258fb5fc7f7055df9eab2b1070da08612cd7,9178867ab8ce39e1,False
img_001536,e:\Final_Project\Pnuemonia_Detection\data\raw_datasets\dataset_1\train\NORMAL\NORMAL-7123604-0001.jpeg,dataset_1,NORMAL,NORMAL,0,dee1ce974234507485afdc1345f75039dc4ec573302f4a99b64e2f5cacb610eb,9c2e025f474f584f,False
img_005239,e:\Final_Project\Pnuemonia_Detection\data\raw_datasets\dataset_1\train\PNEUMONIA\VIRUS-5781499-0001.jpeg,dataset_1,PNEUMONIA,VIRAL,2,c15f284d374d3bce8f2189b23ba24e06d2401e0a654e36d7543d0d2d8f1f9260,d076c31bc54d9947,False
img_002098,e:\Final_Project\Pnuemonia_Detection\data\raw_datasets\dataset_1\train\PNEUMONIA\BACTERIA-1538177-0001.jpeg,dataset_1,PNEUMONIA,BACTERIAL,1,c3a176f56dfdd197298554e80976ee22470cadf04cfe6181b7677e4f0f44d034,9ce16be1e13c341e,False
img_004271,e:\Final_Project\Pnuemonia_Detection\data\raw_datasets\dataset_1\train\PNEUMONIA\BACTERIA-9064487-0002.jpeg,dataset_1,PNEUMONIA,BACTERIAL,1,8358c27c7e9e6ad9a97df343ef873f992fa107bc114f650eea7f89cc4e0e24e1,d03e6b691d5a4d34,False
img_000702,e:\Final_Project\Pnuemonia_Detection\data\raw_datasets\dataset_1\train\NORMAL\NORMAL-1576353-0001.jpeg,dataset_1,NORMAL,NORMAL,0,970c8c90e433a6983dadbf10f12bdcd9f0cd22b5566ac4a88980658f4f5fd867,95fcaf3a890c1996,False
img_003145,e:\Final_Project\Pnuemonia_Detection\data\raw_datasets\dataset_1\train\PNEUMONIA\BACTERIA-5150733-0014.jpeg,dataset_1,PNEUMONIA,BACTERIAL,1,42d0632aaf56294a0863e12b24e0e0185c69353b85c14da3be98cb922e7b9edc,c0622f7a926b997a,False
img_005700,e:\Final_Project\Pnuemonia_Detection\data\raw_datasets\dataset_1\train\PNEUMONIA\VIRUS-8849094-0004.jpeg,dataset_1,PNEUMONIA,VIRAL,2,812c04703610192375c4fea51af0ea14acdea424697145754e653a8516faf675,d466965b85398b39,False
img_003328,e:\Final_Project\Pnuemonia_Detection\data\raw_datasets\dataset_1\train\PNEUMONIA\BACTERIA-5628383-0012.jpeg,dataset_1,PNEUMONIA,BACTERIAL,1,6bc92bb024fff5c217d31fdfcdd0bc824990736eb576251b6f602a44ebac819a,d4bfb55f800b1907,False
img_005476,e:\Final_Project\Pnuemonia_Detection\data\raw_datasets\dataset_1\train\PNEUMONIA\VIRUS-7389921-0002.jpeg,dataset_1,PNEUMONIA,VIRAL,2,51508916340352da67462b2931a163950d97fac96ab300fb295ae5055dc14bb2,c16f365a9b5a5a05,False
img_003369,e:\Final_Project\Pnuemonia_Detection\data\raw_datasets\dataset_1\train\PNEUMONIA\BACTERIA-5839760-0001.jpeg,dataset_1,PNEUMONIA,BACTERIAL,1,af6a28b1e5f3526c5062e94b05ec0ec83566d46f8b9d8503bd66a39f04853d91,d466878b8168e77c,False
img_003550,e:\Final_Project\Pnuemonia_Detection\data\raw_datasets\dataset_1\train\PNEUMONIA\BACTERIA-6500745-0005.jpeg,dataset_1,PNEUMONIA,BACTERIAL,1,06fa76df29d436c6305ce212c253bd1107ec2581f5b9b22ac6ebef360697f481,c43ef358c26cc66c,False
img_004222,e:\Final_Project\Pnuemonia_Detection\data\raw_datasets\dataset_1\train\PNEUMONIA\BACTERIA-8823520-0001.jpeg,dataset_1,PNEUMONIA,BACTERIAL,1,0e6d8e2a8c37878f4066f84f339852e8472eb1949d4529e8a3cd224fd96ad6c9,c097c71dc16db067,False
img_002928,e:\Final_Project\Pnuemonia_Detection\data\raw_datasets\dataset_1\train\PNEUMONIA\BACTERIA-4419092-0001.jpeg,dataset_1,PNEUMONIA,BACTERIAL,1,aa47d8498ae7f13b2b65a2c14ae10ae84efc027091f71f919df93e48f8ae28df,d07ee75bb9493880,False
img_002120,e:\Final_Project\Pnuemonia_Detection\data\raw_datasets\dataset_1\train\PNEUMONIA\BACTERIA-1602168-0001.jpeg,dataset_1,PNEUMONIA,BACTERIAL,1,be4921a613501dadbf7f943d74b6db4bb6e84806cb1d73a7b92f5e4b9130e7e7,946faf0d854de981,False
img_001285,e:\Final_Project\Pnuemonia_Detection\data\raw_datasets\dataset_1\train\NORMAL\NORMAL-5505017-0004.jpeg,dataset_1,NORMAL,NORMAL,0,55ba064ca8fc9b6c945c9cf46354e827277d8dd54d4062eb24bcc1071661732f,d82fe71a29693c4c,False
img_001840,e:\Final_Project\Pnuemonia_Detection\data\raw_datasets\dataset_1\train\NORMAL\NORMAL-9105829-0001.jpeg,dataset_1,NORMAL,NORMAL,0,4f1085601243294d96ad47f8c3925028e3f329cd6b8100f20e0557a90e3d5450,d43dcf1dcd0c1cc8,False
img_005107,e:\Final_Project\Pnuemonia_Detection\data\raw_datasets\dataset_1\train\PNEUMONIA\VIRUS-5066255-0002.jpeg,dataset_1,PNEUMONIA,VIRAL,2,1a88ab4dec2caaf8d7ae0eabc987834838dcd5dc26cfec71511139d55877cc35,d02fa738f16d3063,False
img_001909,e:\Final_Project\Pnuemonia_Detection\data\raw_datasets\dataset_1\train\NORMAL\NORMAL-9589634-0001.jpeg,dataset_1,NORMAL,NORMAL,0,afdf726bbd22a4a185c8b03fd3bef4bb0223c2b741385fe4b40b1d285e64ebd5,8135c63af96d3991,False
img_000827,e:\Final_Project\Pnuemonia_Detection\data\raw_datasets\dataset_1\train\NORMAL\NORMAL-2416577-0001.jpeg,dataset_1,NORMAL,NORMAL,0,73628b1064a6c75a283ea2b46203ea70245e184c298fd452834a462e17024a8d,d17cc65a8c4d3ccc,False
img_001152,e:\Final_Project\Pnuemonia_Detection\data\raw_datasets\dataset_1\train\NORMAL\NORMAL-4515478-0002.jpeg,dataset_1,NORMAL,NORMAL,0,5a3fc7cadc8dd6838db7d4fdf90c088f7269529c99c0abfdf2df28c1e7d52f55,9160867a967a397e,False
img_005609,e:\Final_Project\Pnuemonia_Detection\data\raw_datasets\dataset_1\train\PNEUMONIA\VIRUS-828649-0009.jpeg,dataset_1,PNEUMONIA,VIRAL,2,1f7bbea85204d971e250e0a27dbffc819310eb0f5b100f3f86b3747e321be4d1,dd29c35f9e421c16,False
img_001972,e:\Final_Project\Pnuemonia_Detection\data\raw_datasets\dataset_1\train\NORMAL\NORMAL-9989984-0001.jpeg,dataset_1,NORMAL,NORMAL,0,d30b85c96b78dabe1ddf05867a687dffe7a9a067cd72485abace2fc959c2a503,d1b5c61f9c4939c1,False
img_003282,e:\Final_Project\Pnuemonia_Detection\data\raw_datasets\dataset_1\train\PNEUMONIA\BACTERIA-5546660-0001.jpeg,dataset_1,PNEUMONIA,BACTERIAL,1,2de520be6e246aa999b98f7f77d1abfadbadb430761c69d877e819228f565de2,9c2ce34f97434f50,False
img_003993,e:\Final_Project\Pnuemonia_Detection\data\raw_datasets\dataset_1\train\PNEUMONIA\BACTERIA-8166356-0003.jpeg,dataset_1,PNEUMONIA,BACTERIAL,1,a0c89db4f5fc7fbe7ae0271468506fa487125f9e549e827e779772746a1cced0,d139e71a9ac23f14,False
img_004916,e:\Final_Project\Pnuemonia_Detection\data\raw_datasets\dataset_1\train\PNEUMONIA\VIRUS-3807574-0003.jpeg,dataset_1,PNEUMONIA,VIRAL,2,723ae5937f52726f245a0cb3ab184bd38473dc97ffa36b4ebc9ac4e01b35ac89,d42aab0b990d6cf6,False
img_003101,e:\Final_Project\Pnuemonia_Detection\data\raw_datasets\dataset_1\train\PNEUMONIA\BACTERIA-5045159-0001.jpeg,dataset_1,PNEUMONIA,BACTERIAL,1,17a8c2b55c5a5308bd18873d1ff935b064bb4973363b7d95571eb035a99b4cfa,d02b633e5a1d1cdc,False
img_004226,e:\Final_Project\Pnuemonia_Detection\data\raw_datasets\dataset_1\train\PNEUMONIA\BACTERIA-8845600-0001.jpeg,dataset_1,PNEUMONIA,BACTERIAL,1,e1d5161b6a6d82ccbee47fd8dfb1a6d44eded1d7e4f164121dd2a229bdc43f5d,d528c20be23a7ee3,False
img_003033,e:\Final_Project\Pnuemonia_Detection\data\raw_datasets\dataset_1\train\PNEUMONIA\BACTERIA-4742760-0003.jpeg,dataset_1,PNEUMONIA,BACTERIAL,1,f8cf991ab85428f622caf5256342b19b1b12e5ecf946399efa6f6a1e88a5b8aa,9127e31ad86b3c63,False
img_004943,e:\Final_Project\Pnuemonia_Detection\data\raw_datasets\dataset_1\train\PNEUMONIA\VIRUS-3911488-0003.jpeg,dataset_1,PNEUMONIA,VIRAL,2,2b7d18de2388f55d9497844ca4cfd52475c0ba08977a0e40cf8e1ddcc5f9f230,912fc618e969a94f,False
img_002393,e:\Final_Project\Pnuemonia_Detection\data\raw_datasets\dataset_1\train\PNEUMONIA\BACTERIA-254226-0003.jpeg,dataset_1,PNEUMONIA,BACTERIAL,1,265c2186a1eb40120f8872e0aff4a1a8aee217dce6c661e618ca918719b7fdbd,913de71aa4ca39c3,False
img_001146,e:\Final_Project\Pnuemonia_Detection\data\raw_datasets\dataset_1\train\NORMAL\NORMAL-4496165-0001.jpeg,dataset_1,NORMAL,NORMAL,0,7b6872872b3c4a624f728297036f6283d046da1f831c9552906bd99f56f95fc1,91ad8e1a090d7d5f,False
img_005010,e:\Final_Project\Pnuemonia_Detection\data\raw_datasets\dataset_1\train\PNEUMONIA\VIRUS-4401755-0002.jpeg,dataset_1,PNEUMONIA,VIRAL,2,ba92dd732cead2cc7f06c7708b68127f87aea2a92dc0dce7844b16bd37e08938,d025e73fbe691c40,False
img_000258,e:\Final_Project\Pnuemonia_Detection\data\raw_datasets\dataset_1\test\PNEUMONIA\BACTERIA-1768914-0003.jpeg,dataset_1,PNEUMONIA,BACTERIAL,1,53a8177667feecb01255b9568dc196a72d582d7d9f9b8c99fb64a97be10ed289,906fe7dec00319d5,False
img_004065,e:\Final_Project\Pnuemonia_Detection\data\raw_datasets\dataset_1\train\PNEUMONIA\BACTERIA-8346601-0001.jpeg,dataset_1,PNEUMONIA,BACTERIAL,1,97b457db06f866f8f84890972ad96f5340aa3fd6317ee8641918b1cceb515412,9065e63ec21b934f,False
img_003523,e:\Final_Project\Pnuemonia_Detection\data\raw_datasets\dataset_1\train\PNEUMONIA\BACTERIA-6420973-0001.jpeg,dataset_1,PNEUMONIA,BACTERIAL,1,d53c4dc3d0719f305dc7c5ab83a2cc746869d1cb78c5ad0088f0202e5129ae8d,d03f7e1e5019585b,False
img_002164,e:\Final_Project\Pnuemonia_Detection\data\raw_datasets\dataset_1\train\PNEUMONIA\BACTERIA-1753514-0002.jpeg,dataset_1,PNEUMONIA,BACTERIAL,1,6be1371c221d3f044c07581e502bfa8142acd31686e6a5daaebcdc996af8b6e2,dc2f021a5d5b1d47,False
img_000671,e:\Final_Project\Pnuemonia_Detection\data\raw_datasets\dataset_1\train\NORMAL\NORMAL-1429145-0002.jpeg,dataset_1,NORMAL,NORMAL,0,86adbfc5ae47619e4fa27b8bd3d9d64c02dafa56e4824ae3a69e0bf845d27253,d02bc31becc83dd1,False
img_004723,e:\Final_Project\Pnuemonia_Detection\data\raw_datasets\dataset_1\train\PNEUMONIA\VIRUS-2532094-0002.jpeg,dataset_1,PNEUMONIA,VIRAL,2,7f7273f35f9817edaee7a9e5d693264e9d6942b907005cdabc3d3e1843161054,9125e71be52abc62,False
img_002307,e:\Final_Project\Pnuemonia_Detection\data\raw_datasets\dataset_1\train\PNEUMONIA\BACTERIA-2192819-0001.jpeg,dataset_1,PNEUMONIA,BACTERIAL,1,d238a5ab8851b9314a338da1a94efaf0d922e3129b5cfe56fb62480d217fcbb8,d121c30fbec31b1e,False
img_004004,e:\Final_Project\Pnuemonia_Detection\data\raw_datasets\dataset_1\train\PNEUMONIA\BACTERIA-8241352-0001.jpeg,dataset_1,PNEUMONIA,BACTERIAL,1,a181b1087627fd1473b38d5a67fac3a3c3daf7f5dd394746336b59ebc2078bce,d066c318e53ce47d,False
img_005298,e:\Final_Project\Pnuemonia_Detection\data\raw_datasets\dataset_1\train\PNEUMONIA\VIRUS-6171093-0002.jpeg,dataset_1,PNEUMONIA,VIRAL,2,e571239f728c122e3571a81e6b3e2cf1419f778033d8d597135b714f103fcbd4,d02b434a6a5d3ccf,False
img_003468,e:\Final_Project\Pnuemonia_Detection\data\raw_datasets\dataset_1\train\PNEUMONIA\BACTERIA-6235826-0002.jpeg,dataset_1,PNEUMONIA,BACTERIAL,1,fda36c1a06cb793dc1c0360b71fda0dd91cde21dcbc53d91523c2d73990f7223,cc2a2b2beb1bd151,False
img_004711,e:\Final_Project\Pnuemonia_Detection\data\raw_datasets\dataset_1\train\PNEUMONIA\VIRUS-2445498-0003.jpeg,dataset_1,PNEUMONIA,VIRAL,2,1e6b52d1418d6a85e46d562f93aacf2fea01bcfe246d653ea89253049ee5d4ac,8165c63ae23bb34b,False
img_002244,e:\Final_Project\Pnuemonia_Detection\data\raw_datasets\dataset_1\train\PNEUMONIA\BACTERIA-2023413-0001.jpeg,dataset_1,PNEUMONIA,BACTERIAL,1,aa251a21cdb8fb30e3f134bd53fe80844ebc9cc51aec86cb14db4c6dd14bf142,902eee1a491f5c5b,False
img_006026,e:\Final_Project\Pnuemonia_Detection\data\raw_datasets\dataset_2\test\NORMAL\NORMAL2-IM-0300-0001.jpeg,dataset_2,NORMAL,NORMAL,0,2306c4ea7f32bba10cc43056c2131acae2affc5de35b08e7c49f1ef6e7edc20d,98efc65ac71a104f,False
img_001641,e:\Final_Project\Pnuemonia_Detection\data\raw_datasets\dataset_1\train\NORMAL\NORMAL-7749598-0002.jpeg,dataset_1,NORMAL,NORMAL,0,f0388454a5d87180fe34bf85bea1c1c38b5c6391f277d92fa45510af5f30a617,997f461a5e1a184f,False
img_001070,e:\Final_Project\Pnuemonia_Detection\data\raw_datasets\dataset_1\train\NORMAL\NORMAL-3948906-0002.jpeg,dataset_1,NORMAL,NORMAL,0,36f734b39dd18b2fee0a2c032c37835b1d56b6c4d137ae400b5e9ae94b1ba159,8117c71ae89d7897,False
img_003804,e:\Final_Project\Pnuemonia_Detection\data\raw_datasets\dataset_1\train\PNEUMONIA\BACTERIA-7520236-0001.jpeg,dataset_1,PNEUMONIA,BACTERIAL,1,25330cb469c1b3e1180f233d5396f988d3d3543f80d1982790ceebec3394408b,9129d716564e1ed6,False
img_003841,e:\Final_Project\Pnuemonia_Detection\data\raw_datasets\dataset_1\train\PNEUMONIA\BACTERIA-7693090-0002.jpeg,dataset_1,PNEUMONIA,BACTERIAL,1,45d1fae3d3c5b0b32bbb519a125f9f901b21761ff0b84e261d7dc4e4c6a9f07f,da2fab0c5d4d3c28,False
img_005620,e:\Final_Project\Pnuemonia_Detection\data\raw_datasets\dataset_1\train\PNEUMONIA\VIRUS-8346601-0002.jpeg,dataset_1,PNEUMONIA,VIRAL,2,523b7a3c807bcadb585dccaa130d89bda209d394af4b156a962ae55f9a4ef7bd,d42fe72fad09180b,False
img_002285,e:\Final_Project\Pnuemonia_Detection\data\raw_datasets\dataset_1\train\PNEUMONIA\BACTERIA-215369-0003.jpeg,dataset_1,PNEUMONIA,BACTERIAL,1,d55eaf13158bfb2d69f2d48f625ab55d61201699456a8a565f9fda350784ef27,95e8a7128717531f,False
img_003827,e:\Final_Project\Pnuemonia_Detection\data\raw_datasets\dataset_1\train\PNEUMONIA\BACTERIA-7630183-0003.jpeg,dataset_1,PNEUMONIA,BACTERIAL,1,f2b65acc4da81f5afaae4c7d94d5a96d95056c35a57acdb27dd0ea0f11b776ec,c0b6e33fc22f982c,False
img_002623,e:\Final_Project\Pnuemonia_Detection\data\raw_datasets\dataset_1\train\PNEUMONIA\BACTERIA-338181-0002.jpeg,dataset_1,PNEUMONIA,BACTERIAL,1,e386ad2c24f75e86ed9385c933fb0c2843f0f54fcf6c146cdddfe53b5536ade5,902ee71a9a5b3995,False
img_001597,e:\Final_Project\Pnuemonia_Detection\data\raw_datasets\dataset_1\train\NORMAL\NORMAL-7436212-0002.jpeg,dataset_1,NORMAL,NORMAL,0,632fcd1c05c053db5b6b2c86a36657704eda137bd9983d061d87c13403b6bacb,d0bdc31b9cc438b6,False
img_003043,e:\Final_Project\Pnuemonia_Detection\data\raw_datasets\dataset_1\train\PNEUMONIA\BACTERIA-4789461-0001.jpeg,dataset_1,PNEUMONIA,BACTERIAL,1,bb26487645fab1897f7f469e5de3fe49aff80198a0ee199baa81ba5eb928a617,812be61ed65b3447,False
img_004621,e:\Final_Project\Pnuemonia_Detection\data\raw_datasets\dataset_1\train\PNEUMONIA\VIRUS-173061-0001.jpeg,dataset_1,PNEUMONIA,VIRAL,2,21612d665f47fdb20a05530918d6b26545fac855ac0ebec14d06198a3c3e7f71,d0ee8729898c69b7,False
img_002701,e:\Final_Project\Pnuemonia_Detection\data\raw_datasets\dataset_1\train\PNEUMONIA\BACTERIA-3690280-0002.jpeg,dataset_1,PNEUMONIA,BACTERIAL,1,53ab270a52f53b0a879c99ec291a665afc3214fe66a9679dfbd864df1d9b3432,dd7ee7181109314f,False
img_002053,e:\Final_Project\Pnuemonia_Detection\data\raw_datasets\dataset_1\train\PNEUMONIA\BACTERIA-1245228-0001.jpeg,dataset_1,PNEUMONIA,BACTERIAL,1,71b36cc6a7ab0ed088e15472bfd3594896e336445df98c4e4c064180da0c437e,946ae71ed40f3943,False
img_005385,e:\Final_Project\Pnuemonia_Detection\data\raw_datasets\dataset_1\train\PNEUMONIA\VIRUS-671100-0003.jpeg,dataset_1,PNEUMONIA,VIRAL,2,c90c846e72245b2c254e34599a736a934ecf25da02b9bcabe3d10b34de527f13,986eef1c471cc45c,False
img_004575,e:\Final_Project\Pnuemonia_Detection\data\raw_datasets\dataset_1\train\PNEUMONIA\VIRUS-1356901-0002.jpeg,dataset_1,PNEUMONIA,VIRAL,2,ec143d0b1aa004878d341b7e619ad7b2b8dd8a9109eda2f165f0e3475c84684b,91e5c71ee838e439,False
img_001043,e:\Final_Project\Pnuemonia_Detection\data\raw_datasets\dataset_1\train\NORMAL\NORMAL-3852346-0001.jpeg,dataset_1,NORMAL,NORMAL,0,03bd3ec362ba642dfac8a7eb5f38717e8f6e80dc4c831454e4fa1160e22a1acc,d03ec30ddc6c3cc6,False
img_000422,e:\Final_Project\Pnuemonia_Detection\data\raw_datasets\dataset_1\test\PNEUMONIA\BACTERIA-8285922-0002.jpeg,dataset_1,PNEUMONIA,BACTERIAL,1,07f235333e23b4e1ca2af84b7c2d2b8bee4de8544112ea74ef0bdb62a62a866c,906aef1ac31f0e47,False
img_002792,e:\Final_Project\Pnuemonia_Detection\data\raw_datasets\dataset_1\train\PNEUMONIA\BACTERIA-3955228-0001.jpeg,dataset_1,PNEUMONIA,BACTERIAL,1,3ba5d03463be2001e71456b1c220285fb839771d9c86a7e0f0a980cfe521cf24,907eef4e1ec60e88,False
img_003136,e:\Final_Project\Pnuemonia_Detection\data\raw_datasets\dataset_1\train\PNEUMONIA\BACTERIA-5150733-0005.jpeg,dataset_1,PNEUMONIA,BACTERIAL,1,124dd2a0292b63fb88641a121ae050ebc6d67cc8d97c67d8637df860751286d1,9abfd4989e8204f6,False
img_002043,e:\Final_Project\Pnuemonia_Detection\data\raw_datasets\dataset_1\train\PNEUMONIA\BACTERIA-1182905-0002.jpeg,dataset_1,PNEUMONIA,BACTERIAL,1,a4e305d5e6bdcb05770d0bff8521269f856721341e4c951ac7b3fbe7d58eae24,d42beb5fc31b180a,False
img_001377,e:\Final_Project\Pnuemonia_Detection\data\raw_datasets\dataset_1\train\NORMAL\NORMAL-6090737-0002.jpeg,dataset_1,NORMAL,NORMAL,0,ab687d798d7424cd5a1876a60b900cd39afdf28169a41d9c960ff58cfc48e42d,810ed65ad463b4e7,False
img_004339,e:\Final_Project\Pnuemonia_Detection\data\raw_datasets\dataset_1\train\PNEUMONIA\BACTERIA-9307399-0001.jpeg,dataset_1,PNEUMONIA,BACTERIAL,1,abb79916ae2c94deed8acc17c70e3deee3d58f173a451f511992f3dcf1cf136b,9121eb3ce21f70c7,False
img_005919,e:\Final_Project\Pnuemonia_Detection\data\raw_datasets\dataset_2\test\NORMAL\IM-0102-0001.jpeg,dataset_2,NORMAL,NORMAL,0,f240b0718555bdab2c4dfd342b831b55be8284243d057a2c3ad2a8ad9a2c012d,d074873b872bb986,False
img_000146,e:\Final_Project\Pnuemonia_Detection\data\raw_datasets\dataset_1\test\NORMAL\NORMAL-6267994-0001.jpeg,dataset_1,NORMAL,NORMAL,0,d0868a181f49bb50ea615e1ad46a07fa85d9e3fa87d618ce5ad456fbabb8cbda,916d663a691d3987,False
img_005992,e:\Final_Project\Pnuemonia_Detection\data\raw_datasets\dataset_2\test\NORMAL\NORMAL2-IM-0237-0001.jpeg,dataset_2,NORMAL,NORMAL,0,05f4dcb417b5aa7951b2ff9ad3523dc7740227ac1ebe8754f8004a5e2eaaa149,91aade5ed41d905a,False
img_000650,e:\Final_Project\Pnuemonia_Detection\data\raw_datasets\dataset_1\train\NORMAL\NORMAL-1165014-0002.jpeg,dataset_1,NORMAL,NORMAL,0,d00e53ba67712bada31ba319e9bb80cd311aee83e2ec492c04b452110f002f5e,896f471a0e4d3ce5,False
img_002780,e:\Final_Project\Pnuemonia_Detection\data\raw_datasets\dataset_1\train\PNEUMONIA\BACTERIA-3899576-0001.jpeg,dataset_1,PNEUMONIA,BACTERIAL,1,4a6a88e5e2dbb59bd265796049dc57a8c9cf89c7849060ca6d00f129c562a5ac,c0aff3cb3dd04055,False
img_002954,e:\Final_Project\Pnuemonia_Detection\data\raw_datasets\dataset_1\train\PNEUMONIA\BACTERIA-4514768-0001.jpeg,dataset_1,PNEUMONIA,BACTERIAL,1,5aa97933c1e428999626a0c873ef73401e5205981c1f60092a5f7364624b4543,946fe31c944a1fca,False
img_001218,e:\Final_Project\Pnuemonia_Detection\data\raw_datasets\dataset_1\train\NORMAL\NORMAL-5021371-0001.jpeg,dataset_1,NORMAL,NORMAL,0,1c75c3e09d29240faf464e9d5a540af916619c83a971e30319df71d4356c98c0,9d2c461b0d4d7c4f,False
img_004620,e:\Final_Project\Pnuemonia_Detection\data\raw_datasets\dataset_1\train\PNEUMONIA\VIRUS-1727027-0001.jpeg,dataset_1,PNEUMONIA,VIRAL,2,8a8d2a69e380dbad4162ed3a92a5271f337cbe6c01556ec3be01765243ce4248,9121e71eea6a3d49,False
img_005661,e:\Final_Project\Pnuemonia_Detection\data\raw_datasets\dataset_1\train\PNEUMONIA\VIRUS-8597098-0002.jpeg,dataset_1,PNEUMONIA,VIRAL,2,410df0ec8124e31ece158712972ac7c45b3cb32d9eac004d9db8cf2e0da8a4f9,d0f0d778e63da904,False
img_000872,e:\Final_Project\Pnuemonia_Detection\data\raw_datasets\dataset_1\train\NORMAL\NORMAL-2689107-0001.jpeg,dataset_1,NORMAL,NORMAL,0,2aa6d4442b50fdb14e3b9d4273a084a1c910ec9325c0b02c7df7cee4ff41cf75,8129e25a58597ddd,False
img_004177,e:\Final_Project\Pnuemonia_Detection\data\raw_datasets\dataset_1\train\PNEUMONIA\BACTERIA-8696225-0001.jpeg,dataset_1,PNEUMONIA,BACTERIAL,1,d916966ad9ea22732528b8697f50b4254575b1599d741e13a62ebd21f203b910,d550eb1fe5c22d90,False
img_001676,e:\Final_Project\Pnuemonia_Detection\data\raw_datasets\dataset_1\train\NORMAL\NORMAL-806218-0001.jpeg,dataset_1,NORMAL,NORMAL,0,342ca3555a6a6b81218afec6e7f7ad2f3956deb82b12593fb2561aca53163974,d0f4c71ec9c5a0c7,False
img_002233,e:\Final_Project\Pnuemonia_Detection\data\raw_datasets\dataset_1\train\PNEUMONIA\BACTERIA-1984461-0001.jpeg,dataset_1,PNEUMONIA,BACTERIAL,1,dc1b42b1570e1dbe345505af466551e7021d809757a97800eef02798e6f9020a,94aaebbec21f100f,False
img_004861,e:\Final_Project\Pnuemonia_Detection\data\raw_datasets\dataset_1\train\PNEUMONIA\VIRUS-3516794-0003.jpeg,dataset_1,PNEUMONIA,VIRAL,2,bcf9da6c332ed5b8de9295d227ec4fff7f0a6481a86490be5056e08061741dd1,9065c63ee43bf04b,False
img_004394,e:\Final_Project\Pnuemonia_Detection\data\raw_datasets\dataset_1\train\PNEUMONIA\BACTERIA-9530903-0002.jpeg,dataset_1,PNEUMONIA,BACTERIAL,1,6a93c5db5c41549330eb607eb5f4661694d300dbca7411687ba60d5f8215e9ca,957b7a1e501a394b,False
img_004171,e:\Final_Project\Pnuemonia_Detection\data\raw_datasets\dataset_1\train\PNEUMONIA\BACTERIA-8660561-0010.jpeg,dataset_1,PNEUMONIA,BACTERIAL,1,a6ca6beb112aa66e0e820dca9070b12b6d150483a01fd3e05665420c61e4c690,902afb5f565d141a,False
img_005779,e:\Final_Project\Pnuemonia_Detection\data\raw_datasets\dataset_1\train\PNEUMONIA\VIRUS-9451950-0002.jpeg,dataset_1,PNEUMONIA,VIRAL,2,29230671cae21583e46ece46a9a7fa3d2f40aa8545c1b27ccbe2d6e173d55040,d47ec71bad8d2908,False
img_005469,e:\Final_Project\Pnuemonia_Detection\data\raw_datasets\dataset_1\train\PNEUMONIA\VIRUS-7317904-0002.jpeg,dataset_1,PNEUMONIA,VIRAL,2,f5f2c32210fb973183a78df9c57873b1d284fe5816a95a9ec22471163c069bb0,d095e61ee50eb04f,False
img_005223,e:\Final_Project\Pnuemonia_Detection\data\raw_datasets\dataset_1\train\PNEUMONIA\VIRUS-5695247-0001.jpeg,dataset_1,PNEUMONIA,VIRAL,2,03ef5acdc868570667367ba2f3c22fa7b903fee6f9a886c56b896951b07caa66,91a9c31bc34f3c4b,False
img_005392,e:\Final_Project\Pnuemonia_Detection\data\raw_datasets\dataset_1\train\PNEUMONIA\VIRUS-6721427-0001.jpeg,dataset_1,PNEUMONIA,VIRAL,2,077e1521344dc72e6ce179dba22c8a7ba71258c6f95d0bcdac919838aff27843,91659339ed39c11b,False
img_000539,e:\Final_Project\Pnuemonia_Detection\data\raw_datasets\dataset_1\test\PNEUMONIA\VIRUS-4360206-0001.jpeg,dataset_1,PNEUMONIA,VIRAL,2,ef40a4d6800faaf5936ab38dcd13fecd1837fa03e7f188899445c2a3c8042dca,91ff870a831b29c7,False
img_002323,e:\Final_Project\Pnuemonia_Detection\data\raw_datasets\dataset_1\train\PNEUMONIA\BACTERIA-2302795-0001.jpeg,dataset_1,PNEUMONIA,BACTERIAL,1,b56ce6ff60581fb7ed9e7112de25ba6bd7c75bf21f26d019107fef73442af7d0,d02f435f1d4f0d1c,False
img_000630,e:\Final_Project\Pnuemonia_Detection\data\raw_datasets\dataset_1\train\NORMAL\NORMAL-1031320-0001.jpeg,dataset_1,NORMAL,NORMAL,0,3013787df751490002eb341cbb1a9690fe22b879167283b5613aecfa5169382f,816eca58cd499ecb,False
img_000302,e:\Final_Project\Pnuemonia_Detection\data\raw_datasets\dataset_1\test\PNEUMONIA\BACTERIA-3961172-0004.jpeg,dataset_1,PNEUMONIA,BACTERIAL,1,bc5b4787665f5bee1dfe5085343ebbce2bb44871ad905c48e258d912708ce3e3,903aeb1e5e1a1d8b,False
img_001889,e:\Final_Project\Pnuemonia_Detection\data\raw_datasets\dataset_1\train\NORMAL\NORMAL-9430515-0001.jpeg,dataset_1,NORMAL,NORMAL,0,93c1c9dedb256eef02e106ef85967648fe4dea71a5de502456caf845f8a1935b,d47e871f8d0c1cc6,False
img_001931,e:\Final_Project\Pnuemonia_Detection\data\raw_datasets\dataset_1\train\NORMAL\NORMAL-975757-0001.jpeg,dataset_1,NORMAL,NORMAL,0,547d45afb34868d07c9ac322ea0791927aab5c16663bf7d223c48164ab5597a2,812bc21af86939fb,False
img_003457,e:\Final_Project\Pnuemonia_Detection\data\raw_datasets\dataset_1\train\PNEUMONIA\BACTERIA-6162954-0005.jpeg,dataset_1,PNEUMONIA,BACTERIAL,1,35ad4e82acc07ae80cf051522db6a4d486f0852bfd65600253afa8db463a0774,91b5c63e864bb14b,False
img_002142,e:\Final_Project\Pnuemonia_Detection\data\raw_datasets\dataset_1\train\PNEUMONIA\BACTERIA-1630215-0006.jpeg,dataset_1,PNEUMONIA,BACTERIAL,1,4b7f7ab8f250020429581b7b14406a956092f05ba26ec9b2a72854456c5beae6,c835e33ecb2c9a61,False
img_000177,e:\Final_Project\Pnuemonia_Detection\data\raw_datasets\dataset_1\test\NORMAL\NORMAL-7225301-0001.jpeg,dataset_1,NORMAL,NORMAL,0,3df4e8c3c267d8197f27cb2dbe86e648b252b3dc19b8713cf10268ccaa8cc895,d4fc873bad2e280c,False
img_005097,e:\Final_Project\Pnuemonia_Detection\data\raw_datasets\dataset_1\train\PNEUMONIA\VIRUS-4981553-0002.jpeg,dataset_1,PNEUMONIA,VIRAL,2,6c37a16b3c4c95531b8fd8267ab7b27b1e1d78ef5ac739be5c14f7b87154ed2d,d460825bf11fb11f,False
img_005173,e:\Final_Project\Pnuemonia_Detection\data\raw_datasets\dataset_1\train\PNEUMONIA\VIRUS-5378466-0002.jpeg,dataset_1,PNEUMONIA,VIRAL,2,8268b1bf3d82467a1b95fa51c394fe7261054edbf20edc91d88b23488263ae9a,d47c971fad1c281c,False
img_003434,e:\Final_Project\Pnuemonia_Detection\data\raw_datasets\dataset_1\train\PNEUMONIA\BACTERIA-6076468-0008.jpeg,dataset_1,PNEUMONIA,BACTERIAL,1,822c19f0e4c4e6ab74c6c5eceb06e52d8606aa90de4ece76fa3578a890637424,c02fe31fda633868,False
img_004676,e:\Final_Project\Pnuemonia_Detection\data\raw_datasets\dataset_1\train\PNEUMONIA\VIRUS-2147615-0004.jpeg,dataset_1,PNEUMONIA,VIRAL,2,8d80fa74a814abb7b3bf09f2a3b25be1dcccfc5e3d470c32d71a1bc4c0bc5a25,d074e71a930bb94b,False
img_002789,e:\Final_Project\Pnuemonia_Detection\data\raw_datasets\dataset_1\train\PNEUMONIA\BACTERIA-3932811-0001.jpeg,dataset_1,PNEUMONIA,BACTERIAL,1,18f1fe2112ec25fe72794ae9b77c0b0231d7e8c616345e28f3a66077f40ed12d,913fee1a1f4a194c,False
img_003975,e:\Final_Project\Pnuemonia_Detection\data\raw_datasets\dataset_1\train\PNEUMONIA\BACTERIA-8060977-0002.jpeg,dataset_1,PNEUMONIA,BACTERIAL,1,6f0565cde50dc7ce7e6e0258d620730c0d39025426c48a9a06c04766d3b52b7d,9065c71a834bfdc5,False
img_001629,e:\Final_Project\Pnuemonia_Detection\data\raw_datasets\dataset_1\train\NORMAL\NORMAL-7696091-0002.jpeg,dataset_1,NORMAL,NORMAL,0,ab8c76d47ef3e51d544c67b409feb99936247b83d32406a1ceb03cdec27ce3f8,9056c29ecd34c6e7,False
img_000700,e:\Final_Project\Pnuemonia_Detection\data\raw_datasets\dataset_1\train\NORMAL\NORMAL-1566405-0001.jpeg,dataset_1,NORMAL,NORMAL,0,c7c787bdd8c9cf921656a89e4a65483abef5ca9dae4bbf31974be8e056ea1005,d07cc71b9d4f18c4,False
img_004100,e:\Final_Project\Pnuemonia_Detection\data\raw_datasets\dataset_1\train\PNEUMONIA\BACTERIA-8466959-0001.jpeg,dataset_1,PNEUMONIA,BACTERIAL,1,bc3fe0eca819be13ead4f1418ff7655fc2de1601674659ba159d345dca693f55,813eee74b42aaa47,False
img_001894,e:\Final_Project\Pnuemonia_Detection\data\raw_datasets\dataset_1\train\NORMAL\NORMAL-9467271-0002.jpeg,dataset_1,NORMAL,NORMAL,0,5d281b8ff1dbb01d6614c2b6915704602c416a07f0c7bef25593008878777def,906dc31ae9693dc5,False
img_002089,e:\Final_Project\Pnuemonia_Detection\data\raw_datasets\dataset_1\train\PNEUMONIA\BACTERIA-1453618-0001.jpeg,dataset_1,PNEUMONIA,BACTERIAL,1,2f8815ed5e9fb4f7b3cfe2fc4bf1f9b3098031ade9f65326c70352b6147c5c0e,c06aef696c466cca,False
img_000664,e:\Final_Project\Pnuemonia_Detection\data\raw_datasets\dataset_1\train\NORMAL\NORMAL-1325139-0001.jpeg,dataset_1,NORMAL,NORMAL,0,595ae3a8750ff734cef97d6a1860b85b6b8225f974813219e1f50f736ac86d9e,912dc71ef84939e1,False
img_003522,e:\Final_Project\Pnuemonia_Detection\data\raw_datasets\dataset_1\train\PNEUMONIA\BACTERIA-6420106-0001.jpeg,dataset_1,PNEUMONIA,BACTERIAL,1,150c693fc72134cd0a6753a87b0801818bb7f1f967c0bbd64a494b6345abbd5f,d07fe33cd20bb448,False
img_004169,e:\Final_Project\Pnuemonia_Detection\data\raw_datasets\dataset_1\train\PNEUMONIA\BACTERIA-8660561-0008.jpeg,dataset_1,PNEUMONIA,BACTERIAL,1,10509332b5217d7c88bada035e5ced01c23bf359e464e4eed0e1d708845bac26,803f525a5a4b3f69,False
img_004959,e:\Final_Project\Pnuemonia_Detection\data\raw_datasets\dataset_1\train\PNEUMONIA\VIRUS-4016460-0005.jpeg,dataset_1,PNEUMONIA,VIRAL,2,bf573f5658d906f74130c52933983fb39fc2055515df2ead4f8505bb21384e2d,d03faf1f892d28c2,False
img_004345,e:\Final_Project\Pnuemonia_Detection\data\raw_datasets\dataset_1\train\PNEUMONIA\BACTERIA-9349641-0001.jpeg,dataset_1,PNEUMONIA,BACTERIAL,1,e001e14146899086d426f79ec97271933f900c41dbd9c2b93d047092a4402fd1,953fc618c9699cca,False
img_000995,e:\Final_Project\Pnuemonia_Detection\data\raw_datasets\dataset_1\train\NORMAL\NORMAL-3514363-0003.jpeg,dataset_1,NORMAL,NORMAL,0,8cf9fb55fd053d978862e701a5a3c2fc87f0d380e4af5fa1d5138ef7b2c97ea6,8174a77ae9a568e4,False
img_005643,e:\Final_Project\Pnuemonia_Detection\data\raw_datasets\dataset_1\train\PNEUMONIA\VIRUS-8498536-0002.jpeg,dataset_1,PNEUMONIA,VIRAL,2,d111a6b4e1479775c02a8dec99458b58db85225ae15dc8b8170c53c65f5d9660,90bf47120e5f1f1c,False
img_000639,e:\Final_Project\Pnuemonia_Detection\data\raw_datasets\dataset_1\train\NORMAL\NORMAL-1068326-0001.jpeg,dataset_1,NORMAL,NORMAL,0,c1d6252399ea2b336bb77b49d76a76fddf9223b2cece4252200bcb75e3877291,d03bc29afcc626a6,False
img_004790,e:\Final_Project\Pnuemonia_Detection\data\raw_datasets\dataset_1\train\PNEUMONIA\VIRUS-292296-0002.jpeg,dataset_1,PNEUMONIA,VIRAL,2,0a7140fddc67959014306d9ecc62fa67944d1e42a08f38169023d8005ec46d08,d046defd850cc729,False
img_000614,e:\Final_Project\Pnuemonia_Detection\data\raw_datasets\dataset_1\test\PNEUMONIA\VIRUS-9240664-0001.jpeg,dataset_1,PNEUMONIA,VIRAL,2,e4c2f24204fdfd690a593fca5be79fbd800ade5cdbe9e864b3b806a5c6086e3c,812bc77ae8587d49,False
img_004323,e:\Final_Project\Pnuemonia_Detection\data\raw_datasets\dataset_1\train\PNEUMONIA\BACTERIA-923246-0001.jpeg,dataset_1,PNEUMONIA,BACTERIAL,1,441acd175cfef735b5a2e2375b0c789444b5b8ca7900461afea39e275012e8c7,d4af0356072b0f6e,False
img_002400,e:\Final_Project\Pnuemonia_Detection\data\raw_datasets\dataset_1\train\PNEUMONIA\BACTERIA-2572805-0001.jpeg,dataset_1,PNEUMONIA,BACTERIAL,1,7242292d57fa5b7abb3e5a86cccd6e88a50445a938671f34c3cbbaccca33c53e,90aaa32bc71bc15f,False
img_001401,e:\Final_Project\Pnuemonia_Detection\data\raw_datasets\dataset_1\train\NORMAL\NORMAL-6271808-0001.jpeg,dataset_1,NORMAL,NORMAL,0,95fe6dd24fc010ee526e40457ff34ef057d257c71b22ac9fd312094d4d7b2a37,81adce7a69693c49,False
img_000536,e:\Final_Project\Pnuemonia_Detection\data\raw_datasets\dataset_1\test\PNEUMONIA\VIRUS-4276353-0001.jpeg,dataset_1,PNEUMONIA,VIRAL,2,00e5d129f01c4cfde70a326037d0d0a7c8c0996cfc56fbe18bdd532ec844780f,95eeae1a8f1d031c,False
img_002870,e:\Final_Project\Pnuemonia_Detection\data\raw_datasets\dataset_1\train\PNEUMONIA\BACTERIA-4293827-0001.jpeg,dataset_1,PNEUMONIA,BACTERIAL,1,38aae966862ceb19d0794a7e0e18e56741c88b1f0d35101c772e7e1f9ff1301c,91edc33fb4433d40,False
img_005686,e:\Final_Project\Pnuemonia_Detection\data\raw_datasets\dataset_1\train\PNEUMONIA\VIRUS-873293-0002.jpeg,dataset_1,PNEUMONIA,VIRAL,2,7a06e3bc0d5b75d9d87aa8610a0cdbbac5394ddeb338005dc7931904e50c6c94,9197c61ae9a935c9,False
img_003223,e:\Final_Project\Pnuemonia_Detection\data\raw_datasets\dataset_1\train\PNEUMONIA\BACTERIA-5378466-0001.jpeg,dataset_1,PNEUMONIA,BACTERIAL,1,e39fe0eac50757e591994e1d8e42c16ebf4076562a05ce7fda63346b43af4443,8a2ae5ffb0d00b1d,False
img_003633,e:\Final_Project\Pnuemonia_Detection\data\raw_datasets\dataset_1\train\PNEUMONIA\BACTERIA-6760822-0003.jpeg,dataset_1,PNEUMONIA,BACTERIAL,1,28156fee480fbadf284ca3f97802fb83aad830b0ba734e299def1041dc9a8945,d46ea30707931b1f,False
img_005393,e:\Final_Project\Pnuemonia_Detection\data\raw_datasets\dataset_1\train\PNEUMONIA\VIRUS-6737390-0002.jpeg,dataset_1,PNEUMONIA,VIRAL,2,9b226cea7cbcfef9ad3f64ca91f6ca8802c8e5fc1e4f0d373adba5d57d7abb78,d4ffa30b830f6883,False
img_003154,e:\Final_Project\Pnuemonia_Detection\data\raw_datasets\dataset_1\train\PNEUMONIA\BACTERIA-5164118-0005.jpeg,dataset_1,PNEUMONIA,BACTERIAL,1,9bf5285de151c1baa3f05ab275ed6a85e8ac8ca5c547173122b18c252eb3ed1a,d02b6b3ec21a3da5,False
img_005021,e:\Final_Project\Pnuemonia_Detection\data\raw_datasets\dataset_1\train\PNEUMONIA\VIRUS-4462203-0007.jpeg,dataset_1,PNEUMONIA,VIRAL,2,95000d2b3fb58a3035dfb76b84ebbaa09635fbabadb84a35e8c5c522dfe0ccc5,d46e851b9f1f09a4,False
img_003139,e:\Final_Project\Pnuemonia_Detection\data\raw_datasets\dataset_1\train\PNEUMONIA\BACTERIA-5150733-0008.jpeg,dataset_1,PNEUMONIA,BACTERIAL,1,a92f022d6f0a306be5667c55aa3a34bfa82cfa88f5ee247ddc3a79ae204f61b8,942bbf3c903fb016,False
img_004947,e:\Final_Project\Pnuemonia_Detection\data\raw_datasets\dataset_1\train\PNEUMONIA\VIRUS-3932811-0002.jpeg,dataset_1,PNEUMONIA,VIRAL,2,7e51c5a8ecde84c6056f3d2f2969675db01af777f5289dd535ec7005962591db,912ce22fe44bbcc3,False
img_003652,e:\Final_Project\Pnuemonia_Detection\data\raw_datasets\dataset_1\train\PNEUMONIA\BACTERIA-6870430-0002.jpeg,dataset_1,PNEUMONIA,BACTERIAL,1,3cfdfa4bfcf2d5699f37d33b439dc1d6b3dde869989d88cb743165ed0eea1a44,90e5078b0f1f9e5a,False
img_002574,e:\Final_Project\Pnuemonia_Detection\data\raw_datasets\dataset_1\train\PNEUMONIA\BACTERIA-3246536-0001.jpeg,dataset_1,PNEUMONIA,BACTERIAL,1,b810c53024092cc3e3c9206d23a655fd024e85a90c52a2009b0acd6ca84fc003,d07fde1adc5c90c0,False
img_004546,e:\Final_Project\Pnuemonia_Detection\data\raw_datasets\dataset_1\train\PNEUMONIA\VIRUS-1182905-0003.jpeg,dataset_1,PNEUMONIA,VIRAL,2,3152d3600f0e97355618b5345b96b28ad25a35388c72ab7f5ba56160166e89a2,dd7ce41aa0077aa5,False
img_004762,e:\Final_Project\Pnuemonia_Detection\data\raw_datasets\dataset_1\train\PNEUMONIA\VIRUS-2752177-0002.jpeg,dataset_1,PNEUMONIA,VIRAL,2,dd0afd77b20fc108c105918003dac1c25449e1d5e08a23b242769791938f2659,d066c65ae93de82c,False
img_004712,e:\Final_Project\Pnuemonia_Detection\data\raw_datasets\dataset_1\train\PNEUMONIA\VIRUS-2452646-0002.jpeg,dataset_1,PNEUMONIA,VIRAL,2,8fbe929ae98e740a6dff284c0dcbb0b85d378d90407451c91fbd46d850fcb7bb,916fc638e939a46a,False
img_000460,e:\Final_Project\Pnuemonia_Detection\data\raw_datasets\dataset_1\test\PNEUMONIA\BACTERIA-932292-0003.jpeg,dataset_1,PNEUMONIA,BACTERIAL,1,2905ac37d1d461c04eaf4e8a2f77dba7c1359dc65245ceb6aef038e7cc6b684e,d03be61eba4a3c58,False
img_000488,e:\Final_Project\Pnuemonia_Detection\data\raw_datasets\dataset_1\test\PNEUMONIA\VIRUS-1423083-0001.jpeg,dataset_1,PNEUMONIA,VIRAL,2,da24e109c0a05f64db0767c0f6c233678caf5d729cea82729c1d806db21a5349,90eaea5ec75ac44a,False
img_003112,e:\Final_Project\Pnuemonia_Detection\data\raw_datasets\dataset_1\train\PNEUMONIA\BACTERIA-5082567-0001.jpeg,dataset_1,PNEUMONIA,BACTERIAL,1,1987fa9af61f2158622530cac5d4ba9b722dbb64a8c7c5a547c1da8fefba181b,c53af25b1e5a1c94,False
img_000645,e:\Final_Project\Pnuemonia_Detection\data\raw_datasets\dataset_1\train\NORMAL\NORMAL-1128157-0001.jpeg,dataset_1,NORMAL,NORMAL,0,1eab167cd836a153ddeb61a0e59ff21b276fb79b0aab70491605a77ffc52f4ac,917de73ae9692828,False
img_005646,e:\Final_Project\Pnuemonia_Detection\data\raw_datasets\dataset_1\train\PNEUMONIA\VIRUS-8527391-0002.jpeg,dataset_1,PNEUMONIA,VIRAL,2,4e55b41e339d9471205127ee2794a1a638e8da7f57aed3605ecbcb8611e76dc8,d568822be96d6c4d,False
img_001833,e:\Final_Project\Pnuemonia_Detection\data\raw_datasets\dataset_1\train\NORMAL\NORMAL-9061361-0001.jpeg,dataset_1,NORMAL,NORMAL,0,895973704b29973e14d854826bf303bb10d2d10a0bb22872ad93ec24f361fa89,91758f1e8f0d0dcc,False
img_000214,e:\Final_Project\Pnuemonia_Detection\data\raw_datasets\dataset_1\test\NORMAL\NORMAL-8836138-0001.jpeg,dataset_1,NORMAL,NORMAL,0,cc896671aa94f7f5266b6552a214c6a85ba5c566747e5709769b37157ca94933,d47fe71fac181844,False
img_003637,e:\Final_Project\Pnuemonia_Detection\data\raw_datasets\dataset_1\train\PNEUMONIA\BACTERIA-6791804-0001.jpeg,dataset_1,PNEUMONIA,BACTERIAL,1,bf3ef5af2f4005970ce15733ca8d658a95b9969bd2fba38c1b3ecf28de5cfb1d,d56ba21b131b0f6c,False
img_000831,e:\Final_Project\Pnuemonia_Detection\data\raw_datasets\dataset_1\train\NORMAL\NORMAL-2432050-0001.jpeg,dataset_1,NORMAL,NORMAL,0,27200872ddef276f753fb3c973f53a8442294091872f1ee30c37864da7a19f20,d46ec75bcd252886,False
img_000185,e:\Final_Project\Pnuemonia_Detection\data\raw_datasets\dataset_1\test\NORMAL\NORMAL-7488601-0001.jpeg,dataset_1,NORMAL,NORMAL,0,048319d1dbffbad8a6f30497b2e544b4acff1d4ae28a2ab1550c008b4b3d33da,d025c63ae329b46f,False
img_000121,e:\Final_Project\Pnuemonia_Detection\data\raw_datasets\dataset_1\test\NORMAL\NORMAL-5487025-0001.jpeg,dataset_1,NORMAL,NORMAL,0,75135ea91f2d2e08cabc06b4d69dd4a2f1cd8541915b2844b2bfa00400d2e67c,812d627878c33fd6,False
img_005467,e:\Final_Project\Pnuemonia_Detection\data\raw_datasets\dataset_1\train\PNEUMONIA\VIRUS-7300836-0002.jpeg,dataset_1,PNEUMONIA,VIRAL,2,8cb8cdcd498ab827ad7af54da3c1c1d42857b72ecb5ecf37357617974832f74e,c034e33d942d3ccf,False
img_004320,e:\Final_Project\Pnuemonia_Detection\data\raw_datasets\dataset_1\train\PNEUMONIA\BACTERIA-92115-0002.jpeg,dataset_1,PNEUMONIA,BACTERIAL,1,dbb4ee8787e1529cab58645c3f04cfda099e14effeff57cf97bfac5a5e3cd1a4,d03ff2149635b893,False
img_003309,e:\Final_Project\Pnuemonia_Detection\data\raw_datasets\dataset_1\train\PNEUMONIA\BACTERIA-5616489-0001.jpeg,dataset_1,PNEUMONIA,BACTERIAL,1,ff6993969c5f07d6dc90cda584ceb6b9bc264ad23b6cb150f2a36b26d0e7e244,942a415f524fabab,False
img_004316,e:\Final_Project\Pnuemonia_Detection\data\raw_datasets\dataset_1\train\PNEUMONIA\BACTERIA-9203081-0003.jpeg,dataset_1,PNEUMONIA,BACTERIAL,1,e751f1a3dae9d9f4d48e4be38922d5e4bc165f16400d97c8f65ddfaddff3dc29,956aea1ecc0abae2,False
img_004547,e:\Final_Project\Pnuemonia_Detection\data\raw_datasets\dataset_1\train\PNEUMONIA\VIRUS-1182905-0004.jpeg,dataset_1,PNEUMONIA,VIRAL,2,c71ef78807131c6ef4a4bcbedd40117db31481669edf33e552925295bad80c17,d42bc31ed51bd44a,False
img_004385,e:\Final_Project\Pnuemonia_Detection\data\raw_datasets\dataset_1\train\PNEUMONIA\BACTERIA-9496210-0004.jpeg,dataset_1,PNEUMONIA,BACTERIAL,1,444582eb983cb4c08d8c37d36217ac98c1e83cd403aa5934f13a98e7950e5f90,9178e73e78693928,False
img_002800,e:\Final_Project\Pnuemonia_Detection\data\raw_datasets\dataset_1\train\PNEUMONIA\BACTERIA-3991605-0001.jpeg,dataset_1,PNEUMONIA,BACTERIAL,1,30d3c2ffe950a4f6100e24a2c7719f9a34469e2f13c64aa4c8215b259ce3fb2c,c43edb0f864b1647,False
img_001382,e:\Final_Project\Pnuemonia_Detection\data\raw_datasets\dataset_1\train\NORMAL\NORMAL-6123465-0001.jpeg,dataset_1,NORMAL,NORMAL,0,feef255ab113931e618a8a2fdfe304d68d9df3f511bedcdcac34dd986b8fb257,dc2cc31bc94e7c4c,False
img_005089,e:\Final_Project\Pnuemonia_Detection\data\raw_datasets\dataset_1\train\PNEUMONIA\VIRUS-4926863-0003.jpeg,dataset_1,PNEUMONIA,VIRAL,2,76a22240e8e6a162bf64f11223079372a68513d936b1938f9875c522425e509e,d020e39bcb4bb24f,False
img_005119,e:\Final_Project\Pnuemonia_Detection\data\raw_datasets\dataset_1\train\PNEUMONIA\VIRUS-512832-0003.jpeg,dataset_1,PNEUMONIA,VIRAL,2,ede729b2d8965355e9b544f1922cc505ca8b502747136b6a54c9fdff44126875,d456be4a877083b3,False
img_001241,e:\Final_Project\Pnuemonia_Detection\data\raw_datasets\dataset_1\train\NORMAL\NORMAL-5227108-0001.jpeg,dataset_1,NORMAL,NORMAL,0,8f37e2e937590acd04d8a92ea3df8ab54008dcfa1056f3f15688ed8172ce71dc,917da71a890d3d65,False
img_003762,e:\Final_Project\Pnuemonia_Detection\data\raw_datasets\dataset_1\train\PNEUMONIA\BACTERIA-741892-0004.jpeg,dataset_1,PNEUMONIA,BACTERIAL,1,c5190060badd0a92383d12e47980db308dff8891a9da30b581cd6003f39f0723,d428871f5d4f3a2c,False
img_003920,e:\Final_Project\Pnuemonia_Detection\data\raw_datasets\dataset_1\train\PNEUMONIA\BACTERIA-7904047-0001.jpeg,dataset_1,PNEUMONIA,BACTERIAL,1,e6cab91b21ba0cc4d0a9d0a2eb197efec11c0fb92ee0b715985e54ddc316e325,c03f530bc32f3c47,False
img_003169,e:\Final_Project\Pnuemonia_Detection\data\raw_datasets\dataset_1\train\PNEUMONIA\BACTERIA-5207669-0003.jpeg,dataset_1,PNEUMONIA,BACTERIAL,1,9f77f66b23d5e62cc3d90e374ca09ee3ea2efb2a68a2ae7b471bd86a329bd567,903be63e961a38d3,False
img_001008,e:\Final_Project\Pnuemonia_Detection\data\raw_datasets\dataset_1\train\NORMAL\NORMAL-3580922-0001.jpeg,dataset_1,NORMAL,NORMAL,0,2fcbf1c55b7c2feafa44f0d458c3a380697c825c62bf942bbba67bc95c518ba4,887f071e0e1f384f,False
img_000611,e:\Final_Project\Pnuemonia_Detection\data\raw_datasets\dataset_1\test\PNEUMONIA\VIRUS-9018258-0001.jpeg,dataset_1,PNEUMONIA,VIRAL,2,728d220a07f9f9b16429b994f967f68161b0517c156c8bd59dd67483beb8b42a,d4f0e78bad293126,False
img_005133,e:\Final_Project\Pnuemonia_Detection\data\raw_datasets\dataset_1\train\PNEUMONIA\VIRUS-5171784-0002.jpeg,dataset_1,PNEUMONIA,VIRAL,2,2b91050e14356e243beadc569643c47da305d9fa0d19097b89bdd9569da98309,d2bae7bee61b8004,False
img_002354,e:\Final_Project\Pnuemonia_Detection\data\raw_datasets\dataset_1\train\PNEUMONIA\BACTERIA-2426822-0004.jpeg,dataset_1,PNEUMONIA,BACTERIAL,1,6a91ae5231b753d7c775686ce03ff5edcdeee136622bc6fceffd27b13836fbb6,942f0f1e495c6c7c,False
img_003174,e:\Final_Project\Pnuemonia_Detection\data\raw_datasets\dataset_1\train\PNEUMONIA\BACTERIA-5212251-0003.jpeg,dataset_1,PNEUMONIA,BACTERIAL,1,cdf70822d8e52e8655c797a6390dcf792e8cf49af569a02de4003fe865908798,d0bee31ac65b1c43,False
img_000949,e:\Final_Project\Pnuemonia_Detection\data\raw_datasets\dataset_1\train\NORMAL\NORMAL-3229887-0002.jpeg,dataset_1,NORMAL,NORMAL,0,cb4b2208c628db7cc029315db1f155e3a3c75150ad6bb5a7128e923343bef514,8185c75ae9c939c7,False
img_002627,e:\Final_Project\Pnuemonia_Detection\data\raw_datasets\dataset_1\train\PNEUMONIA\BACTERIA-3388576-0002.jpeg,dataset_1,PNEUMONIA,BACTERIAL,1,d4b9fd4d74da0e2f7d369e44659e9f22b26b151b446ba836b9421488e218ad39,d56f555e0b070947,False
img_005645,e:\Final_Project\Pnuemonia_Detection\data\raw_datasets\dataset_1\train\PNEUMONIA\VIRUS-8525654-0001.jpeg,dataset_1,PNEUMONIA,VIRAL,2,91c7f600df2e3d325396fcad7f0c86cbee4f9c100c00d77d7c195dcfa6a8e360,906fc73ec37c7042,False
img_003337,e:\Final_Project\Pnuemonia_Detection\data\raw_datasets\dataset_1\train\PNEUMONIA\BACTERIA-570144-0001.jpeg,dataset_1,PNEUMONIA,BACTERIAL,1,2a7004ab411a6183509484b735e38a6035a1ce4a0e8784eb7f2f066b592098ed,916ec63ad86f68a4,False
img_003583,e:\Final_Project\Pnuemonia_Detection\data\raw_datasets\dataset_1\train\PNEUMONIA\BACTERIA-6569688-0001.jpeg,dataset_1,PNEUMONIA,BACTERIAL,1,1dd96258d94837463843606873a63a0a756f9b4b92a397bf3baf737003f5759f,d02be71ec31f9542,False
img_003699,e:\Final_Project\Pnuemonia_Detection\data\raw_datasets\dataset_1\train\PNEUMONIA\BACTERIA-7128743-0001.jpeg,dataset_1,PNEUMONIA,BACTERIAL,1,2043e55a8b670f5f773a7ccb7208bbc72852af9d11a7a9cdaec05ea08b5be438,9125e61eea5aad43,False
img_004568,e:\Final_Project\Pnuemonia_Detection\data\raw_datasets\dataset_1\train\PNEUMONIA\VIRUS-1335423-0007.jpeg,dataset_1,PNEUMONIA,VIRAL,2,b59335cacd713e9c15dc735f61a5c1eb1994abe067a61f1e377a3a628c4e2118,d57f2f161a092d2c,False
img_003601,e:\Final_Project\Pnuemonia_Detection\data\raw_datasets\dataset_1\train\PNEUMONIA\BACTERIA-6660139-0004.jpeg,dataset_1,PNEUMONIA,BACTERIAL,1,7e958a13ee4968457564779fc579ba36a09ea08a35523d581e6e7c9864dab4bf,913be6aeb8c03969,False
img_005539,e:\Final_Project\Pnuemonia_Detection\data\raw_datasets\dataset_1\train\PNEUMONIA\VIRUS-7796189-0002.jpeg,dataset_1,PNEUMONIA,VIRAL,2,4f4677ee57fddc6b6d9bf1d31b6fedcdb3a95a6cd13c49e2e2f5b51f9911fe8b,91ed8f12c71b8738,False
img_002010,e:\Final_Project\Pnuemonia_Detection\data\raw_datasets\dataset_1\train\PNEUMONIA\BACTERIA-1083680-0020.jpeg,dataset_1,PNEUMONIA,BACTERIAL,1,ba08572125df8e4a1ab10a9869a8eb9ee81ae23582927793f3df3306a96508bd,9400ef3ed25a1fc6,False
img_004402,e:\Final_Project\Pnuemonia_Detection\data\raw_datasets\dataset_1\train\PNEUMONIA\BACTERIA-9550884-0001.jpeg,dataset_1,PNEUMONIA,BACTERIAL,1,77e54ffa48ae94edf6b634e60c22df9972fd3545f447fde063e12a0495e255e0,d13bf0191c933dd2,False
img_005151,e:\Final_Project\Pnuemonia_Detection\data\raw_datasets\dataset_1\train\PNEUMONIA\VIRUS-5257922-0001.jpeg,dataset_1,PNEUMONIA,VIRAL,2,f07a5c92231e72f9bd60b9a2a330b23c695316fe7ce094a2ae3496d934723549,9074c61ac73b917b,False
img_005365,e:\Final_Project\Pnuemonia_Detection\data\raw_datasets\dataset_1\train\PNEUMONIA\VIRUS-6590615-0001.jpeg,dataset_1,PNEUMONIA,VIRAL,2,775b73b794dbacf66924370625003457db249b70e0deeaede15c4ca38f87c390,916fc63ae8091ccf,False
img_000917,e:\Final_Project\Pnuemonia_Detection\data\raw_datasets\dataset_1\train\NORMAL\NORMAL-3006949-0001.jpeg,dataset_1,NORMAL,NORMAL,0,bca16194656cbc279b98ea03a8112c823d4bfa53c6135878ee266a099b68c062,90abc31ff4600fe3,False
img_005257,e:\Final_Project\Pnuemonia_Detection\data\raw_datasets\dataset_1\train\PNEUMONIA\VIRUS-5928927-0001.jpeg,dataset_1,PNEUMONIA,VIRAL,2,bd741511c4709c5d7747916b20f72c356f58ba57d15a4e4ae2e932cf1a2e9886,80b1c39ade4bbd43,False
img_001164,e:\Final_Project\Pnuemonia_Detection\data\raw_datasets\dataset_1\train\NORMAL\NORMAL-462175-0001.jpeg,dataset_1,NORMAL,NORMAL,0,15be0098f473769d0de29ef3d77718f18fb4e96395e9b2efc694aa144eb6256d,902bc71aba69393d,False
img_000987,e:\Final_Project\Pnuemonia_Detection\data\raw_datasets\dataset_1\train\NORMAL\NORMAL-3484856-0001.jpeg,dataset_1,NORMAL,NORMAL,0,643fb01ba77eca00208b0fa1c2e72632062fa3805c3e5425ef479ccbe3bbb2ff,d074a73aa92b39e4,False
img_004650,e:\Final_Project\Pnuemonia_Detection\data\raw_datasets\dataset_1\train\PNEUMONIA\VIRUS-1906973-0002.jpeg,dataset_1,PNEUMONIA,VIRAL,2,ed2706eb1846680208b0e76d26789087a19d0ea6666bcb5f48ccd0ecd7c62c0a,d101c71efe583dc8,False
img_001965,e:\Final_Project\Pnuemonia_Detection\data\raw_datasets\dataset_1\train\NORMAL\NORMAL-996167-0001.jpeg,dataset_1,NORMAL,NORMAL,0,764017bd151589b0644c5aef7d0c4d2ee71ec883b1f22850486b503554452ab2,91edc71aed6910c3,False
img_003756,e:\Final_Project\Pnuemonia_Detection\data\raw_datasets\dataset_1\train\PNEUMONIA\BACTERIA-7418831-0005.jpeg,dataset_1,PNEUMONIA,BACTERIAL,1,b78b505edb390a178bb601ef52466ddc1ab6a9730138269250d71849e4bcbfd2,882aa73e872f6987,False
img_004216,e:\Final_Project\Pnuemonia_Detection\data\raw_datasets\dataset_1\train\PNEUMONIA\BACTERIA-880930-0003.jpeg,dataset_1,PNEUMONIA,BACTERIAL,1,1d4eb625be2d3fdf02e52fd1a0a46116b26fa331295cd400a396872780ec5ae3,944aea3fe20beac1,False
img_000404,e:\Final_Project\Pnuemonia_Detection\data\raw_datasets\dataset_1\test\PNEUMONIA\BACTERIA-7257218-0003.jpeg,dataset_1,PNEUMONIA,BACTERIAL,1,5c81940bf4b0306c3d8a4e9291ab95b741061888d88a6746062eb8e4b50c7fcf,d02be31eda4f5445,False
img_002559,e:\Final_Project\Pnuemonia_Detection\data\raw_datasets\dataset_1\train\PNEUMONIA\BACTERIA-3194536-0001.jpeg,dataset_1,PNEUMONIA,BACTERIAL,1,3ed6d65af970586eb5b9b6d191937e705519f2d75c249b5ce45209efaffe5c83,d07ee33a3ec2215a,False
img_005448,e:\Final_Project\Pnuemonia_Detection\data\raw_datasets\dataset_1\train\PNEUMONIA\VIRUS-7178682-0002.jpeg,dataset_1,PNEUMONIA,VIRAL,2,0600665eee014dd25e7b1f47b7008d9513ed51d77fb3ec73e2b1ca24d964d764,d421c31fdf283cc3,False
img_001677,e:\Final_Project\Pnuemonia_Detection\data\raw_datasets\dataset_1\train\NORMAL\NORMAL-8081717-0001.jpeg,dataset_1,NORMAL,NORMAL,0,3ec7f8e327342a2f55aea590fda5530a3f5554010f7cafef310856b594045509,d464c63ead2d3c4c,False
img_000649,e:\Final_Project\Pnuemonia_Detection\data\raw_datasets\dataset_1\train\NORMAL\NORMAL-1165014-0001.jpeg,dataset_1,NORMAL,NORMAL,0,23438b885fc88a0060ec990a52017ad1f006ee38644f6f7fea0389b3b5010395,d12dc60bd86979b8,False
img_000523,e:\Final_Project\Pnuemonia_Detection\data\raw_datasets\dataset_1\test\PNEUMONIA\VIRUS-3768496-0001.jpeg,dataset_1,PNEUMONIA,VIRAL,2,ea3fea0b92d54b568748eecf31c008a337850c8e7b4eea2655fd0b23efae2882,d4f6831b850fb10f,False
img_001315,e:\Final_Project\Pnuemonia_Detection\data\raw_datasets\dataset_1\train\NORMAL\NORMAL-5676630-0001.jpeg,dataset_1,NORMAL,NORMAL,0,106436e147b2b1a690d4b02f58fc4cc5c8943781cdc8a05b6cba71063574c8f0,d42de30fbc481cdc,False
img_004062,e:\Final_Project\Pnuemonia_Detection\data\raw_datasets\dataset_1\train\PNEUMONIA\BACTERIA-8337454-0001.jpeg,dataset_1,PNEUMONIA,BACTERIAL,1,8dc446a201cf8482439094c96d0fa453788de6c9642ceba074974dd8a45e4d55,917fe63a8e4f1901,False
img_004613,e:\Final_Project\Pnuemonia_Detection\data\raw_datasets\dataset_1\train\PNEUMONIA\VIRUS-1655429-0002.jpeg,dataset_1,PNEUMONIA,VIRAL,2,b119d19707dec2fc7d26047261863caa1a660abbd20f1bffecd96d877b1f85df,9129e61af9793961,False
img_004868,e:\Final_Project\Pnuemonia_Detection\data\raw_datasets\dataset_1\train\PNEUMONIA\VIRUS-3558857-0002.jpeg,dataset_1,PNEUMONIA,VIRAL,2,03e347c201031680d851c6e01ca203f625b1ceb2872f27aae7d67e99215524ab,d4ffa30aa2471993,False
img_005757,e:\Final_Project\Pnuemonia_Detection\data\raw_datasets\dataset_1\train\PNEUMONIA\VIRUS-935458-0003.jpeg,dataset_1,PNEUMONIA,VIRAL,2,93e216bbcff133eccf82ec9a0f65dc2c14e5402cd8d611413beb62281b66a6d4,d0eaa73fa50f2807,False
img_001725,e:\Final_Project\Pnuemonia_Detection\data\raw_datasets\dataset_1\train\NORMAL\NORMAL-8339410-0003.jpeg,dataset_1,NORMAL,NORMAL,0,1e4c4c330d8d2c8b3e247fa07ab045d9e816255ee6a0b7e9709ad8a3f5c94da8,d462c77fc50d6087,False
img_000732,e:\Final_Project\Pnuemonia_Detection\data\raw_datasets\dataset_1\train\NORMAL\NORMAL-1860692-0001.jpeg,dataset_1,NORMAL,NORMAL,0,55bfbe1e1fbec7c2a2203610151311dfa51135171f895de8afad7d48335cb830,907dc61a98dd1cd6,False
img_003535,e:\Final_Project\Pnuemonia_Detection\data\raw_datasets\dataset_1\train\PNEUMONIA\BACTERIA-6457673-0001.jpeg,dataset_1,PNEUMONIA,BACTERIAL,1,3e37761ded7cbd7b8f14639f4661e421f035569628ba54c44ed83aa1250bd155,c02fb63a931b3b31,False
img_001549,e:\Final_Project\Pnuemonia_Detection\data\raw_datasets\dataset_1\train\NORMAL\NORMAL-7157255-0001.jpeg,dataset_1,NORMAL,NORMAL,0,18384392ce70baf8a09def0a93879b4bd6d990e17a4adf57fd5e68eaaf86555a,9125c63af8693d65,False
img_002861,e:\Final_Project\Pnuemonia_Detection\data\raw_datasets\dataset_1\train\PNEUMONIA\BACTERIA-4233560-0002.jpeg,dataset_1,PNEUMONIA,BACTERIAL,1,5a523de047b4e86347a3a765bcb461432c988365c7cfbf399573c5c257ae148f,d42feb2b1e425b14,False
img_001216,e:\Final_Project\Pnuemonia_Detection\data\raw_datasets\dataset_1\train\NORMAL\NORMAL-5008447-0001.jpeg,dataset_1,NORMAL,NORMAL,0,370c0c832cc120ad253b11902d0f71090679d75b6c97a7aa7bed1653c6cff95b,9139c639f94939d1,False
img_001967,e:\Final_Project\Pnuemonia_Detection\data\raw_datasets\dataset_1\train\NORMAL\NORMAL-9965170-0001.jpeg,dataset_1,NORMAL,NORMAL,0,b8c29684d3c5743fea9452d98eff56f15df166e8e080ab15479b28ceb53f9c37,d86f475e4d491c4a,False
img_004517,e:\Final_Project\Pnuemonia_Detection\data\raw_datasets\dataset_1\train\PNEUMONIA\VIRUS-104960-0002.jpeg,dataset_1,PNEUMONIA,VIRAL,2,5ec64b50abc5470b84767b660307755945e16dc9a42bfabd1ee4cb82cfd17c16,917ec71a1c4939dc,False
img_000826,e:\Final_Project\Pnuemonia_Detection\data\raw_datasets\dataset_1\train\NORMAL\NORMAL-2415177-0001.jpeg,dataset_1,NORMAL,NORMAL,0,2fd4b23657749392e640689579993ed58ec5b6b908701642fec34b922e92ea1d,d07ec71fc9c138b0,False
img_000673,e:\Final_Project\Pnuemonia_Detection\data\raw_datasets\dataset_1\train\NORMAL\NORMAL-1444388-0001.jpeg,dataset_1,NORMAL,NORMAL,0,c3a484a84fe16850259a8207097333d31893b36e1bf48e60225a7d594fa0d6fc,d13ac71afd8c3a84,False
img_001943,e:\Final_Project\Pnuemonia_Detection\data\raw_datasets\dataset_1\train\NORMAL\NORMAL-9816293-0001.jpeg,dataset_1,NORMAL,NORMAL,0,d63670f1646c17484d69f135d0aac3eb4a1a9427dae668bbf02e2fbdb255b5f0,906be61a59591ddc,False
img_005240,e:\Final_Project\Pnuemonia_Detection\data\raw_datasets\dataset_1\train\PNEUMONIA\VIRUS-5782277-0002.jpeg,dataset_1,PNEUMONIA,VIRAL,2,96871236a8b1afc18befd242488e649970e29f8662e9b6f8a5239b5d4f778b78,d0b4c30f9ecb3c98,False
img_000456,e:\Final_Project\Pnuemonia_Detection\data\raw_datasets\dataset_1\test\PNEUMONIA\BACTERIA-9242636-0005.jpeg,dataset_1,PNEUMONIA,BACTERIAL,1,d7b8b8a1b783b859b2c487ad1673d6c4cbe40e4b1f273d5efe9ee196dcc49237,d43aeb4f454b3446,False
img_002183,e:\Final_Project\Pnuemonia_Detection\data\raw_datasets\dataset_1\train\PNEUMONIA\BACTERIA-1790048-0002.jpeg,dataset_1,PNEUMONIA,BACTERIAL,1,b771e67f5fcc0848007d838ae44adbd11686f4b590548974795bb83e34120392,907d6f1e871a864b,False
img_002893,e:\Final_Project\Pnuemonia_Detection\data\raw_datasets\dataset_1\train\PNEUMONIA\BACTERIA-4342499-0002.jpeg,dataset_1,PNEUMONIA,BACTERIAL,1,1267555fd985504e6bcfb58226d3e1cda13171738db95979c13e8c965b641304,d03eede36918495a,False
img_001426,e:\Final_Project\Pnuemonia_Detection\data\raw_datasets\dataset_1\train\NORMAL\NORMAL-6474092-0001.jpeg,dataset_1,NORMAL,NORMAL,0,3c4e7eb4ec56f960596b6b273a12904deaddb3f3a7885b8931cb639a894853e7,902ac25bdd693d6c,False
img_000859,e:\Final_Project\Pnuemonia_Detection\data\raw_datasets\dataset_1\train\NORMAL\NORMAL-2559035-0001.jpeg,dataset_1,NORMAL,NORMAL,0,04fc435a5d709afa9ff36cfdab0e06a939f1861facf270728b76401c204c29d2,c16cc74b8d692df0,False
img_003686,e:\Final_Project\Pnuemonia_Detection\data\raw_datasets\dataset_1\train\PNEUMONIA\BACTERIA-7028594-0001.jpeg,dataset_1,PNEUMONIA,BACTERIAL,1,0a7ee38d812bfbeb6fa0fe5c10556bfe4b5069a2d42aafc40c28165323098ea9,9018e147bfc6c735,False
img_002058,e:\Final_Project\Pnuemonia_Detection\data\raw_datasets\dataset_1\train\PNEUMONIA\BACTERIA-1254738-0002.jpeg,dataset_1,PNEUMONIA,BACTERIAL,1,c5ff30ab4b8ffb7255adecfd66de7e2cc25437e6a81ba5aaf1b2db5048021451,956fef38d7531002,False
img_000098,e:\Final_Project\Pnuemonia_Detection\data\raw_datasets\dataset_1\test\NORMAL\NORMAL-4886177-0001.jpeg,dataset_1,NORMAL,NORMAL,0,515aa3cb01461c97520c3862635c490c485a3583446feaec8ad041cca1cc942f,dda6831a831f1b0f,False
img_001470,e:\Final_Project\Pnuemonia_Detection\data\raw_datasets\dataset_1\train\NORMAL\NORMAL-6881695-0001.jpeg,dataset_1,NORMAL,NORMAL,0,a30470168ad7e309c6373a2d177ec5fd90bebd26cfb31825d90de945c5b08af3,806fc61acd498dcf,False
img_000661,e:\Final_Project\Pnuemonia_Detection\data\raw_datasets\dataset_1\train\NORMAL\NORMAL-1317636-0001.jpeg,dataset_1,NORMAL,NORMAL,0,bda82ed6e23e4592493e8a431f3cb221025caae923655492d9e2e8c63211e37e,c03fe25d38c53d13,False
img_003459,e:\Final_Project\Pnuemonia_Detection\data\raw_datasets\dataset_1\train\PNEUMONIA\BACTERIA-6173042-0001.jpeg,dataset_1,PNEUMONIA,BACTERIAL,1,1cdba791abfd0326a91d2460e4e6734163e7c47c5de7cbc9c56d49f35c7a552f,902bd71ede541d54,False
img_002469,e:\Final_Project\Pnuemonia_Detection\data\raw_datasets\dataset_1\train\PNEUMONIA\BACTERIA-2828734-0002.jpeg,dataset_1,PNEUMONIA,BACTERIAL,1,ddd627654850d37f5c29be0b94717b1ba3dc37cbd086fbceb8665a453c684d48,90aae71dd20b9dc3,False
img_002699,e:\Final_Project\Pnuemonia_Detection\data\raw_datasets\dataset_1\train\PNEUMONIA\BACTERIA-3661770-0001.jpeg,dataset_1,PNEUMONIA,BACTERIAL,1,6e1872dcd5b0f2aeff5d5162d9699d6cb069bfc5fd32fd86c5e870d059301cd1,81aeb66b97da2590,False
img_002692,e:\Final_Project\Pnuemonia_Detection\data\raw_datasets\dataset_1\train\PNEUMONIA\BACTERIA-3627124-0001.jpeg,dataset_1,PNEUMONIA,BACTERIAL,1,44e1721f008dd71caff85508fc02e06f7eab5d80fa17fc2562a1d3bc38b1a69a,cc2de56ae4433f90,False
img_000657,e:\Final_Project\Pnuemonia_Detection\data\raw_datasets\dataset_1\train\NORMAL\NORMAL-1243491-0001.jpeg,dataset_1,NORMAL,NORMAL,0,70f3fdfeb4131bcde4c45c3cef055e5a00ee5aea345bc19a76742caa7732b921,dd2cc70b6d4d2cc4,False
img_002902,e:\Final_Project\Pnuemonia_Detection\data\raw_datasets\dataset_1\train\PNEUMONIA\BACTERIA-4368689-0001.jpeg,dataset_1,PNEUMONIA,BACTERIAL,1,a13679a89d9788d578572f14aff490f20c95479879f6a4b4c98eb34809527d92,c83ed35b1c683d2c,False
img_004917,e:\Final_Project\Pnuemonia_Detection\data\raw_datasets\dataset_1\train\PNEUMONIA\VIRUS-3807574-0004.jpeg,dataset_1,PNEUMONIA,VIRAL,2,5dab10af4ca804da4b02bd941e3b2759cc79acd7726cebb55e7074941252b71a,d029e36fbeb06115,False
img_002836,e:\Final_Project\Pnuemonia_Detection\data\raw_datasets\dataset_1\train\PNEUMONIA\BACTERIA-4152314-0002.jpeg,dataset_1,PNEUMONIA,BACTERIAL,1,ba479b8b71e7165e622fa8d83086960a834f10c9253f1c0ea6e1832d76410eae,c0bbda1e58291f69,False
img_003768,e:\Final_Project\Pnuemonia_Detection\data\raw_datasets\dataset_1\train\PNEUMONIA\BACTERIA-7430292-0002.jpeg,dataset_1,PNEUMONIA,BACTERIAL,1,e26103b6d8b8b807a7e4c3f1b8455cd69addc9fe3dc00e6549affdbab39a6184,912be21fd64e1e4a,False
img_000885,e:\Final_Project\Pnuemonia_Detection\data\raw_datasets\dataset_1\train\NORMAL\NORMAL-2736751-0001.jpeg,dataset_1,NORMAL,NORMAL,0,438f5fff000d1385893b25df0199ec66be73cf67d715023bf14dfcc4dd26f6d1,913b931adb1e1917,False
img_000490,e:\Final_Project\Pnuemonia_Detection\data\raw_datasets\dataset_1\test\PNEUMONIA\VIRUS-1517175-0001.jpeg,dataset_1,PNEUMONIA,VIRAL,2,33776c7742e62fdfa374a80b5051a1840ff340d1f31897f374709e33e1f08f98,d0e5c21ae739b469,False
img_000584,e:\Final_Project\Pnuemonia_Detection\data\raw_datasets\dataset_1\test\PNEUMONIA\VIRUS-7014527-0002.jpeg,dataset_1,PNEUMONIA,VIRAL,2,77984637bb9a929c789934f27ddc991e7807c6ad8fdcaee0fa37619e412ea2c9,847aaf7bc75c4805,False
img_003138,e:\Final_Project\Pnuemonia_Detection\data\raw_datasets\dataset_1\train\PNEUMONIA\BACTERIA-5150733-0007.jpeg,dataset_1,PNEUMONIA,BACTERIAL,1,0b7a029cb88c7fc9593cbd78490b739c3f5c33e43873aea8c289ba3463ed8c8c,913beb3c904b5dd0,False
img_005072,e:\Final_Project\Pnuemonia_Detection\data\raw_datasets\dataset_1\train\PNEUMONIA\VIRUS-4757979-0003.jpeg,dataset_1,PNEUMONIA,VIRAL,2,b679d0802f5bf93caebe4da824e3bbc8ec21c171b5a5cc4eab3b885fcdb02c0b,943ec61aeb8f3984,False
img_000042,e:\Final_Project\Pnuemonia_Detection\data\raw_datasets\dataset_1\test\NORMAL\NORMAL-2704875-0001.jpeg,dataset_1,NORMAL,NORMAL,0,eb95a6fdfc3e8a1b3783d70a246926e15107e6c872ff178583e5b8ea867e974f,903bd61c98213dbf,False
img_004775,e:\Final_Project\Pnuemonia_Detection\data\raw_datasets\dataset_1\train\PNEUMONIA\VIRUS-2814755-0002.jpeg,dataset_1,PNEUMONIA,VIRAL,2,8ede03368156117cf70bb73168654045abf28751c81f43536349a345749265b2,997f461847393d49,False
img_001416,e:\Final_Project\Pnuemonia_Detection\data\raw_datasets\dataset_1\train\NORMAL\NORMAL-6396089-0001.jpeg,dataset_1,NORMAL,NORMAL,0,31e42ad7f1ad8d8bc4b2f50c376565da08eee75867394871ff0cc6e7beb0fd75,913ad238d07796d6,False
img_004863,e:\Final_Project\Pnuemonia_Detection\data\raw_datasets\dataset_1\train\PNEUMONIA\VIRUS-3530045-0002.jpeg,dataset_1,PNEUMONIA,VIRAL,2,bc878f7f193725ab67c80524edfe9c11f5d61e6c8ec5a406329877a12fc091c4,9538f0413de5c1b7,False
img_005647,e:\Final_Project\Pnuemonia_Detection\data\raw_datasets\dataset_1\train\PNEUMONIA\VIRUS-853038-0002.jpeg,dataset_1,PNEUMONIA,VIRAL,2,45876966a6f269ae070b215741cde836ce2860149f48bfbfc08f59481dd76e90,c02ae32a96cb3dea,False
img_001356,e:\Final_Project\Pnuemonia_Detection\data\raw_datasets\dataset_1\train\NORMAL\NORMAL-5918516-0002.jpeg,dataset_1,NORMAL,NORMAL,0,3a42f8b53620ac8f33f25bb6f96513b3a08f46d758415f88b71998d95302a720,d03cc73bb96d3c20,False
img_000836,e:\Final_Project\Pnuemonia_Detection\data\raw_datasets\dataset_1\train\NORMAL\NORMAL-2474988-0001.jpeg,dataset_1,NORMAL,NORMAL,0,24fed9b4b3b0df0ad9bf1bf05efa76e48704e5d26ea07cc5f035a5bd7532d24f,d07ec6199d5c98c6,False
img_003984,e:\Final_Project\Pnuemonia_Detection\data\raw_datasets\dataset_1\train\PNEUMONIA\BACTERIA-8124093-0001.jpeg,dataset_1,PNEUMONIA,BACTERIAL,1,5bde846e4a137b37e568c66a61752b4c5cfe2057b0f4af6bfd3cfab3db1202b8,912be31ac04a7cef,False
img_001278,e:\Final_Project\Pnuemonia_Detection\data\raw_datasets\dataset_1\train\NORMAL\NORMAL-546828-0001.jpeg,dataset_1,NORMAL,NORMAL,0,94f65ae5502465693ba67abf898397918102c9dfbc90c0de20bccfcc6586a5fa,d46e870b8d0e58d7,False
img_004966,e:\Final_Project\Pnuemonia_Detection\data\raw_datasets\dataset_1\train\PNEUMONIA\VIRUS-4091020-0003.jpeg,dataset_1,PNEUMONIA,VIRAL,2,44adfa6cc1ce278fff9ab75cd27eb1eba3c4b187c903b91172bdbcc4b27a233f,9729c67a78ca7852,False
img_005662,e:\Final_Project\Pnuemonia_Detection\data\raw_datasets\dataset_1\train\PNEUMONIA\VIRUS-8600331-0004.jpeg,dataset_1,PNEUMONIA,VIRAL,2,6a66b6b4850b9c5c2d5733b0eb2b8e1f568304dc16e33c5fa030075470e7a15d,956cb6388d3d8c3c,False
img_004342,e:\Final_Project\Pnuemonia_Detection\data\raw_datasets\dataset_1\train\PNEUMONIA\BACTERIA-9332973-0001.jpeg,dataset_1,PNEUMONIA,BACTERIAL,1,7a90f2f3647598d010ba50b61051f228552fddd5c6a3d3f16ce8147d120516f1,d428e55f9043ff82,False
img_004631,e:\Final_Project\Pnuemonia_Detection\data\raw_datasets\dataset_1\train\PNEUMONIA\VIRUS-1784243-0002.jpeg,dataset_1,PNEUMONIA,VIRAL,2,43067b858eaec9fc848007fba0ebad3761374b3714938f6221dc3d679884901a,d068c73b964e3d83,False
img_004983,e:\Final_Project\Pnuemonia_Detection\data\raw_datasets\dataset_1\train\PNEUMONIA\VIRUS-4218548-0002.jpeg,dataset_1,PNEUMONIA,VIRAL,2,dcd7ab5d7fb52a99b0acfbb2efd73b8f3c1420816add907e0e14f10729458f07,d062865ac13d79b7,False
img_000957,e:\Final_Project\Pnuemonia_Detection\data\raw_datasets\dataset_1\train\NORMAL\NORMAL-3271929-0002.jpeg,dataset_1,NORMAL,NORMAL,0,2ea9c3cf1f8735d21483d8469ffd36b46854940d20fd3ab2caf47d975547a27f,d17fae3a8c090dcc,False
img_003251,e:\Final_Project\Pnuemonia_Detection\data\raw_datasets\dataset_1\train\PNEUMONIA\BACTERIA-5445939-0004.jpeg,dataset_1,PNEUMONIA,BACTERIAL,1,547d8f4414b728788c54f1078b5802a682c8282b2299b26420b9a8350d3be1d3,946aab3e433ce43c,False
img_006041,e:\Final_Project\Pnuemonia_Detection\data\raw_datasets\dataset_2\test\NORMAL\NORMAL2-IM-0319-0001.jpeg,dataset_2,NORMAL,NORMAL,0,2d46360976db341fc5f624aa56081ebf90f975620424035881c2a452e11bc764,91ebc63ac738c16c,False
img_001493,e:\Final_Project\Pnuemonia_Detection\data\raw_datasets\dataset_1\train\NORMAL\NORMAL-6960239-0001.jpeg,dataset_1,NORMAL,NORMAL,0,bddb51cd5b3e33caa6d80880c1096435148807c567cc9202386e3f548a31a1de,d16fc739854f8143,False
img_003990,e:\Final_Project\Pnuemonia_Detection\data\raw_datasets\dataset_1\train\PNEUMONIA\BACTERIA-8161653-0001.jpeg,dataset_1,PNEUMONIA,BACTERIAL,1,7e5d4e120bec18570837dea7b003cc13b0f418432587c25a72eb5e9f20bf1871,903fde1c60651e4f,False
img_000703,e:\Final_Project\Pnuemonia_Detection\data\raw_datasets\dataset_1\train\NORMAL\NORMAL-1576353-0002.jpeg,dataset_1,NORMAL,NORMAL,0,a87476c5e10f7fd56cbcc24d6ce0e70cd15f0b8e80bb4be678d0c228dc409298,d43de33fc82d3884,False
img_001508,e:\Final_Project\Pnuemonia_Detection\data\raw_datasets\dataset_1\train\NORMAL\NORMAL-701579-0002.jpeg,dataset_1,NORMAL,NORMAL,0,9a0c86b5d2f293210729ebb2ec4ff0dd3081b641d3cd3958a1fecce4d1286689,d0f6c739e5e420c6,False
img_005161,e:\Final_Project\Pnuemonia_Detection\data\raw_datasets\dataset_1\train\PNEUMONIA\VIRUS-5331068-0002.jpeg,dataset_1,PNEUMONIA,VIRAL,2,fcb943794c75a6721ff405e83fc6965f8cbf6471c492e065c0734b31191c4925,d02ff34b4f413c2c,False
img_005630,e:\Final_Project\Pnuemonia_Detection\data\raw_datasets\dataset_1\train\PNEUMONIA\VIRUS-8426593-0003.jpeg,dataset_1,PNEUMONIA,VIRAL,2,be5a8a20c6415c673173f393c63b8227d3e96fcc02e7d90a3a3d5897a3c6321e,903be65a3ed03935,False
img_000212,e:\Final_Project\Pnuemonia_Detection\data\raw_datasets\dataset_1\test\NORMAL\NORMAL-870639-0001.jpeg,dataset_1,NORMAL,NORMAL,0,d89c16b0bbcb13fd20572690f9279ee96ff2436d3971e4cd31a23f16850979e7,9178e6787c693878,False
img_004997,e:\Final_Project\Pnuemonia_Detection\data\raw_datasets\dataset_1\train\PNEUMONIA\VIRUS-4338635-0004.jpeg,dataset_1,PNEUMONIA,VIRAL,2,2e63f31114d3d954f03e475268fa7185c5f93906cba225350cda99d186a685af,911fc63ab94b6992,False
img_003162,e:\Final_Project\Pnuemonia_Detection\data\raw_datasets\dataset_1\train\PNEUMONIA\BACTERIA-5186686-0001.jpeg,dataset_1,PNEUMONIA,BACTERIAL,1,9f0b6d2928879fa5714a0527207ded05b586bde78391eeeda44a3d6e4d7a3060,813ec61ab26b3c6b,False
img_000278,e:\Final_Project\Pnuemonia_Detection\data\raw_datasets\dataset_1\test\PNEUMONIA\BACTERIA-2772694-0001.jpeg,dataset_1,PNEUMONIA,BACTERIAL,1,52ebebe4e4bbd2e35093274b514eb27bc56da6b41e43886ec59506843a824b6a,902ac65eda5a5ac7,False
img_001130,e:\Final_Project\Pnuemonia_Detection\data\raw_datasets\dataset_1\train\NORMAL\NORMAL-4317334-0001.jpeg,dataset_1,NORMAL,NORMAL,0,3f2f24eb4c7b16d858e858a887d2d14486c80d9134815977b328eeb90ec68dea,947e871aa9852dec,False
img_002824,e:\Final_Project\Pnuemonia_Detection\data\raw_datasets\dataset_1\train\PNEUMONIA\BACTERIA-4091020-0002.jpeg,dataset_1,PNEUMONIA,BACTERIAL,1,f004bc201189044092efd81cfd2163375f7963ffb53641baa20fff0a61f053c5,946e27038731dbb9,False
img_003034,e:\Final_Project\Pnuemonia_Detection\data\raw_datasets\dataset_1\train\PNEUMONIA\BACTERIA-4744360-0001.jpeg,dataset_1,PNEUMONIA,BACTERIAL,1,294a3e827363398bca372907b257c4b88fdfcb843803d02d288f820a1d796570,d46fab1b091c5cc6,False
img_005040,e:\Final_Project\Pnuemonia_Detection\data\raw_datasets\dataset_1\train\PNEUMONIA\VIRUS-4618968-0001.jpeg,dataset_1,PNEUMONIA,VIRAL,2,4b3e94a6c26250892ace46c18e888163227e0e09fd424e5069d90049f241727e,807ce51abacf3aa4,False
img_002112,e:\Final_Project\Pnuemonia_Detection\data\raw_datasets\dataset_1\train\PNEUMONIA\BACTERIA-1570982-0001.jpeg,dataset_1,PNEUMONIA,BACTERIAL,1,76959d196937483d408df553089ee749a06e465f6ee3f262ab658e2501a0ecee,942fe21ed05f3c52,False
img_000242,e:\Final_Project\Pnuemonia_Detection\data\raw_datasets\dataset_1\test\PNEUMONIA\BACTERIA-1351146-0003.jpeg,dataset_1,PNEUMONIA,BACTERIAL,1,4028e73f34459e8d430f372288b5206936a67c099aa95507bea2136009b8ad85,953b6b5e7c5038d0,False
img_003385,e:\Final_Project\Pnuemonia_Detection\data\raw_datasets\dataset_1\train\PNEUMONIA\BACTERIA-5888883-0001.jpeg,dataset_1,PNEUMONIA,BACTERIAL,1,3b7ec18e0d2fe055dba7add32357478361c85705ce6eb2cc765e46b46e9c7142,d06ea71a831f6996,False
img_003665,e:\Final_Project\Pnuemonia_Detection\data\raw_datasets\dataset_1\train\PNEUMONIA\BACTERIA-6897628-0001.jpeg,dataset_1,PNEUMONIA,BACTERIAL,1,d16139f05ddc794930dc32e932655760f6f14aabb7d02e2dbd322860db72c18a,d46e8f19c55cc4cc,False
img_001041,e:\Final_Project\Pnuemonia_Detection\data\raw_datasets\dataset_1\train\NORMAL\NORMAL-3848106-0001.jpeg,dataset_1,NORMAL,NORMAL,0,1b3ed9c43d43e8b1e3823d0b449e4732c6ec963dddd00be62654e3d446b253b7,917fce1a194d1c5c,False
img_002496,e:\Final_Project\Pnuemonia_Detection\data\raw_datasets\dataset_1\train\PNEUMONIA\BACTERIA-2949827-0007.jpeg,dataset_1,PNEUMONIA,BACTERIAL,1,0dd05c9cb00dcf6d2fe03daca1c2f05732247210df72101350601e75df48499f,946fa73a311c7c46,False
img_000755,e:\Final_Project\Pnuemonia_Detection\data\raw_datasets\dataset_1\train\NORMAL\NORMAL-2010074-0001.jpeg,dataset_1,NORMAL,NORMAL,0,5f6b74e72ecbbbda6fe7fb2eead23488d77f56db06aedf4abd9bc7007d84fb0d,d11fe4ca9cc8199e,False
img_003705,e:\Final_Project\Pnuemonia_Detection\data\raw_datasets\dataset_1\train\PNEUMONIA\BACTERIA-7172433-0001.jpeg,dataset_1,PNEUMONIA,BACTERIAL,1,569045c2c2a4efd4d109da7452c3a347a3bd09089d20bc7aa521644f95d86f37,d4a0e39fc20fe82d,False
img_001052,e:\Final_Project\Pnuemonia_Detection\data\raw_datasets\dataset_1\train\NORMAL\NORMAL-385855-0004.jpeg,dataset_1,NORMAL,NORMAL,0,0e262d11936bb7aa5e2892007af7785481cd828b7655853b449ad275ace9f346,907cc73aba2d38a5,False
img_002168,e:\Final_Project\Pnuemonia_Detection\data\raw_datasets\dataset_1\train\PNEUMONIA\BACTERIA-1765745-0002.jpeg,dataset_1,PNEUMONIA,BACTERIAL,1,dc61f55aa42381845e113812b5dc730b8a37ca8ca58105a5b40cbdd7e80dac0d,946e020b071feb5f,False
img_000370,e:\Final_Project\Pnuemonia_Detection\data\raw_datasets\dataset_1\test\PNEUMONIA\BACTERIA-5754167-0002.jpeg,dataset_1,PNEUMONIA,BACTERIAL,1,fca6a6e6451bd1248ee625048db12a6a314f6f870df2b48b963ff94aa1b50509,d12de61ad64b1ce2,False
img_002707,e:\Final_Project\Pnuemonia_Detection\data\raw_datasets\dataset_1\train\PNEUMONIA\BACTERIA-3690280-0008.jpeg,dataset_1,PNEUMONIA,BACTERIAL,1,72683466d1bb45c8e615c1924cd7884f6a4a48b3904dda5d3dbe4b6f5fc6e718,c82fe71f9149354a,False
img_002176,e:\Final_Project\Pnuemonia_Detection\data\raw_datasets\dataset_1\train\PNEUMONIA\BACTERIA-1777631-0004.jpeg,dataset_1,PNEUMONIA,BACTERIAL,1,62f6b2702c721e7ac1b4efd77cd92344204ea3af2a1c3f87be22aa46c00fe690,d47ce78b831b1983,False
img_004869,e:\Final_Project\Pnuemonia_Detection\data\raw_datasets\dataset_1\train\PNEUMONIA\VIRUS-3566010-0001.jpeg,dataset_1,PNEUMONIA,VIRAL,2,c91fb86e3a2561115a781ff744aa36bfc356d90db1758e7011b67ad67651d081,91afeabae81e3882,False
img_004977,e:\Final_Project\Pnuemonia_Detection\data\raw_datasets\dataset_1\train\PNEUMONIA\VIRUS-417263-0007.jpeg,dataset_1,PNEUMONIA,VIRAL,2,eb43046725160f33b7d341028ce2ecd067058c9e2da3b1cc9bda3f571b975051,897c861a8d1b79cd,False
img_000134,e:\Final_Project\Pnuemonia_Detection\data\raw_datasets\dataset_1\test\NORMAL\NORMAL-5789014-0001.jpeg,dataset_1,NORMAL,NORMAL,0,41c2bece0cabc096430c6446b8b2498b24c92f928db0633dd007cda968704a3d,812bc21af879397b,False
img_003971,e:\Final_Project\Pnuemonia_Detection\data\raw_datasets\dataset_1\train\PNEUMONIA\BACTERIA-8054264-0005.jpeg,dataset_1,PNEUMONIA,BACTERIAL,1,a4ff19b00088fd55961e1e80c55c62ae94c22916a2dd42963e5f223d3e45da73,dd6fab280d0d5546,False
img_003890,e:\Final_Project\Pnuemonia_Detection\data\raw_datasets\dataset_1\train\PNEUMONIA\BACTERIA-7807347-0001.jpeg,dataset_1,PNEUMONIA,BACTERIAL,1,3b449e3dc8a0756ae67ec954d9f4ad8bef58fa6f87a4b8f2812446a61ca5d45b,95547a7b6ff06030,False
img_004888,e:\Final_Project\Pnuemonia_Detection\data\raw_datasets\dataset_1\train\PNEUMONIA\VIRUS-3637528-0002.jpeg,dataset_1,PNEUMONIA,VIRAL,2,3ce211d23a1f278945ad1a92c9c2eebb951c48d73769ae601c13daf21cbf204b,812de20ef86b3d69,False
img_004614,e:\Final_Project\Pnuemonia_Detection\data\raw_datasets\dataset_1\train\PNEUMONIA\VIRUS-1657437-0002.jpeg,dataset_1,PNEUMONIA,VIRAL,2,8a629bc3b64f31565ba1e74479f504e294048a5759203538744accadad25bda4,9042c75f56505ef3,False
img_005873,e:\Final_Project\Pnuemonia_Detection\data\raw_datasets\dataset_2\test\NORMAL\IM-0022-0001.jpeg,dataset_2,NORMAL,NORMAL,0,d09519831dd7f24f1db680e1147392d455e8dd485cd3f23fdc4c281e2f00d63f,d0ff872a873fc104,False
img_002494,e:\Final_Project\Pnuemonia_Detection\data\raw_datasets\dataset_1\train\PNEUMONIA\BACTERIA-2949827-0005.jpeg,dataset_1,PNEUMONIA,BACTERIAL,1,f7362cec8e8d86bd05006362748214de0a141cc04db5260c444ba2b3360a6df4,946ca77a871e611e,False
img_003576,e:\Final_Project\Pnuemonia_Detection\data\raw_datasets\dataset_1\train\PNEUMONIA\BACTERIA-6563002-0001.jpeg,dataset_1,PNEUMONIA,BACTERIAL,1,78b3ec49fce51c92aef22718d5b51845384a20e719bf5b6d6d46d022aa2255e0,c029c6ca1a4aff6b,False
img_002177,e:\Final_Project\Pnuemonia_Detection\data\raw_datasets\dataset_1\train\PNEUMONIA\BACTERIA-1777631-0005.jpeg,dataset_1,PNEUMONIA,BACTERIAL,1,c017f7a92adf3892cbe6a9bc81b5809fe9bff09156cefd21a2d275706ff0b955,d42be30b1d585d5c,False
img_002704,e:\Final_Project\Pnuemonia_Detection\data\raw_datasets\dataset_1\train\PNEUMONIA\BACTERIA-3690280-0005.jpeg,dataset_1,PNEUMONIA,BACTERIAL,1,c7545023e973512ae51cff2ebdf772d00b46ab7a332049eb8a85722dc1fbdd81,c83be367114d499b,False
img_001217,e:\Final_Project\Pnuemonia_Detection\data\raw_datasets\dataset_1\train\NORMAL\NORMAL-5015362-0001.jpeg,dataset_1,NORMAL,NORMAL,0,1fbbbfe2177daa2c3a5ac0680ff9b6220d90fc706b42ed161ec86161bb394380,d06ec70dcd6529c3,False
img_001114,e:\Final_Project\Pnuemonia_Detection\data\raw_datasets\dataset_1\train\NORMAL\NORMAL-4221981-0002.jpeg,dataset_1,NORMAL,NORMAL,0,53df09b3081a85e2c7da5f452fd235b4db8b3195d35838f8c7117d5648f8e637,913fd65a5c1919c5,False
img_003226,e:\Final_Project\Pnuemonia_Detection\data\raw_datasets\dataset_1\train\PNEUMONIA\BACTERIA-5390159-0002.jpeg,dataset_1,PNEUMONIA,BACTERIAL,1,c3fbf768668c1130b2d8b964c1c617df15d62763210658ff224544c7ded0a0a3,913be61e78433993,False
img_003476,e:\Final_Project\Pnuemonia_Detection\data\raw_datasets\dataset_1\train\PNEUMONIA\BACTERIA-6257908-0001.jpeg,dataset_1,PNEUMONIA,BACTERIAL,1,dc523277f6782fd41defc92a4aeb076198ea01dbd4382450ae17f8d04aaaf210,d0e23678b6789768,False
img_003395,e:\Final_Project\Pnuemonia_Detection\data\raw_datasets\dataset_1\train\PNEUMONIA\BACTERIA-5965088-0002.jpeg,dataset_1,PNEUMONIA,BACTERIAL,1,346488405ea4dabdc96a462d26b1dc41c54071c84ca80e9b3eecc3c7ee64fab4,912bc61ed01a7dd3,False
img_003220,e:\Final_Project\Pnuemonia_Detection\data\raw_datasets\dataset_1\train\PNEUMONIA\BACTERIA-5366209-0001.jpeg,dataset_1,PNEUMONIA,BACTERIAL,1,57a0c7cd0ad4bb77d7d87b31237defc8f8e131008f13372efd08564c6631976a,9568c51ec21fe91d,False
img_004134,e:\Final_Project\Pnuemonia_Detection\data\raw_datasets\dataset_1\train\PNEUMONIA\BACTERIA-8550709-0007.jpeg,dataset_1,PNEUMONIA,BACTERIAL,1,d2009e109f221df36e12c78a88c619e764605f811168b26d3488c7bdc4bd49ef,9172ee3ee41e304e,False
img_000390,e:\Final_Project\Pnuemonia_Detection\data\raw_datasets\dataset_1\test\PNEUMONIA\BACTERIA-6950003-0001.jpeg,dataset_1,PNEUMONIA,BACTERIAL,1,4ba221b94dc77ef2e3663231b816fcf07d411067e8d09b40e72e707bc157c4cd,91aae32ed66eb244,False
img_004720,e:\Final_Project\Pnuemonia_Detection\data\raw_datasets\dataset_1\train\PNEUMONIA\VIRUS-2520412-0002.jpeg,dataset_1,PNEUMONIA,VIRAL,2,5fcc7ba2f35bdb3e3471f5aca35738e495200b2e5ee7a5fdee300f4f824a5398,c07ffa5a5b580d48,False
img_005020,e:\Final_Project\Pnuemonia_Detection\data\raw_datasets\dataset_1\train\PNEUMONIA\VIRUS-4462203-0006.jpeg,dataset_1,PNEUMONIA,VIRAL,2,cfac7e214465d3d71fffd7fa89be1722033c5a1d911b85ae5e7c28adf0a1c7e2,d42f0b1fc91dc4c6,False
img_002352,e:\Final_Project\Pnuemonia_Detection\data\raw_datasets\dataset_1\train\PNEUMONIA\BACTERIA-2426822-0002.jpeg,dataset_1,PNEUMONIA,BACTERIAL,1,424df24b24944841ff4b06f0ddd8fbf18499198e14310a944968b997590671a1,d43e830ba54f3c96,False
img_003687,e:\Final_Project\Pnuemonia_Detection\data\raw_datasets\dataset_1\train\PNEUMONIA\BACTERIA-7035571-0001.jpeg,dataset_1,PNEUMONIA,BACTERIAL,1,7e8b7d0652d980ebb3cf43495d7311d3c07b3e4485b4d814f59bf079e1b92f84,856e821a5d6d9e4e,False
img_002605,e:\Final_Project\Pnuemonia_Detection\data\raw_datasets\dataset_1\train\PNEUMONIA\BACTERIA-3322717-0004.jpeg,dataset_1,PNEUMONIA,BACTERIAL,1,137048575cb0bd34e23ab6c6c6764ff33f01349179d3c820fd5786f850cb0e4b,c028f66bbdc04f35,False
img_002900,e:\Final_Project\Pnuemonia_Detection\data\raw_datasets\dataset_1\train\PNEUMONIA\BACTERIA-4360178-0002.jpeg,dataset_1,PNEUMONIA,BACTERIAL,1,2e3eced74507cf53c16745ec4f7b21bf345ba2f7b4cc1595e0573056d128f6c5,d0eec75fc318c20e,False
img_002557,e:\Final_Project\Pnuemonia_Detection\data\raw_datasets\dataset_1\train\PNEUMONIA\BACTERIA-3173812-0001.jpeg,dataset_1,PNEUMONIA,BACTERIAL,1,7b9fa5cb9167f02d1d39b05da1ec606c2e2e8dee857e3c6b1e413e9d6721c0be,947ac31fc18739c3,False
img_000777,e:\Final_Project\Pnuemonia_Detection\data\raw_datasets\dataset_1\train\NORMAL\NORMAL-2204525-0002.jpeg,dataset_1,NORMAL,NORMAL,0,bcaf82315c7ea13c7a0e70a02609169045d0be6e952079bbcfafc03d98c3725c,913aca5adc5d18d6,False
img_003656,e:\Final_Project\Pnuemonia_Detection\data\raw_datasets\dataset_1\train\PNEUMONIA\BACTERIA-6870430-0006.jpeg,dataset_1,PNEUMONIA,BACTERIAL,1,2b0c469e26da74a8231345d2c3da0e3de8737791428bf8e207135c8a891451f0,976a8e2a8b9a6987,False
img_004198,e:\Final_Project\Pnuemonia_Detection\data\raw_datasets\dataset_1\train\PNEUMONIA\BACTERIA-8738712-0005.jpeg,dataset_1,PNEUMONIA,BACTERIAL,1,4a2a94d481eb75948ad553dd68aa8581e14a3e25c072f934afd75a7b8c4f6285,947f0115573e1e0f,False
img_001520,e:\Final_Project\Pnuemonia_Detection\data\raw_datasets\dataset_1\train\NORMAL\NORMAL-705219-0002.jpeg,dataset_1,NORMAL,NORMAL,0,2814e26997772b0d9aa78eca1dd93fa399d046a8c361a484a84063e3c2f8f393,d03dc33fb8693868,False
img_003972,e:\Final_Project\Pnuemonia_Detection\data\raw_datasets\dataset_1\train\PNEUMONIA\BACTERIA-8054264-0006.jpeg,dataset_1,PNEUMONIA,BACTERIAL,1,6c9e6720b3521bed5e1691ee52829c8675d03ae8f238eddc70fb721e917e05b8,982ae71fe739ac40,False
img_004368,e:\Final_Project\Pnuemonia_Detection\data\raw_datasets\dataset_1\train\PNEUMONIA\BACTERIA-9424776-0003.jpeg,dataset_1,PNEUMONIA,BACTERIAL,1,77827ae7e0f14c13e34f41aaa64e84efb445b086375b68b00fcd4212ca6ee52f,812beb63bdaaa22a,False
img_001405,e:\Final_Project\Pnuemonia_Detection\data\raw_datasets\dataset_1\train\NORMAL\NORMAL-6315622-0002.jpeg,dataset_1,NORMAL,NORMAL,0,3764934ec96de4fbd68398af0481e5f80d772ea4c0f3e9885cba22a421ac0bc9,917dc61aca1979d4,False
img_001423,e:\Final_Project\Pnuemonia_Detection\data\raw_datasets\dataset_1\train\NORMAL\NORMAL-6459868-0001.jpeg,dataset_1,NORMAL,NORMAL,0,2c6add7e98d6845606a0d74d15fe71297c8e7329c51f6a7757389b3213958e45,d02bd25e5e5b1c49,False
img_003561,e:\Final_Project\Pnuemonia_Detection\data\raw_datasets\dataset_1\train\PNEUMONIA\BACTERIA-6518955-0002.jpeg,dataset_1,PNEUMONIA,BACTERIAL,1,f6776340397d4a720cbdbbfff1848e636b5249e96bbe344f66a26ac16d4bbd0d,c13de24abe6a866a,False
img_002552,e:\Final_Project\Pnuemonia_Detection\data\raw_datasets\dataset_1\train\PNEUMONIA\BACTERIA-3146191-0001.jpeg,dataset_1,PNEUMONIA,BACTERIAL,1,e61f64726dbc53cbefdeffd4987bd46ce26fe47dc0972c8532f1c646a95f788a,d46a5f57434a4a4b,False
img_003242,e:\Final_Project\Pnuemonia_Detection\data\raw_datasets\dataset_1\train\PNEUMONIA\BACTERIA-5437440-0003.jpeg,dataset_1,PNEUMONIA,BACTERIAL,1,d75867974dca021bcc4936501638cc86cf1cb6a7952a7f5c285d56b6f8cb063b,d13f76461e48b638,False
img_003330,e:\Final_Project\Pnuemonia_Detection\data\raw_datasets\dataset_1\train\PNEUMONIA\BACTERIA-5632296-0001.jpeg,dataset_1,PNEUMONIA,BACTERIAL,1,69a3c207d1badd02ed313b275c3c43dd1a34dbf2829ead38edaf56d9d9fd07fc,d07cc71a8b1d3c3c,False
img_000091,e:\Final_Project\Pnuemonia_Detection\data\raw_datasets\dataset_1\test\NORMAL\NORMAL-4513268-0001.jpeg,dataset_1,NORMAL,NORMAL,0,c9cd3a8672836a8518110a2ec734375ae571c4dca5e24ab6966462996dc8e58d,91e9ce58d878585e,False
img_005727,e:\Final_Project\Pnuemonia_Detection\data\raw_datasets\dataset_1\train\PNEUMONIA\VIRUS-9115368-0002.jpeg,dataset_1,PNEUMONIA,VIRAL,2,9a1f29b8c343c663703f7bb8ca5dc6125cd7c85847dc8e14fbdfff81bb0d7f36,d13bd65a5c541c95,False
img_001067,e:\Final_Project\Pnuemonia_Detection\data\raw_datasets\dataset_1\train\NORMAL\NORMAL-3907168-0001.jpeg,dataset_1,NORMAL,NORMAL,0,996c9bdeb743f9f4c67f190c6cf2e488bb0349edf00b81c82e45135173aa4303,812bc61adc5b58dd,False
img_005815,e:\Final_Project\Pnuemonia_Detection\data\raw_datasets\dataset_1\train\PNEUMONIA\VIRUS-966858-0002.jpeg,dataset_1,PNEUMONIA,VIRAL,2,5349f14ae067dda6e95b02e90832d04838b84b87dc644edff7fc1df4e43b13cb,d0fece38296c38c6,False
img_001732,e:\Final_Project\Pnuemonia_Detection\data\raw_datasets\dataset_1\train\NORMAL\NORMAL-839596-0001.jpeg,dataset_1,NORMAL,NORMAL,0,caa5df07e3ddb0a474f2124889925c1096611ac5681159b497f3e67bc29ec1d0,dd28d20bdf681c78,False
img_005103,e:\Final_Project\Pnuemonia_Detection\data\raw_datasets\dataset_1\train\PNEUMONIA\VIRUS-5044617-0003.jpeg,dataset_1,PNEUMONIA,VIRAL,2,4fe20c65f5d68775f62f1672ab8609e46e9bfc786ac03faafee137668e9e9c21,91fdf639a53ca00c,False
img_004244,e:\Final_Project\Pnuemonia_Detection\data\raw_datasets\dataset_1\train\PNEUMONIA\BACTERIA-894333-0002.jpeg,dataset_1,PNEUMONIA,BACTERIAL,1,5ad7f055c6eff06006f0bd52d0bd5aa555782f4adffa149ac19a1e056c25d4f6,902be75eda4b3c48,False
img_002359,e:\Final_Project\Pnuemonia_Detection\data\raw_datasets\dataset_1\train\PNEUMONIA\BACTERIA-2427242-0003.jpeg,dataset_1,PNEUMONIA,BACTERIAL,1,fc0733d115f15aa12e984611d79ccbab6c8daeb580b41b647bcb9917cf09a566,d46ce33e831ab14b,False
img_004080,e:\Final_Project\Pnuemonia_Detection\data\raw_datasets\dataset_1\train\PNEUMONIA\BACTERIA-843473-0001.jpeg,dataset_1,PNEUMONIA,BACTERIAL,1,2054153696c1f47c24e0887a87f9c9a880f052592321220d3013afb7a012efc0,946de73fc30b1143,False
img_000762,e:\Final_Project\Pnuemonia_Detection\data\raw_datasets\dataset_1\train\NORMAL\NORMAL-2036386-0001.jpeg,dataset_1,NORMAL,NORMAL,0,054ae1a486ca8c77889dc670e545d4875c00299aa5c65667120e43a17d1ab080,d474c24bdfc968a4,False
img_003513,e:\Final_Project\Pnuemonia_Detection\data\raw_datasets\dataset_1\train\PNEUMONIA\BACTERIA-6377840-0001.jpeg,dataset_1,PNEUMONIA,BACTERIAL,1,958f026b13c33759bde9b52e753ff3f48e9c18b8a7b5d0eca0c94f766bde6eee,80ffe75a18105f1d,False
img_003212,e:\Final_Project\Pnuemonia_Detection\data\raw_datasets\dataset_1\train\PNEUMONIA\BACTERIA-5296133-0002.jpeg,dataset_1,PNEUMONIA,BACTERIAL,1,b955666bfc1848a1ca44795d0f4bbebf38bca50180ccad7d1de7dd373adacf2e,d07d450f864b174f,False
img_000368,e:\Final_Project\Pnuemonia_Detection\data\raw_datasets\dataset_1\test\PNEUMONIA\BACTERIA-5660566-0008.jpeg,dataset_1,PNEUMONIA,BACTERIAL,1,2b3c8f515fc91379af16eec786b457520098eb426f05139ae556fdcf4582dbfc,d062a73dc738a03f,False
img_000696,e:\Final_Project\Pnuemonia_Detection\data\raw_datasets\dataset_1\train\NORMAL\NORMAL-1556834-0001.jpeg,dataset_1,NORMAL,NORMAL,0,313efd2c690f5ea5b1ed2a1b9d4ddb3e2a5d3899d0c3d22a47a80d1481310f71,d03a465f1ed8699c,False
img_002843,e:\Final_Project\Pnuemonia_Detection\data\raw_datasets\dataset_1\train\PNEUMONIA\BACTERIA-417263-0002.jpeg,dataset_1,PNEUMONIA,BACTERIAL,1,3e7802aaae6b886f9aac6210c234dee86ef9496cc1d9db2f2754f00491dd88ad,c02f6f4f6cc954d0,False
img_002538,e:\Final_Project\Pnuemonia_Detection\data\raw_datasets\dataset_1\train\PNEUMONIA\BACTERIA-309179-0001.jpeg,dataset_1,PNEUMONIA,BACTERIAL,1,988c2926369b4511bdc826ac09baba00296ff0b655a58e5d1578affe31b4ac2d,94ebafbacb1c401c,False
img_002741,e:\Final_Project\Pnuemonia_Detection\data\raw_datasets\dataset_1\train\PNEUMONIA\BACTERIA-3736857-0001.jpeg,dataset_1,PNEUMONIA,BACTERIAL,1,b2684f96e3ae35ec76535644610fe9372a393871b96ccf4ead21797415d3c70c,91afce1a94cbbc60,False
img_000510,e:\Final_Project\Pnuemonia_Detection\data\raw_datasets\dataset_1\test\PNEUMONIA\VIRUS-3039338-0001.jpeg,dataset_1,PNEUMONIA,VIRAL,2,a8282d41b5b48f027c62a0e65a21a2574a0b6ad64d33311c4bd267b157970ad7,d4eca3aac71ac70a,False
img_002105,e:\Final_Project\Pnuemonia_Detection\data\raw_datasets\dataset_1\train\PNEUMONIA\BACTERIA-1553110-0001.jpeg,dataset_1,PNEUMONIA,BACTERIAL,1,fbe9e15440be1a8aa1cf40f3d6dce9185da2f27754eefb9e5566c4f4835f071a,956a4b0fc31fe84c,False
img_002264,e:\Final_Project\Pnuemonia_Detection\data\raw_datasets\dataset_1\train\PNEUMONIA\BACTERIA-2104405-0001.jpeg,dataset_1,PNEUMONIA,BACTERIAL,1,ce2f78e2d7d6a41e21433fe3988f2d89a774cac8cd92c73aa6a5cc4bfadb809d,c1b3e63ace0b3945,False
img_000249,e:\Final_Project\Pnuemonia_Detection\data\raw_datasets\dataset_1\test\PNEUMONIA\BACTERIA-1602272-0001.jpeg,dataset_1,PNEUMONIA,BACTERIAL,1,8271bfe1fd3cb71cef665dee7b81c504100fd39d5a8f4773271d5b88e6bfe357,906ae71ed11f3887,False
img_000553,e:\Final_Project\Pnuemonia_Detection\data\raw_datasets\dataset_1\test\PNEUMONIA\VIRUS-5069337-0001.jpeg,dataset_1,PNEUMONIA,VIRAL,2,a2e14a4daa499c7573415e3429f20fcfc873fd58f82c52865be1fe0918903add,d176e21ae54fb0c2,False
img_003814,e:\Final_Project\Pnuemonia_Detection\data\raw_datasets\dataset_1\train\PNEUMONIA\BACTERIA-7564600-0003.jpeg,dataset_1,PNEUMONIA,BACTERIAL,1,c2dc168d5792b4744e04745e86d8c0e116682abede551bf89b8c8a72668a4d07,d07fef5e1c0c091c,False
img_005077,e:\Final_Project\Pnuemonia_Detection\data\raw_datasets\dataset_1\train\PNEUMONIA\VIRUS-4789461-0002.jpeg,dataset_1,PNEUMONIA,VIRAL,2,e2e02f46b980a3e548a9dfcb4e7f5a7791428e87e5baa21ca9c78b4a3d532089,d47ea73b89972881,False
img_003921,e:\Final_Project\Pnuemonia_Detection\data\raw_datasets\dataset_1\train\PNEUMONIA\BACTERIA-7908791-0001.jpeg,dataset_1,PNEUMONIA,BACTERIAL,1,f7515763445c9453d05b21d101fa0fabf6d775d0d8ea032bb544a7a533ec3807,81e5923ac36b946f,False
img_003113,e:\Final_Project\Pnuemonia_Detection\data\raw_datasets\dataset_1\train\PNEUMONIA\BACTERIA-5091264-0001.jpeg,dataset_1,PNEUMONIA,BACTERIAL,1,d51a506c2a7e681fce55ab5c9eee47d58186f8164b31e675ffb9adf769a327af,952f7a5a47184778,False
img_001855,e:\Final_Project\Pnuemonia_Detection\data\raw_datasets\dataset_1\train\NORMAL\NORMAL-9211217-0002.jpeg,dataset_1,NORMAL,NORMAL,0,a5f69377799db50deec07cbd8e651bce75e87cf53000f3f0daa1941956106fac,d4f6e31aed4d14c0,False
img_002001,e:\Final_Project\Pnuemonia_Detection\data\raw_datasets\dataset_1\train\PNEUMONIA\BACTERIA-1083680-0011.jpeg,dataset_1,PNEUMONIA,BACTERIAL,1,a76d0e0f0a8be40d94512274574c48f28e204bddef73f6ab8d91532776c876a4,d42bef2e5ac54c28,False
img_001480,e:\Final_Project\Pnuemonia_Detection\data\raw_datasets\dataset_1\train\NORMAL\NORMAL-6901859-0003.jpeg,dataset_1,NORMAL,NORMAL,0,34e9d119122e679a057a19a9db9a97aeb9be57f1941cf1a8dbb685b52c9596a6,9129c65ad959d993,False
img_000685,e:\Final_Project\Pnuemonia_Detection\data\raw_datasets\dataset_1\train\NORMAL\NORMAL-1505602-0002.jpeg,dataset_1,NORMAL,NORMAL,0,bae318eb07a7734078e75d547eb4e2d64ea867ee34b4008470d65639046b58fc,912dce3ad959184f,False
img_003716,e:\Final_Project\Pnuemonia_Detection\data\raw_datasets\dataset_1\train\PNEUMONIA\BACTERIA-7201196-0002.jpeg,dataset_1,PNEUMONIA,BACTERIAL,1,79d4f5b046a22ab1aa50a3480fb417181425b688fa448e55be15a0396d155c68,d02feb2e9c4a391a,False
img_003044,e:\Final_Project\Pnuemonia_Detection\data\raw_datasets\dataset_1\train\PNEUMONIA\BACTERIA-4796159-0001.jpeg,dataset_1,PNEUMONIA,BACTERIAL,1,2034f8a2b87b3fb7e5ccb8c4bb5eda9380965a95fb2b0f67ea5af29f41300236,d03bf65b1a6a093c,False
img_003186,e:\Final_Project\Pnuemonia_Detection\data\raw_datasets\dataset_1\train\PNEUMONIA\BACTERIA-5234361-0001.jpeg,dataset_1,PNEUMONIA,BACTERIAL,1,3d7f0f238cc0131d4c3055bc4b7b543bd0422bc21150fcdf40a49d98d29cb050,c07eef499c494c4e,False
img_000576,e:\Final_Project\Pnuemonia_Detection\data\raw_datasets\dataset_1\test\PNEUMONIA\VIRUS-6733553-0001.jpeg,dataset_1,PNEUMONIA,VIRAL,2,89b2e8f1d3f68eccb3a1de0e3f34b123d14e3efe4b767585480213f3d1cc3a92,d03fe24e56415d5c,False
img_004969,e:\Final_Project\Pnuemonia_Detection\data\raw_datasets\dataset_1\train\PNEUMONIA\VIRUS-4138604-0002.jpeg,dataset_1,PNEUMONIA,VIRAL,2,0b1219fa4354146570a89e48a8b397f30f5a81a7175e86b6641ca0a8f00c3f6d,9139e61a829e3ec7,False
img_000048,e:\Final_Project\Pnuemonia_Detection\data\raw_datasets\dataset_1\test\NORMAL\NORMAL-2850034-0001.jpeg,dataset_1,NORMAL,NORMAL,0,1e1149b9479d2a4e281c814da9659eb0da500839b6a2eb070056cab5ccb0b6c7,d064c73bed6d24c4,False
img_000719,e:\Final_Project\Pnuemonia_Detection\data\raw_datasets\dataset_1\train\NORMAL\NORMAL-1739213-0001.jpeg,dataset_1,NORMAL,NORMAL,0,62639c940aebdd5a8c3cdd8f10122dab1402e692fd0906e32d6c66aff849cfbb,d04ac65af1c339f2,False
img_002834,e:\Final_Project\Pnuemonia_Detection\data\raw_datasets\dataset_1\train\PNEUMONIA\BACTERIA-4138604-0001.jpeg,dataset_1,PNEUMONIA,BACTERIAL,1,3fba61b4276d0f504667bb35ca2cacc7b31e67302b40e3cc402d0eca2ab8ad3c,95afea14545e1a47,False
img_004168,e:\Final_Project\Pnuemonia_Detection\data\raw_datasets\dataset_1\train\PNEUMONIA\BACTERIA-8660561-0007.jpeg,dataset_1,PNEUMONIA,BACTERIAL,1,83a4db71098e57061c88fc65e3d68656422ed650b196e837180ca3e84a4cc205,c52fea1ad24b3c61,False
img_005739,e:\Final_Project\Pnuemonia_Detection\data\raw_datasets\dataset_1\train\PNEUMONIA\VIRUS-9197445-0002.jpeg,dataset_1,PNEUMONIA,VIRAL,2,df8b43d2375e977f916d237097204b0fb77240f20c22a13da294224efb33ffec,913e6a5c544f3d85,False
img_004455,e:\Final_Project\Pnuemonia_Detection\data\raw_datasets\dataset_1\train\PNEUMONIA\BACTERIA-9682067-0001.jpeg,dataset_1,PNEUMONIA,BACTERIAL,1,c99cb81d26f8d354226ea3efd1be8fc2440fcc9ccca3940dbb1b39ba5e3f9dde,dc6ea31b413c643e,False
img_003531,e:\Final_Project\Pnuemonia_Detection\data\raw_datasets\dataset_1\train\PNEUMONIA\BACTERIA-6443888-0002.jpeg,dataset_1,PNEUMONIA,BACTERIAL,1,d855f9c7193012c439e852a8f4ee6913bb7ac3c109b079bcc951f49b5f0af8b3,d46aa317c11b59c7,False
img_002288,e:\Final_Project\Pnuemonia_Detection\data\raw_datasets\dataset_1\train\PNEUMONIA\BACTERIA-215369-0006.jpeg,dataset_1,PNEUMONIA,BACTERIAL,1,4d4069651cb3408af76f2092252ac43f4a4ded1a2de54666e2ea9651b6aa161a,dd68e106c73bc30b,False
img_002996,e:\Final_Project\Pnuemonia_Detection\data\raw_datasets\dataset_1\train\PNEUMONIA\BACTERIA-4617189-0003.jpeg,dataset_1,PNEUMONIA,BACTERIAL,1,5940122befa6bc2155cc903a56a89903affa082bc13a808790c33b7726223ead,c10f7e5a58493d4b,False
img_004006,e:\Final_Project\Pnuemonia_Detection\data\raw_datasets\dataset_1\train\PNEUMONIA\BACTERIA-8241424-0002.jpeg,dataset_1,PNEUMONIA,BACTERIAL,1,f328231cb1fb6fdb70ac22c19617cbfdca339e4d05642874009e11b2f265a20f,d02bed2d1d55153c,False
img_004746,e:\Final_Project\Pnuemonia_Detection\data\raw_datasets\dataset_1\train\PNEUMONIA\VIRUS-2696292-0003.jpeg,dataset_1,PNEUMONIA,VIRAL,2,e3776da7b52bdb55fdd95458ca869e6a1313219c16657084dfd68c9d33ebc317,9c6ea33a8b973885,False
img_000675,e:\Final_Project\Pnuemonia_Detection\data\raw_datasets\dataset_1\train\NORMAL\NORMAL-145240-0001.jpeg,dataset_1,NORMAL,NORMAL,0,db40b6c504aed9addfed17ad67f27dd4710eb28e31ce2af4103ee548a6fbc148,d03ad21f1c551d9d,False
img_004270,e:\Final_Project\Pnuemonia_Detection\data\raw_datasets\dataset_1\train\PNEUMONIA\BACTERIA-9064487-0001.jpeg,dataset_1,PNEUMONIA,BACTERIAL,1,710be2d9ce22d170a0ac3a6047145df0bdb5c5560007726674b7c7304ae94dad,903e6f791d5a4d90,False
img_001835,e:\Final_Project\Pnuemonia_Detection\data\raw_datasets\dataset_1\train\NORMAL\NORMAL-9082577-0001.jpeg,dataset_1,NORMAL,NORMAL,0,98179d3972d9f8e56a662d7333e8f8e5f60f72c3a4b16933c4fe4d6a4abfdb4a,957e871e0d0d1ccd,False
img_003761,e:\Final_Project\Pnuemonia_Detection\data\raw_datasets\dataset_1\train\PNEUMONIA\BACTERIA-741892-0003.jpeg,dataset_1,PNEUMONIA,BACTERIAL,1,ba0e4a59b23cfc5d3167fc352928a6623f9eaf9db9460916956a6d05bb352e81,d02bfe5a5c58191e,False
img_002876,e:\Final_Project\Pnuemonia_Detection\data\raw_datasets\dataset_1\train\PNEUMONIA\BACTERIA-4320648-0001.jpeg,dataset_1,PNEUMONIA,BACTERIAL,1,3c6809a4566a5c8667be97866d24947f9dec3f602f48e4c5d16aae5c0932a864,947eab131f551c4c,False
img_004968,e:\Final_Project\Pnuemonia_Detection\data\raw_datasets\dataset_1\train\PNEUMONIA\VIRUS-412955-0001.jpeg,dataset_1,PNEUMONIA,VIRAL,2,a386612676bc135b4e4d1c5d5302b701f663707b5d449ce749efe0261f6617ad,d476c71bad4d20e4,False
img_001049,e:\Final_Project\Pnuemonia_Detection\data\raw_datasets\dataset_1\train\NORMAL\NORMAL-385855-0001.jpeg,dataset_1,NORMAL,NORMAL,0,94b02c6711e8dbeb1f02d86ce2c5f33ce06e06adfd57312d66cfaef628a52c43,907de31a994d3c9c,False
img_004701,e:\Final_Project\Pnuemonia_Detection\data\raw_datasets\dataset_1\train\PNEUMONIA\VIRUS-2402649-0002.jpeg,dataset_1,PNEUMONIA,VIRAL,2,03246743bc354aa8fef7744e5c2e79624d13170fd9e68febd755cf8788276005,812beedad4105d73,False
img_001543,e:\Final_Project\Pnuemonia_Detection\data\raw_datasets\dataset_1\train\NORMAL\NORMAL-7140141-0004.jpeg,dataset_1,NORMAL,NORMAL,0,db9b13cf5c93ae4c74b1e459f2a04b7baf75b8326db756410e14f870c15d93eb,913dc61b9cc13d96,False
img_002109,e:\Final_Project\Pnuemonia_Detection\data\raw_datasets\dataset_1\train\PNEUMONIA\BACTERIA-155541-0004.jpeg,dataset_1,PNEUMONIA,BACTERIAL,1,383aac84f28dff1298bea1cec1183aa454964d5af755add9c5026017f07d330e,987dc71a871b1993,False
img_003359,e:\Final_Project\Pnuemonia_Detection\data\raw_datasets\dataset_1\train\PNEUMONIA\BACTERIA-580420-0002.jpeg,dataset_1,PNEUMONIA,BACTERIAL,1,d7b45e7029f65eb8e8ae32b69ad7a520af0895cae1fd274fa8234451ec5b9a56,912ba63ada7a1dc1,False
img_001053,e:\Final_Project\Pnuemonia_Detection\data\raw_datasets\dataset_1\train\NORMAL\NORMAL-385855-0005.jpeg,dataset_1,NORMAL,NORMAL,0,06823042e55b7a457d3edf9bd867d38695bf48411fc731de0be2558874ba8eb7,d02bc20bbc693df8,False
img_003159,e:\Final_Project\Pnuemonia_Detection\data\raw_datasets\dataset_1\train\PNEUMONIA\BACTERIA-5176243-0001.jpeg,dataset_1,PNEUMONIA,BACTERIAL,1,a7e9b1251f4905a3a0c9358789cc1b98d19800c34472af33294c85bd458fb693,9ca28359922e7dda,False
img_003206,e:\Final_Project\Pnuemonia_Detection\data\raw_datasets\dataset_1\train\PNEUMONIA\BACTERIA-5285130-0003.jpeg,dataset_1,PNEUMONIA,BACTERIAL,1,1f9216db4e1307c2705d885adee62a4a95854fb6a87a21b77e39ec10d245dce1,80eaab0f414beb6e,False
img_003919,e:\Final_Project\Pnuemonia_Detection\data\raw_datasets\dataset_1\train\PNEUMONIA\BACTERIA-7886823-0001.jpeg,dataset_1,PNEUMONIA,BACTERIAL,1,d583511dbd776bb57aeda24325ae119eaf7d57ca128c80b144b8753bef2f6e18,956a0b4f4f59c169,False
img_000347,e:\Final_Project\Pnuemonia_Detection\data\raw_datasets\dataset_1\test\PNEUMONIA\BACTERIA-518323-0002.jpeg,dataset_1,PNEUMONIA,BACTERIAL,1,f56fe1e25e36159a5083e747fc429a8d91468c6c9937ad44c306595d831f70b5,946aeb3a0b1a19cf,False
img_005246,e:\Final_Project\Pnuemonia_Detection\data\raw_datasets\dataset_1\train\PNEUMONIA\VIRUS-5854977-0002.jpeg,dataset_1,PNEUMONIA,VIRAL,2,cebda7b30d0b2fdd8306ec71e484c3a79b40aa84508b3b84fa0ad5a073594422,9169eb3eda5a1858,False
img_000157,e:\Final_Project\Pnuemonia_Detection\data\raw_datasets\dataset_1\test\NORMAL\NORMAL-6442221-0001.jpeg,dataset_1,NORMAL,NORMAL,0,696eea445b9d885c401f76432a1a57112176dde3f29092ce98cfd520e10848ee,917e4613524f1b4f,False
img_001276,e:\Final_Project\Pnuemonia_Detection\data\raw_datasets\dataset_1\train\NORMAL\NORMAL-5431669-0001.jpeg,dataset_1,NORMAL,NORMAL,0,014dc9f6c6cf5575afdef3891217683cbfe74df4149c13cdc9b9bc841688caf7,955f871b850476e6,False
img_004141,e:\Final_Project\Pnuemonia_Detection\data\raw_datasets\dataset_1\train\PNEUMONIA\BACTERIA-8572102-0001.jpeg,dataset_1,PNEUMONIA,BACTERIAL,1,86492f65dcea494c0b0188ae1c165230f57411100d5a3decdc25f8a933b92f16,d82d8f0e4b2ec05f,False
img_004671,e:\Final_Project\Pnuemonia_Detection\data\raw_datasets\dataset_1\train\PNEUMONIA\VIRUS-2111525-0002.jpeg,dataset_1,PNEUMONIA,VIRAL,2,11c15db38c2104b2966d19164c92508f429001fdb2babf9dd43f76f5b69d4b75,913fd659f1313503,False
img_000124,e:\Final_Project\Pnuemonia_Detection\data\raw_datasets\dataset_1\test\NORMAL\NORMAL-5513974-0001.jpeg,dataset_1,NORMAL,NORMAL,0,64ef120eb5f54473e5b9a130ecdc110b5b486192d2028448c453dab47a257f9a,916ce638cd6c78cc,False
img_000940,e:\Final_Project\Pnuemonia_Detection\data\raw_datasets\dataset_1\train\NORMAL\NORMAL-3190806-0001.jpeg,dataset_1,NORMAL,NORMAL,0,1b96b8ba4d279362a396c2864f76eb3f30ba910f63573491ed2203b4e728f5c7,d02fef3f0d0d2c84,False
img_000082,e:\Final_Project\Pnuemonia_Detection\data\raw_datasets\dataset_1\test\NORMAL\NORMAL-3985743-0001.jpeg,dataset_1,NORMAL,NORMAL,0,776b392f9584b6a545e53a6db39f62ad20b2ab1d11a140a9c29d147b1db25482,d47e871b870b390e,False
img_000969,e:\Final_Project\Pnuemonia_Detection\data\raw_datasets\dataset_1\train\NORMAL\NORMAL-338872-0001.jpeg,dataset_1,NORMAL,NORMAL,0,eeaabcb17fa9ccc6b1ef2a3b3f34d90b39677ce67e3d570d7bfede3a2541347d,957e8f5885169a87,False
img_002508,e:\Final_Project\Pnuemonia_Detection\data\raw_datasets\dataset_1\train\PNEUMONIA\BACTERIA-3000214-0002.jpeg,dataset_1,PNEUMONIA,BACTERIAL,1,852e8ee4c5417a4833b5008445a8be2e0d30283cf7fb4ce63e5a8f1eff63ca0f,d42f465f1a4a5a5a,False
img_003978,e:\Final_Project\Pnuemonia_Detection\data\raw_datasets\dataset_1\train\PNEUMONIA\BACTERIA-8101287-0001.jpeg,dataset_1,PNEUMONIA,BACTERIAL,1,078277646dc0894a09a3552511b090be1393450266abf137738be60074e2c0e0,9529e33ee22ab94a,False
img_002866,e:\Final_Project\Pnuemonia_Detection\data\raw_datasets\dataset_1\train\PNEUMONIA\BACTERIA-4245588-0001.jpeg,dataset_1,PNEUMONIA,BACTERIAL,1,26058263c11ed160b2fddc6eb5391ea3020661acb3d12b207e7fe330b9418131,946bef5cc31a914a,False
img_000469,e:\Final_Project\Pnuemonia_Detection\data\raw_datasets\dataset_1\test\PNEUMONIA\BACTERIA-9764136-0001.jpeg,dataset_1,PNEUMONIA,BACTERIAL,1,678f13f9bdabd6c132751185a5d5ab7553f9f400ff306743c6f9fcd2b09669ec,913b4254545f7a5b,False
img_004406,e:\Final_Project\Pnuemonia_Detection\data\raw_datasets\dataset_1\train\PNEUMONIA\BACTERIA-9551241-0003.jpeg,dataset_1,PNEUMONIA,BACTERIAL,1,71ffd8465af041429aeec5f6cb1312a810ba2448008e63f9a01b381b4e2a9e50,cc7fe71c4d862c82,False
img_005164,e:\Final_Project\Pnuemonia_Detection\data\raw_datasets\dataset_1\train\PNEUMONIA\VIRUS-5364032-0001.jpeg,dataset_1,PNEUMONIA,VIRAL,2,352ad4bdae57ea0bed6639609990c417db70297c5fc64d9ac0794dbcf41b7f97,d060c75adb4f49c5,False
img_002738,e:\Final_Project\Pnuemonia_Detection\data\raw_datasets\dataset_1\train\PNEUMONIA\BACTERIA-3733355-0001.jpeg,dataset_1,PNEUMONIA,BACTERIAL,1,97d5ec060e6842c05197cf9b2ae86b65a7743455afc78012c840050942902b5f,9937f73eda1818c0,False
img_003160,e:\Final_Project\Pnuemonia_Detection\data\raw_datasets\dataset_1\train\PNEUMONIA\BACTERIA-5185430-0001.jpeg,dataset_1,PNEUMONIA,BACTERIAL,1,4a9d8b4b3a01e3cdf7df9881c934da0b752ada5b77f99a58a7ccf43edb7f76bf,df7ff55294420834,False
img_004290,e:\Final_Project\Pnuemonia_Detection\data\raw_datasets\dataset_1\train\PNEUMONIA\BACTERIA-9120067-0005.jpeg,dataset_1,PNEUMONIA,BACTERIAL,1,70c9991cec50ceca84f52d1fcacbc144010f84b5b28f30995be04e94863164aa,912be23e9a7a38ca,False
img_005430,e:\Final_Project\Pnuemonia_Detection\data\raw_datasets\dataset_1\train\PNEUMONIA\VIRUS-7024838-0001.jpeg,dataset_1,PNEUMONIA,VIRAL,2,414a8bf3f0c1f2287610e8acde82e8cc7cd3b0099cc88a4fa34655d995a7b7e5,d0a5e73bb04b3d50,False
img_001643,e:\Final_Project\Pnuemonia_Detection\data\raw_datasets\dataset_1\train\NORMAL\NORMAL-7761428-0001.jpeg,dataset_1,NORMAL,NORMAL,0,23544cbcb7b37f53defba975e1fb4b897b9afd8a84bfa97fcfce37a6dc29f742,902aca5adc5d5cd6,False
img_005220,e:\Final_Project\Pnuemonia_Detection\data\raw_datasets\dataset_1\train\PNEUMONIA\VIRUS-5672000-0001.jpeg,dataset_1,PNEUMONIA,VIRAL,2,db1fcf1392578897bdb17650367cba063e9f5bc4441692a9212eba2752405425,d035e33c69397869,False
img_005644,e:\Final_Project\Pnuemonia_Detection\data\raw_datasets\dataset_1\train\PNEUMONIA\VIRUS-8512880-0002.jpeg,dataset_1,PNEUMONIA,VIRAL,2,60da0a0ba630974985a18605159b23f4ed1776c1db3df30dcfa51e0aac3ac2c8,d46ac71eeb2d2c44,False
img_004376,e:\Final_Project\Pnuemonia_Detection\data\raw_datasets\dataset_1\train\PNEUMONIA\BACTERIA-9450861-0001.jpeg,dataset_1,PNEUMONIA,BACTERIAL,1,9db0a679947bdeea040ea943dbd347d87f6a664052fa8371127a814f6e5b9f07,d43df22b2d682c6c,False
img_004747,e:\Final_Project\Pnuemonia_Detection\data\raw_datasets\dataset_1\train\PNEUMONIA\VIRUS-2701747-0002.jpeg,dataset_1,PNEUMONIA,VIRAL,2,87e107bc009438afe09f73dc15edf631ae794552ad5d763dc84472f5215eaa19,d02fc35f5e4b1c48,False
img_000176,e:\Final_Project\Pnuemonia_Detection\data\raw_datasets\dataset_1\test\NORMAL\NORMAL-7165123-0001.jpeg,dataset_1,NORMAL,NORMAL,0,61f05d90fb3143bd144e7b11d9288500273d4b1838358fa48bbeb1c66a646edc,d07dc33f8f693840,False
img_003632,e:\Final_Project\Pnuemonia_Detection\data\raw_datasets\dataset_1\train\PNEUMONIA\BACTERIA-6760822-0002.jpeg,dataset_1,PNEUMONIA,BACTERIAL,1,ac3e9e044878fe30ba99e7a3860fe2e67f967c5054f74f1e3029cf566a62ef4b,d01d7a573e9a3894,False
img_004215,e:\Final_Project\Pnuemonia_Detection\data\raw_datasets\dataset_1\train\PNEUMONIA\BACTERIA-880930-0002.jpeg,dataset_1,PNEUMONIA,BACTERIAL,1,f8f58c8dcadaded1e4d5291716828b293573311eaedbdbb150b1373692a31bd6,9eef6558c75c4842,False
img_004822,e:\Final_Project\Pnuemonia_Detection\data\raw_datasets\dataset_1\train\PNEUMONIA\VIRUS-3135895-0005.jpeg,dataset_1,PNEUMONIA,VIRAL,2,f282d2fd0a1a3d111184433760b78f6daf13c56b38a7ab62be2e9d79b91c2dc5,d52ae7049ec23b1d,False
img_001135,e:\Final_Project\Pnuemonia_Detection\data\raw_datasets\dataset_1\train\NORMAL\NORMAL-4377146-0001.jpeg,dataset_1,NORMAL,NORMAL,0,5e8f6eb762bd43677999411693c085b0cb3eb23655bcc1b40a25ff1a3374f685,91f8871aba3c392d,False
img_000742,e:\Final_Project\Pnuemonia_Detection\data\raw_datasets\dataset_1\train\NORMAL\NORMAL-191707-0001.jpeg,dataset_1,NORMAL,NORMAL,0,afa87d33c18b7275573f937dc89432ed7c3ce4ab0e956c543a3ec468f8a19245,916cc75a896d38b5,False
img_001027,e:\Final_Project\Pnuemonia_Detection\data\raw_datasets\dataset_1\train\NORMAL\NORMAL-3758513-0004.jpeg,dataset_1,NORMAL,NORMAL,0,e46854d107e238a38e159b6c381db8c12f3a076ee43c395aef43810cb49f6b1a,d42f424f492f2f34,False
img_005955,e:\Final_Project\Pnuemonia_Detection\data\raw_datasets\dataset_2\test\NORMAL\NORMAL2-IM-0105-0001.jpeg,dataset_2,NORMAL,NORMAL,0,947eef7460bd26ce8fb72f78b704f23bb5228b843e4a8ad79705de220ae8f7c9,81a1c61ef04b7c6f,False
img_004629,e:\Final_Project\Pnuemonia_Detection\data\raw_datasets\dataset_1\train\PNEUMONIA\VIRUS-176882-0002.jpeg,dataset_1,PNEUMONIA,VIRAL,2,f15bc785740342be95691e68edb7ea0428fd9fde3fc819c052cc594959ea0f67,9565e77a924a30c7,False
img_001390,e:\Final_Project\Pnuemonia_Detection\data\raw_datasets\dataset_1\train\NORMAL\NORMAL-6194746-0001.jpeg,dataset_1,NORMAL,NORMAL,0,2fd1ec1b6de793ad1f4fa888b4ff9653a00f73f0d8203c1876804e9d57ba3dd0,d07ec718cd0db8c6,False
img_004241,e:\Final_Project\Pnuemonia_Detection\data\raw_datasets\dataset_1\train\PNEUMONIA\BACTERIA-8941083-0001.jpeg,dataset_1,PNEUMONIA,BACTERIAL,1,a9b0fe8446bf36ff88becb345cc0cfc527f5f46ca2fc1677d909d3636364d3ab,8129e31eda5e3c4b,False
img_002348,e:\Final_Project\Pnuemonia_Detection\data\raw_datasets\dataset_1\train\PNEUMONIA\BACTERIA-2404809-0002.jpeg,dataset_1,PNEUMONIA,BACTERIAL,1,53bd991b66e9dc7f17baeda40c2dffc6e9250b0d19026b06f039966ede9ffa30,913fc25ec64b3c49,False
img_001813,e:\Final_Project\Pnuemonia_Detection\data\raw_datasets\dataset_1\train\NORMAL\NORMAL-9000251-0001.jpeg,dataset_1,NORMAL,NORMAL,0,032a11892facfdd9cbf463aceb44be263af562abd086d9f6b2e41464f9d45311,d468c33be9696ce0,False
img_002369,e:\Final_Project\Pnuemonia_Detection\data\raw_datasets\dataset_1\train\PNEUMONIA\BACTERIA-2474652-0003.jpeg,dataset_1,PNEUMONIA,BACTERIAL,1,870b56ababeea7462fc091dc7d4e7f757ea3ebabeceaefb84cd4330a21d16f8f,956b4b1f421a307f,False
img_003985,e:\Final_Project\Pnuemonia_Detection\data\raw_datasets\dataset_1\train\PNEUMONIA\BACTERIA-8133734-0001.jpeg,dataset_1,PNEUMONIA,BACTERIAL,1,3e7db3eea08a4a39649cb0b582f2557bdbd4b3f50422ba49103c1fa89aff7d6d,d06d8f1c4d4cc64f,False
img_005556,e:\Final_Project\Pnuemonia_Detection\data\raw_datasets\dataset_1\train\PNEUMONIA\VIRUS-7942103-0008.jpeg,dataset_1,PNEUMONIA,VIRAL,2,955e3c30a9d02907ae6508e0aa90cedd6cf6440a38b524456b03707b5c7a85e2,d424e31fe20f9e4a,False
img_000635,e:\Final_Project\Pnuemonia_Detection\data\raw_datasets\dataset_1\train\NORMAL\NORMAL-1063934-0001.jpeg,dataset_1,NORMAL,NORMAL,0,d19a83fb4dff4aa8a874ff549d62782aa9aefe88c70a76a1d0d8a9c055c83511,907ec65adc591dc4,False
img_001190,e:\Final_Project\Pnuemonia_Detection\data\raw_datasets\dataset_1\train\NORMAL\NORMAL-4758820-0002.jpeg,dataset_1,NORMAL,NORMAL,0,2cbdbdd368b3c79cc418bf7b3fae9f0693e6d13e551c21781b3a17d78dd8e35c,94bec31bd54614d6,False
img_001569,e:\Final_Project\Pnuemonia_Detection\data\raw_datasets\dataset_1\train\NORMAL\NORMAL-7274749-0001.jpeg,dataset_1,NORMAL,NORMAL,0,fef22aae0f607f7f8c6b834a0dca5c08c8611a2544d489674c060bf40ae0df92,9129c61aba6b396d,False
img_002365,e:\Final_Project\Pnuemonia_Detection\data\raw_datasets\dataset_1\train\PNEUMONIA\BACTERIA-2460395-0001.jpeg,dataset_1,PNEUMONIA,BACTERIAL,1,0532d3c3e365089b98127ecb6bc1febdf04705c47430842b659393f5ac4f15f8,d02f471a0f6f2a4e,False
img_000898,e:\Final_Project\Pnuemonia_Detection\data\raw_datasets\dataset_1\train\NORMAL\NORMAL-284113-0002.jpeg,dataset_1,NORMAL,NORMAL,0,a24077fb192646581d61bd6c2c8572155d6e22217da01764bb3f24089a3e963d,957c873a9b0d38b4,False
img_003651,e:\Final_Project\Pnuemonia_Detection\data\raw_datasets\dataset_1\train\PNEUMONIA\BACTERIA-6870430-0001.jpeg,dataset_1,PNEUMONIA,BACTERIAL,1,24bb3f85574c22b5f4f2f976595fc12cfff027d383f6abc8fffe1f40bb9da9c2,9c716392c33bc33a,False
img_001261,e:\Final_Project\Pnuemonia_Detection\data\raw_datasets\dataset_1\train\NORMAL\NORMAL-5389167-0001.jpeg,dataset_1,NORMAL,NORMAL,0,5c19a091e5fbfac88e1bd4d99e716689e3348045207985a339a8c89fab11e99a,d06cc75bcdcd2982,False
img_001991,e:\Final_Project\Pnuemonia_Detection\data\raw_datasets\dataset_1\train\PNEUMONIA\BACTERIA-1083680-0001.jpeg,dataset_1,PNEUMONIA,BACTERIAL,1,4a6cc9c4f2f9359b3b043f9dd500827927c92371705a5a7f17da7ae48093118e,9023ef3fc21ed04e,False
img_003682,e:\Final_Project\Pnuemonia_Detection\data\raw_datasets\dataset_1\train\PNEUMONIA\BACTERIA-7022864-0002.jpeg,dataset_1,PNEUMONIA,BACTERIAL,1,b4f73c33a31c44a6b1344f955f6132bd1987fde18493c89f5560d194390b116d,983bc31ad85b3cd2,False
img_001982,e:\Final_Project\Pnuemonia_Detection\data\raw_datasets\dataset_1\train\PNEUMONIA\BACTERIA-1041881-0001.jpeg,dataset_1,PNEUMONIA,BACTERIAL,1,b0de3cc3c5e269e1af3a90f6fe6749f358e7661bbe5c7506610167ffe2c29951,803e5a5ad45a955f,False
img_003718,e:\Final_Project\Pnuemonia_Detection\data\raw_datasets\dataset_1\train\PNEUMONIA\BACTERIA-7201196-0004.jpeg,dataset_1,PNEUMONIA,BACTERIAL,1,11df5177a9c264037148b14136036271d3f18b15a209c041dc7c1fe258e31c92,d461c33fca2bb143,False
img_001669,e:\Final_Project\Pnuemonia_Detection\data\raw_datasets\dataset_1\train\NORMAL\NORMAL-7998429-0001.jpeg,dataset_1,NORMAL,NORMAL,0,90e2e9fd769d01e6a236a84414b33c7d1897a9938496f64697ba9091aa8a8f2c,917f861a095d58dd,False
img_002462,e:\Final_Project\Pnuemonia_Detection\data\raw_datasets\dataset_1\train\PNEUMONIA\BACTERIA-2809806-0002.jpeg,dataset_1,PNEUMONIA,BACTERIAL,1,77feedaa73314afb2ae8b650260033d75dbf66c70dcda7cf4fcdcc4d5025e935,917b5e5e58493929,False
img_004892,e:\Final_Project\Pnuemonia_Detection\data\raw_datasets\dataset_1\train\PNEUMONIA\VIRUS-364560-0002.jpeg,dataset_1,PNEUMONIA,VIRAL,2,7e53797f9a3ee2484557c6f2835dd130f28a2f6ac29c9068c19b0f066dd5fa8a,c074e61b93cf9b81,False
img_002871,e:\Final_Project\Pnuemonia_Detection\data\raw_datasets\dataset_1\train\PNEUMONIA\BACTERIA-4293827-0002.jpeg,dataset_1,PNEUMONIA,BACTERIAL,1,3e2ca531ad538f9677fda6eb5b0b726ac6f0f626e297530b6dcc7bd38ac33df1,9029e75f3dc04a3d,False
img_004238,e:\Final_Project\Pnuemonia_Detection\data\raw_datasets\dataset_1\train\PNEUMONIA\BACTERIA-8923422-0002.jpeg,dataset_1,PNEUMONIA,BACTERIAL,1,aa73e697ddd289e9be6920e70283f75ed90698d9e34522452ccbdae67146c698,c42fd34f5c683c58,False
img_004737,e:\Final_Project\Pnuemonia_Detection\data\raw_datasets\dataset_1\train\PNEUMONIA\VIRUS-2617694-0001.jpeg,dataset_1,PNEUMONIA,VIRAL,2,1c5306c3208aed99cb979714d23a5ee22b56ec0a82753ff834e624fe3552068c,94f4e11fe8a5a668,False
img_001979,e:\Final_Project\Pnuemonia_Detection\data\raw_datasets\dataset_1\train\PNEUMONIA\BACTERIA-103798-0002.jpeg,dataset_1,PNEUMONIA,BACTERIAL,1,27c1ad09327c86e585e7b8d44e53b3b89f5d2ed66c8b7289fbe4b38d618777e8,d528e86b35c54eb4,False
img_000145,e:\Final_Project\Pnuemonia_Detection\data\raw_datasets\dataset_1\test\NORMAL\NORMAL-6204576-0001.jpeg,dataset_1,NORMAL,NORMAL,0,dda1d03182af460e4af7e196f481db016941298b12716a326296698889cf33dd,947d875a8d2c8ccd,False
img_005574,e:\Final_Project\Pnuemonia_Detection\data\raw_datasets\dataset_1\train\PNEUMONIA\VIRUS-8074787-0001.jpeg,dataset_1,PNEUMONIA,VIRAL,2,c442b2dd88e956aa543e2e10f5902df6a3b37361fdffec61f2478c8373fbf59a,95aae21ed4491fe8,False
img_005628,e:\Final_Project\Pnuemonia_Detection\data\raw_datasets\dataset_1\train\PNEUMONIA\VIRUS-8403601-0002.jpeg,dataset_1,PNEUMONIA,VIRAL,2,c47418f27f22531a81749683977fb33c95078583285d032076b626515b4b8ef5,946ac3128369bde7,False
img_002346,e:\Final_Project\Pnuemonia_Detection\data\raw_datasets\dataset_1\train\PNEUMONIA\BACTERIA-2401713-0001.jpeg,dataset_1,PNEUMONIA,BACTERIAL,1,852c8c12c07f6b7c1280c388e81cf4b2a391a9c18b142d75218fdcdd51eb788d,916a4e3c4f19c71e,False
img_003149,e:\Final_Project\Pnuemonia_Detection\data\raw_datasets\dataset_1\train\PNEUMONIA\BACTERIA-516152-0001.jpeg,dataset_1,PNEUMONIA,BACTERIAL,1,0a8942e03dfec3d486d3000b7d563ed03623d7284e0217f0cdbbd04431d2eb07,c02f273f051d5c57,False
img_003004,e:\Final_Project\Pnuemonia_Detection\data\raw_datasets\dataset_1\train\PNEUMONIA\BACTERIA-4630394-0001.jpeg,dataset_1,PNEUMONIA,BACTERIAL,1,58a3b8c013bb9d711d38b61ca4048a02d2b3eb044e32918b0bf6e0121559b580,d0789f190f184f9e,False
img_001028,e:\Final_Project\Pnuemonia_Detection\data\raw_datasets\dataset_1\train\NORMAL\NORMAL-3780378-0001.jpeg,dataset_1,NORMAL,NORMAL,0,3853a4552e0bc9aea1f45b2e7ee27be5954cdf9a0365d7972663b62b5495d9ae,dd7a425f5a0d3c0c,False
img_002801,e:\Final_Project\Pnuemonia_Detection\data\raw_datasets\dataset_1\train\PNEUMONIA\BACTERIA-3997230-0001.jpeg,dataset_1,PNEUMONIA,BACTERIAL,1,1947f63da84e7a42111523baddc34b2932d7dbf5637787780813e3a50a4e662f,957eee3cbc4a0d02,False
img_005478,e:\Final_Project\Pnuemonia_Detection\data\raw_datasets\dataset_1\train\PNEUMONIA\VIRUS-7398476-0002.jpeg,dataset_1,PNEUMONIA,VIRAL,2,19f568aa99251f04a9fb44e7c10c2734103880a67ec576903f92500f862b216e,d03ea72e3ab50b38,False
img_000982,e:\Final_Project\Pnuemonia_Detection\data\raw_datasets\dataset_1\train\NORMAL\NORMAL-3476904-0001.jpeg,dataset_1,NORMAL,NORMAL,0,23ad9839cc5a89f29ad2f29d25efff95cd1cc546f1327c77455841f8af6747d4,d03dc31b9d6938d8,False
img_004285,e:\Final_Project\Pnuemonia_Detection\data\raw_datasets\dataset_1\train\PNEUMONIA\BACTERIA-9115368-0001.jpeg,dataset_1,PNEUMONIA,BACTERIAL,1,bf946bd59440b8e524de11f020525909fdf19b6e011e55e231febb275020ce8b,952aeb3ed6c21ac2,False
img_001595,e:\Final_Project\Pnuemonia_Detection\data\raw_datasets\dataset_1\train\NORMAL\NORMAL-7434654-0001.jpeg,dataset_1,NORMAL,NORMAL,0,23116904567e423b903ee36ab7ab1a2643257704f6868ce884aa37c2172a108e,912fc21ad86b97c6,False
img_004001,e:\Final_Project\Pnuemonia_Detection\data\raw_datasets\dataset_1\train\PNEUMONIA\BACTERIA-8197210-0001.jpeg,dataset_1,PNEUMONIA,BACTERIAL,1,09ee057fdb27281cd755c3af9efb3d105011370933082e92d400f5070fb6cd30,9131e71fe14eb04e,False
img_005236,e:\Final_Project\Pnuemonia_Detection\data\raw_datasets\dataset_1\train\PNEUMONIA\VIRUS-5739457-0005.jpeg,dataset_1,PNEUMONIA,VIRAL,2,0012bca09bfaf9167488bdcdae9d5a3b7331c08c624dcd5ba8c74dcad28d8a83,9127e73ab04bb44e,False
img_001964,e:\Final_Project\Pnuemonia_Detection\data\raw_datasets\dataset_1\train\NORMAL\NORMAL-9959874-0001.jpeg,dataset_1,NORMAL,NORMAL,0,b3785d74d42994aedaaaaa4fa764bc0e3e0ca5c269c5d959b264509da5b667a5,91d4c71ee98d6986,False
img_001727,e:\Final_Project\Pnuemonia_Detection\data\raw_datasets\dataset_1\train\NORMAL\NORMAL-8349062-0001.jpeg,dataset_1,NORMAL,NORMAL,0,1fd70455754b952e2345d2977cae8810116fe703bf1c15a8a2ec7d085a9217db,912cc63afd6938e4,False
img_005277,e:\Final_Project\Pnuemonia_Detection\data\raw_datasets\dataset_1\train\PNEUMONIA\VIRUS-6076468-0012.jpeg,dataset_1,PNEUMONIA,VIRAL,2,5a8861212bd71d1f2d3d44c2917b1fc05e6f909546a7ea0530081c242f19bdc3,9821e33ff44f3461,False
img_003969,e:\Final_Project\Pnuemonia_Detection\data\raw_datasets\dataset_1\train\PNEUMONIA\BACTERIA-8054264-0003.jpeg,dataset_1,PNEUMONIA,BACTERIAL,1,baaa29769ca5561e23c4f9e86267ec7a5cea6594ea998a766268efe49d0e7679,d5ff2210555d5c54,False
img_003304,e:\Final_Project\Pnuemonia_Detection\data\raw_datasets\dataset_1\train\PNEUMONIA\BACTERIA-5611910-0001.jpeg,dataset_1,PNEUMONIA,BACTERIAL,1,f645a43322e2b29ea310e114c3e6449f6042197c13cc786b7162ab7d270e065d,d5fea228a63ec01e,False
img_000102,e:\Final_Project\Pnuemonia_Detection\data\raw_datasets\dataset_1\test\NORMAL\NORMAL-4955194-0001.jpeg,dataset_1,NORMAL,NORMAL,0,62ebaf27617c5c06c1ad8cfc60c91e85d61d55e349cc97b943e4b2bb65b211f4,9474835b871de85e,False
img_000603,e:\Final_Project\Pnuemonia_Detection\data\raw_datasets\dataset_1\test\PNEUMONIA\VIRUS-842024-0001.jpeg,dataset_1,PNEUMONIA,VIRAL,2,f936fede0af321d1959e74d4c22cb7cf9a1626026e029e59cc6fbb16b0edb503,912be63efa5a1e40,False
img_003937,e:\Final_Project\Pnuemonia_Detection\data\raw_datasets\dataset_1\train\PNEUMONIA\BACTERIA-7986969-0001.jpeg,dataset_1,PNEUMONIA,BACTERIAL,1,7a23ca41d2e7f6d05b17f3682066adea96d96874047830a7cc84e8c79f97ffa0,d42ae32f2ec20b3b,False
img_000261,e:\Final_Project\Pnuemonia_Detection\data\raw_datasets\dataset_1\test\PNEUMONIA\BACTERIA-1768914-0006.jpeg,dataset_1,PNEUMONIA,BACTERIAL,1,34c51022bd340b4c6fd477f2a0387d441fb3165c72dbfda83df40007c888bdcc,c02eb7c9cd4c4ce6,False
img_000752,e:\Final_Project\Pnuemonia_Detection\data\raw_datasets\dataset_1\train\NORMAL\NORMAL-1958813-0002.jpeg,dataset_1,NORMAL,NORMAL,0,d709c6a7acd73de0ceb25c11bfb74dba9edafcebaef5d93b9f8a8424d86d923a,907dc65a8b6d38e4,False
img_000115,e:\Final_Project\Pnuemonia_Detection\data\raw_datasets\dataset_1\test\NORMAL\NORMAL-5402107-0001.jpeg,dataset_1,NORMAL,NORMAL,0,bb01a8b00a0829ba7dc5abfe57176224afd28f68535d1e17f58480e82e798a78,d0b5c7389e6938cc,False
img_002145,e:\Final_Project\Pnuemonia_Detection\data\raw_datasets\dataset_1\train\PNEUMONIA\BACTERIA-1639580-0001.jpeg,dataset_1,PNEUMONIA,BACTERIAL,1,7698571239d8291a1666072196d2b6e38a5ff3fe439f8efeed420780ace97eb1,946a2b190b1939ff,False
img_000847,e:\Final_Project\Pnuemonia_Detection\data\raw_datasets\dataset_1\train\NORMAL\NORMAL-2537399-0001.jpeg,dataset_1,NORMAL,NORMAL,0,a28f292ae4bd2fb938b6c5f5154bb4d08a063bd2274dffc8ee1ed7f55d2b8455,d46fc35d450268e7,False
img_005237,e:\Final_Project\Pnuemonia_Detection\data\raw_datasets\dataset_1\train\PNEUMONIA\VIRUS-5747672-0003.jpeg,dataset_1,PNEUMONIA,VIRAL,2,3cdb510f9713e44f99b47d52cf028990598023e1465df5af5c2644a90ae39941,d5a8c20ac31af74f,False
img_003955,e:\Final_Project\Pnuemonia_Detection\data\raw_datasets\dataset_1\train\PNEUMONIA\BACTERIA-8034950-0009.jpeg,dataset_1,PNEUMONIA,BACTERIAL,1,5fdb5aed0573f42c9aaa992be0f32803ff519f520f3fdad91369c056c544a81b,d0afef1fd119c00c,False
img_004584,e:\Final_Project\Pnuemonia_Detection\data\raw_datasets\dataset_1\train\PNEUMONIA\VIRUS-140838-0006.jpeg,dataset_1,PNEUMONIA,VIRAL,2,0fcaaaf39f37cd3f46bfd43bc0749477a11c00d5232a8624e44a3febe3dedb7d,88f4a33a875ae197,False
img_003939,e:\Final_Project\Pnuemonia_Detection\data\raw_datasets\dataset_1\train\PNEUMONIA\BACTERIA-7995680-0001.jpeg,dataset_1,PNEUMONIA,BACTERIAL,1,765ef8080b181bca14a8bd2685163f5f9c8c49a11c2e499634220fc91429ee18,81a3e21ae07ef07e,False
img_004840,e:\Final_Project\Pnuemonia_Detection\data\raw_datasets\dataset_1\train\PNEUMONIA\VIRUS-3308986-0003.jpeg,dataset_1,PNEUMONIA,VIRAL,2,79487abbefcd506500f955aeac42dfa85c8565efeddb47310be516450ced8cf7,95e1c71ee82db04e,False
img_001716,e:\Final_Project\Pnuemonia_Detection\data\raw_datasets\dataset_1\train\NORMAL\NORMAL-831813-0001.jpeg,dataset_1,NORMAL,NORMAL,0,6f46eab905e7c79da7809c837d6959926cb5ba13ab8b1f162615433ef2a91a83,986f871a4b5f5845,False
img_002607,e:\Final_Project\Pnuemonia_Detection\data\raw_datasets\dataset_1\train\PNEUMONIA\BACTERIA-3322717-0006.jpeg,dataset_1,PNEUMONIA,BACTERIAL,1,9de0e6429e66c05cb8a6d11bfd1ab69c5d28528788b06a173442369233c444b4,c07f7f0a0e0b3c6c,False
img_005429,e:\Final_Project\Pnuemonia_Detection\data\raw_datasets\dataset_1\train\PNEUMONIA\VIRUS-7022864-0006.jpeg,dataset_1,PNEUMONIA,VIRAL,2,7e2cebb068c0e2673eb5ba6c423468b9b0edf7a2a1945b23d88b99fbf587557d,9125c73ab84b39c7,False
img_003603,e:\Final_Project\Pnuemonia_Detection\data\raw_datasets\dataset_1\train\PNEUMONIA\BACTERIA-6660769-0002.jpeg,dataset_1,PNEUMONIA,BACTERIAL,1,0f704d7eb17271151381704690d6694d5347926e480058c2cac9d52c994b2228,c03ee70f4dc64dd0,False
img_005322,e:\Final_Project\Pnuemonia_Detection\data\raw_datasets\dataset_1\train\PNEUMONIA\VIRUS-6340005-0005.jpeg,dataset_1,PNEUMONIA,VIRAL,2,fce611255160eb42ee573cf3cbf25e4e91b8ab25311260b02bc346c61b6fc8a8,8137c31eec5a3ce1,False
img_001089,e:\Final_Project\Pnuemonia_Detection\data\raw_datasets\dataset_1\train\NORMAL\NORMAL-4056615-0001.jpeg,dataset_1,NORMAL,NORMAL,0,4e69a9b606930a6c278cc7559403b29f553e772096ced7e386e37cb14aa8f0fe,d02dc73a6d6c3cc8,False
img_004491,e:\Final_Project\Pnuemonia_Detection\data\raw_datasets\dataset_1\train\PNEUMONIA\BACTERIA-990515-0001.jpeg,dataset_1,PNEUMONIA,BACTERIAL,1,6ef69914b5e546c89ea86f2dedcb764bd8d9d135361f1821c41f402357b50063,9c6567b28259d53a,False
img_003014,e:\Final_Project\Pnuemonia_Detection\data\raw_datasets\dataset_1\train\PNEUMONIA\BACTERIA-4671230-0002.jpeg,dataset_1,PNEUMONIA,BACTERIAL,1,427fd50c1a1727681ab53e5a45178ac78011b729e63bc811aabf9b07c7be48ff,946ef33cc33cc01e,False
img_001740,e:\Final_Project\Pnuemonia_Detection\data\raw_datasets\dataset_1\train\NORMAL\NORMAL-8471954-0001.jpeg,dataset_1,NORMAL,NORMAL,0,86aa6295336393e80d0f298616e7ccfff203e4184b11f412e7c4855da15cf6a7,91bdc69a99c525b4,False
img_000267,e:\Final_Project\Pnuemonia_Detection\data\raw_datasets\dataset_1\test\PNEUMONIA\BACTERIA-2034017-0006.jpeg,dataset_1,PNEUMONIA,BACTERIAL,1,fc68bc09adb06a3180fd9e026262584bb134d1e99cbf3a1ea55bee636db4911d,c03ce21f964b3dca,False
img_001773,e:\Final_Project\Pnuemonia_Detection\data\raw_datasets\dataset_1\train\NORMAL\NORMAL-8710861-0001.jpeg,dataset_1,NORMAL,NORMAL,0,15e1025a30f3617f5c0782f3b3aded3835ab2ee08007590fec7d97c07ee46aff,81f1c63ab8c979b1,False
img_005076,e:\Final_Project\Pnuemonia_Detection\data\raw_datasets\dataset_1\train\PNEUMONIA\VIRUS-4780564-0002.jpeg,dataset_1,PNEUMONIA,VIRAL,2,63dcaedca502530ab60f87e90a4df44c94220e27391b7b62138f8383e3f85550,d07de71ea90f0945,False
img_000816,e:\Final_Project\Pnuemonia_Detection\data\raw_datasets\dataset_1\train\NORMAL\NORMAL-2362538-0001.jpeg,dataset_1,NORMAL,NORMAL,0,ada765f9f37e07db7abd125bce82318ae7500571ade2f4339c4ead90beeb0aa9,8139c61ab8cc39fd,False
img_002932,e:\Final_Project\Pnuemonia_Detection\data\raw_datasets\dataset_1\train\PNEUMONIA\BACTERIA-4442338-0001.jpeg,dataset_1,PNEUMONIA,BACTERIAL,1,66da5a1b5ad6b982265f5e3a71b6db7537f90d0fd3e4a87708f92606deb03a32,c13f624a7ce83c78,False
img_001657,e:\Final_Project\Pnuemonia_Detection\data\raw_datasets\dataset_1\train\NORMAL\NORMAL-7920733-0001.jpeg,dataset_1,NORMAL,NORMAL,0,869340f9c85b6f08c0d3eb6d470b2361ab51738467cdd8fa494cd43728d74ff1,8129e23b78697979,False
img_000055,e:\Final_Project\Pnuemonia_Detection\data\raw_datasets\dataset_1\test\NORMAL\NORMAL-3117193-0001.jpeg,dataset_1,NORMAL,NORMAL,0,1f38c57f28c16d9b092c7625c690799a13932a13f91cc588804fd7041ce4fb0a,917a461a5f4d1c6d,False
img_001722,e:\Final_Project\Pnuemonia_Detection\data\raw_datasets\dataset_1\train\NORMAL\NORMAL-8336355-0001.jpeg,dataset_1,NORMAL,NORMAL,0,0e1244c30ddb88d74f9951754f133325e632e1cdcf2c376dc206839819933660,812b865ad85979d7,False
img_004199,e:\Final_Project\Pnuemonia_Detection\data\raw_datasets\dataset_1\train\PNEUMONIA\BACTERIA-8738712-0006.jpeg,dataset_1,PNEUMONIA,BACTERIAL,1,bc58d48eeee7a835aaf2ecac6f5cb8861ebfa8bdd8a72fe00853d6551a4fdb66,d56a6a05555d5d58,False
img_004927,e:\Final_Project\Pnuemonia_Detection\data\raw_datasets\dataset_1\train\PNEUMONIA\VIRUS-385176-0006.jpeg,dataset_1,PNEUMONIA,VIRAL,2,1602753514a95244e1c45566b86f9a2529b1b418e55f75c490beb153c40aa2b1,80816fe83e1cefc9,False
img_000451,e:\Final_Project\Pnuemonia_Detection\data\raw_datasets\dataset_1\test\PNEUMONIA\BACTERIA-9182718-0001.jpeg,dataset_1,PNEUMONIA,BACTERIAL,1,319ec51db243ce457578f57ef18515c7983dcb7543ce0b598c8c37da9df2f3f6,882a9f4d8e1ec99e,False
img_001824,e:\Final_Project\Pnuemonia_Detection\data\raw_datasets\dataset_1\train\NORMAL\NORMAL-9031828-0001.jpeg,dataset_1,NORMAL,NORMAL,0,b402b5f9f69b37242bcaa8b7724361dde84767ff6fcd4b937ab092438fa49382,d05ee719e9c51ac2,False
img_004611,e:\Final_Project\Pnuemonia_Detection\data\raw_datasets\dataset_1\train\PNEUMONIA\VIRUS-1623574-0003.jpeg,dataset_1,PNEUMONIA,VIRAL,2,abf62aefe72fb3a7174529c3cb5ba84d404327bc8588360edf3c2c929695fcf0,812fc21ef87939d1,False
img_003423,e:\Final_Project\Pnuemonia_Detection\data\raw_datasets\dataset_1\train\PNEUMONIA\BACTERIA-6065052-0001.jpeg,dataset_1,PNEUMONIA,BACTERIAL,1,89683e908a820669035fc1d4c166492eeb9d3d2c460617cac2babb0b3ac556cc,94546a3dc07ff04e,False
img_001933,e:\Final_Project\Pnuemonia_Detection\data\raw_datasets\dataset_1\train\NORMAL\NORMAL-9760915-0001.jpeg,dataset_1,NORMAL,NORMAL,0,95cd35849cbfd49d32ef7013f40cd4305d51c45a485d70edcef8966db2ffee3f,d02eeb4b9e481dcc,False
img_002878,e:\Final_Project\Pnuemonia_Detection\data\raw_datasets\dataset_1\train\PNEUMONIA\BACTERIA-4320648-0003.jpeg,dataset_1,PNEUMONIA,BACTERIAL,1,d62e5f5f33d11835a77d2002d6e00622557b0e92f932417dbb0004a016a79618,d43fe5535643491c,False
img_005755,e:\Final_Project\Pnuemonia_Detection\data\raw_datasets\dataset_1\train\PNEUMONIA\VIRUS-9332973-0003.jpeg,dataset_1,PNEUMONIA,VIRAL,2,939e8e06a5971d8c95e5a892e11650668f5a62e043388a0ae244e0305861d7aa,812be60a38e97b7c,False
img_004147,e:\Final_Project\Pnuemonia_Detection\data\raw_datasets\dataset_1\train\PNEUMONIA\BACTERIA-8600331-0003.jpeg,dataset_1,PNEUMONIA,BACTERIAL,1,23e53ad7f24cd71be6fe539dd43baab2f295d4ca370157d7117001bd017dd66a,912de21e965abc4b,False
img_001266,e:\Final_Project\Pnuemonia_Detection\data\raw_datasets\dataset_1\train\NORMAL\NORMAL-5401202-0002.jpeg,dataset_1,NORMAL,NORMAL,0,44a912d339deac56b2635da52fe0884069ca32e7aff9944e8bcdaa652c964c69,d12dc61be96938c9,False
img_000914,e:\Final_Project\Pnuemonia_Detection\data\raw_datasets\dataset_1\train\NORMAL\NORMAL-2992797-0001.jpeg,dataset_1,NORMAL,NORMAL,0,3917ecf425508d0758d1028c2c1199f6696ea7d07682bd506cac44be031268e1,907dc71a9d4d3c94,False
img_002840,e:\Final_Project\Pnuemonia_Detection\data\raw_datasets\dataset_1\train\PNEUMONIA\BACTERIA-4170270-0002.jpeg,dataset_1,PNEUMONIA,BACTERIAL,1,922228515fb15bf45b1e7132a1c74c26fac489ca02836e8de39c2f1dbf0cfbcf,d06b45139b1bb95a,False
img_004188,e:\Final_Project\Pnuemonia_Detection\data\raw_datasets\dataset_1\train\PNEUMONIA\BACTERIA-8705435-0001.jpeg,dataset_1,PNEUMONIA,BACTERIAL,1,b411abf691c20a1c43ddcf936839ab1504d0f3e719fa122c8561da345f487487,956be33efc1a1842,False
img_001573,e:\Final_Project\Pnuemonia_Detection\data\raw_datasets\dataset_1\train\NORMAL\NORMAL-7298141-0002.jpeg,dataset_1,NORMAL,NORMAL,0,59a3415dbe87a206245d1f95c666caf0b6e1c37b03a0dcd0f40b57d8a9940d80,d07e873b89ad68a4,False
img_001421,e:\Final_Project\Pnuemonia_Detection\data\raw_datasets\dataset_1\train\NORMAL\NORMAL-6433176-0002.jpeg,dataset_1,NORMAL,NORMAL,0,e2b05871649f3b02085574a670693779af51d06ae2159f5167e3baee912ebb29,d029f24b1ef8693c,False
img_002525,e:\Final_Project\Pnuemonia_Detection\data\raw_datasets\dataset_1\train\PNEUMONIA\BACTERIA-3038638-0001.jpeg,dataset_1,PNEUMONIA,BACTERIAL,1,89a8010492904de897c537040f38749f2e66acf7fb78b415a26036f776f6ea07,d525f21aaf703c61,False
img_005296,e:\Final_Project\Pnuemonia_Detection\data\raw_datasets\dataset_1\train\PNEUMONIA\VIRUS-6169255-0003.jpeg,dataset_1,PNEUMONIA,VIRAL,2,9f6a730d3e941b95577919c7762465db93bf43bd2ec5eac28e46870feffc264b,902be7de1cf43131,False
img_003657,e:\Final_Project\Pnuemonia_Detection\data\raw_datasets\dataset_1\train\PNEUMONIA\BACTERIA-6870430-0007.jpeg,dataset_1,PNEUMONIA,BACTERIAL,1,954a420aba5f13e59b292764450b850013c54e38b3762f8f7e547a74a29b20ec,9460e39fc31fd00f,False
img_001180,e:\Final_Project\Pnuemonia_Detection\data\raw_datasets\dataset_1\train\NORMAL\NORMAL-4689461-0001.jpeg,dataset_1,NORMAL,NORMAL,0,eea992f8a396289babd7fc152293c35bce98fc2d00992557a1ae474145fccf7e,d07ac61a99ed3c94,False
img_005654,e:\Final_Project\Pnuemonia_Detection\data\raw_datasets\dataset_1\train\PNEUMONIA\VIRUS-8562352-0003.jpeg,dataset_1,PNEUMONIA,VIRAL,2,17bd7b3a73c0f151ce075ffd4e767f15a312d2589158139bd533c710d23fb414,d076a73fc51c2986,False
img_004094,e:\Final_Project\Pnuemonia_Detection\data\raw_datasets\dataset_1\train\PNEUMONIA\BACTERIA-8446523-0008.jpeg,dataset_1,PNEUMONIA,BACTERIAL,1,c7aa655a76f43ff6009a8742b8d562f27ac7f33846083ab16c5b228a5919df37,c56e8f0b8d0f0d4d,False
img_002917,e:\Final_Project\Pnuemonia_Detection\data\raw_datasets\dataset_1\train\PNEUMONIA\BACTERIA-4394900-0006.jpeg,dataset_1,PNEUMONIA,BACTERIAL,1,b3b07bcc3a170c22bdf045b0ca9d526fc3e94248e03d45bed4729775c89d83fc,d06ea63a911b6d96,False
img_000431,e:\Final_Project\Pnuemonia_Detection\data\raw_datasets\dataset_1\test\PNEUMONIA\BACTERIA-846757-0001.jpeg,dataset_1,PNEUMONIA,BACTERIAL,1,fd70987fab70f5f6226dac2bd1e0e50f18af74f6f222dee6a74c8de13946a50b,902aa32abc4d3d7b,False
img_003277,e:\Final_Project\Pnuemonia_Detection\data\raw_datasets\dataset_1\train\PNEUMONIA\BACTERIA-5510638-0008.jpeg,dataset_1,PNEUMONIA,BACTERIAL,1,f0e1fe3776a2c0146efc1ab7ee4c0d63c51aa493a8945dd66943ae25535db4bf,9c6ec73ea62aa88a,False
img_000281,e:\Final_Project\Pnuemonia_Detection\data\raw_datasets\dataset_1\test\PNEUMONIA\BACTERIA-3060399-0002.jpeg,dataset_1,PNEUMONIA,BACTERIAL,1,7ad2cdb376ffda676ee1ca1c336eaba2d2112d203c2cd39e133254c670933957,c03fe73edb411243,False
img_005264,e:\Final_Project\Pnuemonia_Detection\data\raw_datasets\dataset_1\train\PNEUMONIA\VIRUS-5974084-0002.jpeg,dataset_1,PNEUMONIA,VIRAL,2,733efa5fb3d8ec27394b315981d66e1c9b4204cbeeb59684de69caf19a86463d,d066c31fe54b944b,False
img_003481,e:\Final_Project\Pnuemonia_Detection\data\raw_datasets\dataset_1\train\PNEUMONIA\BACTERIA-6280838-0001.jpeg,dataset_1,PNEUMONIA,BACTERIAL,1,b144ceed173fe3039ea0651f221b67ba1119009d7971cfffe75fd196422d9bd0,d46fd51ec20b924b,False
img_004610,e:\Final_Project\Pnuemonia_Detection\data\raw_datasets\dataset_1\train\PNEUMONIA\VIRUS-1620679-0009.jpeg,dataset_1,PNEUMONIA,VIRAL,2,2daa7cb0090b6cf247dd5e85d02a5edd337fa3c96c450c98c2c4bcb567e63b58,812ae63eda5f1643,False
img_000545,e:\Final_Project\Pnuemonia_Detection\data\raw_datasets\dataset_1\test\PNEUMONIA\VIRUS-4810299-0001.jpeg,dataset_1,PNEUMONIA,VIRAL,2,64164e66455a86e71420301067716113ef150ab5ac08c93bd2ded43aae7b6861,917fc25aca5478c5,False
img_003796,e:\Final_Project\Pnuemonia_Detection\data\raw_datasets\dataset_1\train\PNEUMONIA\BACTERIA-7505456-0002.jpeg,dataset_1,PNEUMONIA,BACTERIAL,1,51e2361e2de7c18ccdcfd5e190e1bdccfb981f5a7207b646d0a41935e6a9c1fe,c02ee71e0a8b39cf,False
img_004382,e:\Final_Project\Pnuemonia_Detection\data\raw_datasets\dataset_1\train\PNEUMONIA\BACTERIA-9496210-0001.jpeg,dataset_1,PNEUMONIA,BACTERIAL,1,cd412fdd218e922714232c23882bbf5cdfc67e7677fdc5459ee75594dbecd756,913ac22d3dc53d35,False
img_003501,e:\Final_Project\Pnuemonia_Detection\data\raw_datasets\dataset_1\train\PNEUMONIA\BACTERIA-6322967-0003.jpeg,dataset_1,PNEUMONIA,BACTERIAL,1,725e9357d2adabd544510952c2fbfe2119c53524e8aca33ef33d8fcd2552a1de,c2fdf5585a0a0b1b,False
img_004669,e:\Final_Project\Pnuemonia_Detection\data\raw_datasets\dataset_1\train\PNEUMONIA\VIRUS-2104405-0002.jpeg,dataset_1,PNEUMONIA,VIRAL,2,abb90112cb87abc8ee467151969528ff523dacbd117e053f9a04a731106fa292,9038e1473ee44bb7,False
img_003361,e:\Final_Project\Pnuemonia_Detection\data\raw_datasets\dataset_1\train\PNEUMONIA\BACTERIA-5817596-0001.jpeg,dataset_1,PNEUMONIA,BACTERIAL,1,7fa70ce8b8a8766153be5038d3e28b2e44489d9c79f3ce3f9252838fd465fd04,906aee2ecb39c14e,False
img_001628,e:\Final_Project\Pnuemonia_Detection\data\raw_datasets\dataset_1\train\NORMAL\NORMAL-7696091-0001.jpeg,dataset_1,NORMAL,NORMAL,0,22961a0623889417b760a7fc75e8ff99f7144c10baa140c0d98c9cdcc647f032,912bc25af85939d9,False
img_001612,e:\Final_Project\Pnuemonia_Detection\data\raw_datasets\dataset_1\train\NORMAL\NORMAL-7534217-0001.jpeg,dataset_1,NORMAL,NORMAL,0,d07250fcfdfe7d71b4342121e76ed25452ef67272c2a63352739bdfeeb58adab,d91b061a186d79bd,False
img_004195,e:\Final_Project\Pnuemonia_Detection\data\raw_datasets\dataset_1\train\PNEUMONIA\BACTERIA-8738712-0002.jpeg,dataset_1,PNEUMONIA,BACTERIAL,1,f20d8cf7a8653bc8d601415a7c1d8e62c0310aeca8b39ebd31f81a6aefdcd933,d03de34f1fc30b0c,False
img_003490,e:\Final_Project\Pnuemonia_Detection\data\raw_datasets\dataset_1\train\PNEUMONIA\BACTERIA-6295192-0002.jpeg,dataset_1,PNEUMONIA,BACTERIAL,1,824f4415ee2843e12616f4a4a8dcb7b8d70d5434a1aaae8e84ee46ab8b2bdaa5,c42ef64bd11a1b9a,False
img_002714,e:\Final_Project\Pnuemonia_Detection\data\raw_datasets\dataset_1\train\PNEUMONIA\BACTERIA-3696109-0001.jpeg,dataset_1,PNEUMONIA,BACTERIAL,1,bd4e8a17c5ab86048500cc94c6925419743784ffd8ab670fbd7b9be75276ea16,d02f015e6f2c7555,False
img_003487,e:\Final_Project\Pnuemonia_Detection\data\raw_datasets\dataset_1\train\PNEUMONIA\BACTERIA-6282555-0001.jpeg,dataset_1,PNEUMONIA,BACTERIAL,1,b99f1117509672404870f58aa81560178e5e3cb2b99175968bc9e8e0a53c8885,d07db55aab2a3a24,False
img_001440,e:\Final_Project\Pnuemonia_Detection\data\raw_datasets\dataset_1\train\NORMAL\NORMAL-6593605-0001.jpeg,dataset_1,NORMAL,NORMAL,0,d88a8e9be5d2f9b326817e0c41b08bf95d10318f5e59a44b7a56d3e3b2b89b76,9139c63ab9491cde,False
img_004513,e:\Final_Project\Pnuemonia_Detection\data\raw_datasets\dataset_1\train\PNEUMONIA\VIRUS-1027194-0002.jpeg,dataset_1,PNEUMONIA,VIRAL,2,1aef9e2cfba33ef3a2bbf07cc90e0c6d0277943ed1d920d9691ed0f53c43f95c,80e5c61a964eb8df,False
img_005026,e:\Final_Project\Pnuemonia_Detection\data\raw_datasets\dataset_1\train\PNEUMONIA\VIRUS-4462203-0012.jpeg,dataset_1,PNEUMONIA,VIRAL,2,6015f98b2ba754ae207d43c1e966c03f59969c91b973c5013f9b074f8267fe48,d4eae75a514b7842,False
img_004288,e:\Final_Project\Pnuemonia_Detection\data\raw_datasets\dataset_1\train\PNEUMONIA\BACTERIA-9120067-0003.jpeg,dataset_1,PNEUMONIA,BACTERIAL,1,ba1760352c31e222fced0a0b5fdf99afc5b16f6cc01a4bdc298a1782145f653d,903fd7d5868e242b,False
img_001963,e:\Final_Project\Pnuemonia_Detection\data\raw_datasets\dataset_1\train\NORMAL\NORMAL-9953282-0001.jpeg,dataset_1,NORMAL,NORMAL,0,07b4c42735433dbb5f8fa4ee0db979448fabd3e6bcaeb37f43fd55113cbc7374,d476a71fc92568e0,False
img_004128,e:\Final_Project\Pnuemonia_Detection\data\raw_datasets\dataset_1\train\PNEUMONIA\BACTERIA-8550709-0001.jpeg,dataset_1,PNEUMONIA,BACTERIAL,1,d46e49fbecce5b159d67d2236ab5998494a76f9a8513802dad51e45edbc19f99,9478e71ea55aa14e,False
img_002927,e:\Final_Project\Pnuemonia_Detection\data\raw_datasets\dataset_1\train\PNEUMONIA\BACTERIA-4415075-0001.jpeg,dataset_1,PNEUMONIA,BACTERIAL,1,8547ef41b724295954f0d79da8227c4b44930d22cff8d7ea56b080aea25e69d2,d0eea72f9d170d10,False
img_002054,e:\Final_Project\Pnuemonia_Detection\data\raw_datasets\dataset_1\train\PNEUMONIA\BACTERIA-1251753-0001.jpeg,dataset_1,PNEUMONIA,BACTERIAL,1,6b8941ddcd60851612f9b2a288b9cdea55b83b80cecb665dacf0c9c7ab4c76e4,c46fb61b1719132b,False
img_005113,e:\Final_Project\Pnuemonia_Detection\data\raw_datasets\dataset_1\train\PNEUMONIA\VIRUS-5100521-0002.jpeg,dataset_1,PNEUMONIA,VIRAL,2,c0d8896da623e137f566260098301e4bd47acb3f8a9a4ad75130cc0b59a5c954,9070c71a851ff1de,False
img_001696,e:\Final_Project\Pnuemonia_Detection\data\raw_datasets\dataset_1\train\NORMAL\NORMAL-8224109-0001.jpeg,dataset_1,NORMAL,NORMAL,0,8ec3f2c5c9c58c531de02b5b2455245eacbd06ee06e1b1d10d72271db6c049c5,812bc25ad8597dd9,False
img_000751,e:\Final_Project\Pnuemonia_Detection\data\raw_datasets\dataset_1\train\NORMAL\NORMAL-1958813-0001.jpeg,dataset_1,NORMAL,NORMAL,0,dbf2f7c668924580cf23f32614d3099aafb2e843e0fdfe071e4be85ccf571c06,c93e4f1e050c3ced,False
img_004228,e:\Final_Project\Pnuemonia_Detection\data\raw_datasets\dataset_1\train\PNEUMONIA\BACTERIA-8849094-0002.jpeg,dataset_1,PNEUMONIA,BACTERIAL,1,effab99eb2b4d32e622db6c96c62ba7526010308389e0e1fb961c3432990dacf,d13fff7e1c400838,False
img_002573,e:\Final_Project\Pnuemonia_Detection\data\raw_datasets\dataset_1\train\PNEUMONIA\BACTERIA-324273-0007.jpeg,dataset_1,PNEUMONIA,BACTERIAL,1,97e8ac25555676c7a34ab09ca71d40b70f14015b07ee269a64c2a84b304155dd,916de73e861a9a86,False
img_000213,e:\Final_Project\Pnuemonia_Detection\data\raw_datasets\dataset_1\test\NORMAL\NORMAL-8750803-0001.jpeg,dataset_1,NORMAL,NORMAL,0,0244454fc75dddb2f88dbb79970bf28e75a3d0974976534385d29e25f1eb81c6,956eaf2b0d480bc7,False
img_000165,e:\Final_Project\Pnuemonia_Detection\data\raw_datasets\dataset_1\test\NORMAL\NORMAL-6667079-0001.jpeg,dataset_1,NORMAL,NORMAL,0,d987833373c00e033ae19cdcf60b0a365c7c2a6dae0184990d2c0f022ac3b70a,d01ee71b38853cec,False
img_002401,e:\Final_Project\Pnuemonia_Detection\data\raw_datasets\dataset_1\train\PNEUMONIA\BACTERIA-2578610-0001.jpeg,dataset_1,PNEUMONIA,BACTERIAL,1,a212ed4604c5be69b5743540e24008efae55cd76b9f4958c290402a3085f7076,d12be25ed6691c61,False
img_001244,e:\Final_Project\Pnuemonia_Detection\data\raw_datasets\dataset_1\train\NORMAL\NORMAL-5236765-0001.jpeg,dataset_1,NORMAL,NORMAL,0,75a2e6f19b7d29eda429f0e194ed416a960806bd0f557668d5e496e3ae335d1c,d05ec71bc9e568e0,False
img_001962,e:\Final_Project\Pnuemonia_Detection\data\raw_datasets\dataset_1\train\NORMAL\NORMAL-9951946-0001.jpeg,dataset_1,NORMAL,NORMAL,0,c58f0971409dbba0010b34aa2bb35f6ee060188a0bffeeb31ea0ebd290f4b35a,913dc61b9ce13996,False
img_004349,e:\Final_Project\Pnuemonia_Detection\data\raw_datasets\dataset_1\train\PNEUMONIA\BACTERIA-9361638-0001.jpeg,dataset_1,PNEUMONIA,BACTERIAL,1,80df71b9eab2d4432377d67e8af9318c30468dd10e082e019ad1546071ac83f3,912bee38d85b15ca,False
img_004999,e:\Final_Project\Pnuemonia_Detection\data\raw_datasets\dataset_1\train\PNEUMONIA\VIRUS-4352107-0002.jpeg,dataset_1,PNEUMONIA,VIRAL,2,4e27fa3e7604bd6879f77eb6afa22afd742fd4a6a3216031f3114222429de12a,9039e74a25c66fb4,False
img_003429,e:\Final_Project\Pnuemonia_Detection\data\raw_datasets\dataset_1\train\PNEUMONIA\BACTERIA-6076468-0003.jpeg,dataset_1,PNEUMONIA,BACTERIAL,1,1bd930358fef170aa969e948613882b2f9ed849de56de4e393baff69bffec072,d42be33ab82a38ea,False
img_003453,e:\Final_Project\Pnuemonia_Detection\data\raw_datasets\dataset_1\train\PNEUMONIA\BACTERIA-6162954-0001.jpeg,dataset_1,PNEUMONIA,BACTERIAL,1,35031461d9f9fa9f40e56d80355d805cb740c7bb5d55c6c4dd800eccce4fdc78,90feef3a03166985,False
img_001808,e:\Final_Project\Pnuemonia_Detection\data\raw_datasets\dataset_1\train\NORMAL\NORMAL-8991560-0001.jpeg,dataset_1,NORMAL,NORMAL,0,7b92af65dc1bdffb0e0c050ad98630b2ab5c9d9d71197ff234c94a580018ebba,d47ea739ad2460e2,False
img_000445,e:\Final_Project\Pnuemonia_Detection\data\raw_datasets\dataset_1\test\PNEUMONIA\BACTERIA-9060950-0002.jpeg,dataset_1,PNEUMONIA,BACTERIAL,1,e83c6117e2547bb91538e9538981951fd422c2db659c8d8a704b0ea06b32a74e,c83f8b0c8acd9a9b,False
img_003372,e:\Final_Project\Pnuemonia_Detection\data\raw_datasets\dataset_1\train\PNEUMONIA\BACTERIA-5846441-0001.jpeg,dataset_1,PNEUMONIA,BACTERIAL,1,a671802c99ad713be0664fa75c52fb7ccdcebc1d63b4ed77f68d6ed822d82b25,d42f030d0d4cc7df,False
img_005031,e:\Final_Project\Pnuemonia_Detection\data\raw_datasets\dataset_1\train\PNEUMONIA\VIRUS-4521338-0007.jpeg,dataset_1,PNEUMONIA,VIRAL,2,0e9b5dc3426869a58f367139a84fb927c35d23fd01ec97e50a2c5c574555989c,9535c30a904bfec7,False
img_000504,e:\Final_Project\Pnuemonia_Detection\data\raw_datasets\dataset_1\test\PNEUMONIA\VIRUS-280992-0001.jpeg,dataset_1,PNEUMONIA,VIRAL,2,21fb7fa44b7632a43e994021f1a26ae9b108aee965600102da914da63519ecd7,d0a4c21fed3cf40b,False
img_001004,e:\Final_Project\Pnuemonia_Detection\data\raw_datasets\dataset_1\train\NORMAL\NORMAL-3573766-0001.jpeg,dataset_1,NORMAL,NORMAL,0,d940e3324589b336722ca100393309521c2868fcd16fc2b3bee64120fb14789d,9129c21ad8693dfb,False
img_001901,e:\Final_Project\Pnuemonia_Detection\data\raw_datasets\dataset_1\train\NORMAL\NORMAL-9508626-0001.jpeg,dataset_1,NORMAL,NORMAL,0,d8b565fca6118198c7ff84157bb29b8eb938dc30ee626e38daac5205efdb7d6f,d07cc73b9d0d3c84,False
img_000803,e:\Final_Project\Pnuemonia_Detection\data\raw_datasets\dataset_1\train\NORMAL\NORMAL-2315098-0001.jpeg,dataset_1,NORMAL,NORMAL,0,d6665dd1b51efe623dcebe588931779602bf1eeeed935a9a8cc1ca46763392db,95fc871aad2d6834,False
img_005602,e:\Final_Project\Pnuemonia_Detection\data\raw_datasets\dataset_1\train\PNEUMONIA\VIRUS-8276936-0002.jpeg,dataset_1,PNEUMONIA,VIRAL,2,8429f1372fd5b495ecec41943fa352bfcbd2b571a59296e2561cc3a47ba30add,912fc31e8e693ce2,False
img_004930,e:\Final_Project\Pnuemonia_Detection\data\raw_datasets\dataset_1\train\PNEUMONIA\VIRUS-385176-0009.jpeg,dataset_1,PNEUMONIA,VIRAL,2,61ef9bf43ddc1befa30acd26da1c2be3b1162432358ca2859fd6e64ce6b3dedc,803de02bbeeaa51e,False
img_004466,e:\Final_Project\Pnuemonia_Detection\data\raw_datasets\dataset_1\train\PNEUMONIA\BACTERIA-9814452-0002.jpeg,dataset_1,PNEUMONIA,BACTERIAL,1,da2a336d5aa9809a5cdd458c0b9140a58ff9dd189d318cd799bb4fd58fa404de,d476227a837b8327,False
img_004654,e:\Final_Project\Pnuemonia_Detection\data\raw_datasets\dataset_1\train\PNEUMONIA\VIRUS-1958286-0001.jpeg,dataset_1,PNEUMONIA,VIRAL,2,20a16515161c1976e3ce6d1afea607dc9d30aa30085d19040a58d1fb14482132,9165865a837ac57e,False
img_000033,e:\Final_Project\Pnuemonia_Detection\data\raw_datasets\dataset_1\test\NORMAL\NORMAL-2233350-0001.jpeg,dataset_1,NORMAL,NORMAL,0,a3c0d551f190b824ec64c4a4f28be44bcb88186c689308fb7fd50e503de264fa,9d6cc75a4547584d,False
img_002371,e:\Final_Project\Pnuemonia_Detection\data\raw_datasets\dataset_1\train\PNEUMONIA\BACTERIA-2474652-0005.jpeg,dataset_1,PNEUMONIA,BACTERIAL,1,a0aaca553f92dd6cf445885da3d93b7db1e7dec1d4422a4a65593005091ff08e,94696b3dc31fd212,False
img_005817,e:\Final_Project\Pnuemonia_Detection\data\raw_datasets\dataset_1\train\PNEUMONIA\VIRUS-9674936-0008.jpeg,dataset_1,PNEUMONIA,VIRAL,2,890e6c4929c98a9b7a4bf34e969bde268780a9e247a317a51d79fc61eaeb6909,d4aa5757425a5752,False
img_000598,e:\Final_Project\Pnuemonia_Detection\data\raw_datasets\dataset_1\test\PNEUMONIA\VIRUS-8106836-0001.jpeg,dataset_1,PNEUMONIA,VIRAL,2,e8880f85169e0bbcea3b120448cac8c32b5becfe7ad9aa3e478149979be6093c,84a2ebbbb86aac1a,False
img_001565,e:\Final_Project\Pnuemonia_Detection\data\raw_datasets\dataset_1\train\NORMAL\NORMAL-7252162-0002.jpeg,dataset_1,NORMAL,NORMAL,0,d759063b7881213976a1f51da921ed8ff7dd6c6ad7ffb5a78240a50f011307d0,957e271b49147a96,False
img_004967,e:\Final_Project\Pnuemonia_Detection\data\raw_datasets\dataset_1\train\PNEUMONIA\VIRUS-4127619-0002.jpeg,dataset_1,PNEUMONIA,VIRAL,2,527ba15956bf170bcef2fe4e5bf71a8b8b52b58478e0483c34eb3739b3937c90,d9a4e21aea2bb24d,False
img_005733,e:\Final_Project\Pnuemonia_Detection\data\raw_datasets\dataset_1\train\PNEUMONIA\VIRUS-9156894-0002.jpeg,dataset_1,PNEUMONIA,VIRAL,2,ef676362c051896cf497cdd14fa5b2f4d85ac306408641af559ddee1000bf609,9429e31eea6b3c64,False
img_002334,e:\Final_Project\Pnuemonia_Detection\data\raw_datasets\dataset_1\train\PNEUMONIA\BACTERIA-2341120-0001.jpeg,dataset_1,PNEUMONIA,BACTERIAL,1,91ea454823b0c04895b86f979cdbd48ee1ae27ce0355e0b6220e9e10fc2e8c27,d42be9155d5a3b18,False
img_004842,e:\Final_Project\Pnuemonia_Detection\data\raw_datasets\dataset_1\train\PNEUMONIA\VIRUS-3312900-0001.jpeg,dataset_1,PNEUMONIA,VIRAL,2,5c1b864bf4deae0773a5a0db034243b128e1ac549c31047cee0ee1dc61e952bd,9460861ec3bf7987,False
img_000344,e:\Final_Project\Pnuemonia_Detection\data\raw_datasets\dataset_1\test\PNEUMONIA\BACTERIA-5155977-0004.jpeg,dataset_1,PNEUMONIA,BACTERIAL,1,5c7b1c6e1e67643f463d6739c26c836034921f3be6af14f2812fd1a015e0f83f,d42fea5cd4c09c5a,False
img_005187,e:\Final_Project\Pnuemonia_Detection\data\raw_datasets\dataset_1\train\PNEUMONIA\VIRUS-5445939-0006.jpeg,dataset_1,PNEUMONIA,VIRAL,2,aed6b7adf1f64187fb78ace67bb3c0a28bbe653238b6cc6b6f82d8e630c25b10,d46ca73f8d282c2e,False
img_005343,e:\Final_Project\Pnuemonia_Detection\data\raw_datasets\dataset_1\train\PNEUMONIA\VIRUS-6458918-0001.jpeg,dataset_1,PNEUMONIA,VIRAL,2,2aabec920e0468cc31674be4eeff22e4705c63392d687620d3e6713b59dd625c,c13f7a1a4169706f,False
img_001368,e:\Final_Project\Pnuemonia_Detection\data\raw_datasets\dataset_1\train\NORMAL\NORMAL-6047821-0001.jpeg,dataset_1,NORMAL,NORMAL,0,f4ad89bb1fcac1c8b406ebe6352197f845264357441d13e33c3e0ef0eb7d0f24,911ed64a1e861db7,False
img_005427,e:\Final_Project\Pnuemonia_Detection\data\raw_datasets\dataset_1\train\PNEUMONIA\VIRUS-700778-0003.jpeg,dataset_1,PNEUMONIA,VIRAL,2,9964ada866d3f6e3db30cafb7a4c5694d92377dae84f67bc933f108e3f08a313,906aebbec63a921a,False
img_001623,e:\Final_Project\Pnuemonia_Detection\data\raw_datasets\dataset_1\train\NORMAL\NORMAL-7659145-0001.jpeg,dataset_1,NORMAL,NORMAL,0,35973f5abfc125ab92ec942ec3d56b4eff948fe46ce6f3fd00ae44043933f0d7,d06ec77be9c468c0,False
img_002483,e:\Final_Project\Pnuemonia_Detection\data\raw_datasets\dataset_1\train\PNEUMONIA\BACTERIA-2898732-0003.jpeg,dataset_1,PNEUMONIA,BACTERIAL,1,35835514fe074c14cc2c06440726c92434e0ac492cd44fef54af46b40cf83ae4,906f8f38c17a785a,False
img_001737,e:\Final_Project\Pnuemonia_Detection\data\raw_datasets\dataset_1\train\NORMAL\NORMAL-8423585-0001.jpeg,dataset_1,NORMAL,NORMAL,0,52f31666564f6fbc72938585097be327785f96305499a0f18e4e8ba86a5abfaf,91a8c61ac36bb86f,False
img_002551,e:\Final_Project\Pnuemonia_Detection\data\raw_datasets\dataset_1\train\PNEUMONIA\BACTERIA-3141540-0001.jpeg,dataset_1,PNEUMONIA,BACTERIAL,1,7a410f37e2b707201919ed244cdb3436472d14633840de266ed554b304562f33,c25547af43ab406f,False
img_004768,e:\Final_Project\Pnuemonia_Detection\data\raw_datasets\dataset_1\train\PNEUMONIA\VIRUS-2784562-0007.jpeg,dataset_1,PNEUMONIA,VIRAL,2,a4559dd849a3cb51516c94d2a0205bd1ed78b23b288cae80ccc9301c3ffb524b,95c4871b8d5ba556,False
img_001188,e:\Final_Project\Pnuemonia_Detection\data\raw_datasets\dataset_1\train\NORMAL\NORMAL-4751528-0001.jpeg,dataset_1,NORMAL,NORMAL,0,f8406751fa99b91be555451d793fb6dc1238c7bc887ed85789765350480ef719,d4adc239ed3c446c,False
img_005656,e:\Final_Project\Pnuemonia_Detection\data\raw_datasets\dataset_1\train\PNEUMONIA\VIRUS-857613-0001.jpeg,dataset_1,PNEUMONIA,VIRAL,2,0eeed9b00fe6c7aac420621f8cf9835da4e3fdd1bba142d9f10284a3513cb355,d06be75f500a3c47,False
img_000016,e:\Final_Project\Pnuemonia_Detection\data\raw_datasets\dataset_1\test\NORMAL\NORMAL-1627110-0001.jpeg,dataset_1,NORMAL,NORMAL,0,9d666ee1972f5842bdcf77bc7761e8bf41edc37d8edf55d2aead0ccf83013106,91a7e61ec61a9e43,False
img_005305,e:\Final_Project\Pnuemonia_Detection\data\raw_datasets\dataset_1\train\PNEUMONIA\VIRUS-6210566-0002.jpeg,dataset_1,PNEUMONIA,VIRAL,2,7db56a95bfd7c641b546954bb7b5d09607d3ae3b1de91a190389d41597edc4d3,812bc61e9c413dfd,False
img_000795,e:\Final_Project\Pnuemonia_Detection\data\raw_datasets\dataset_1\train\NORMAL\NORMAL-2257508-0002.jpeg,dataset_1,NORMAL,NORMAL,0,d3bc627b20573802220d143928f1e898fef01cda1288c7d305d3e8fff7a3a2ca,c05ec31badc77894,False
img_004903,e:\Final_Project\Pnuemonia_Detection\data\raw_datasets\dataset_1\train\PNEUMONIA\VIRUS-3720452-0003.jpeg,dataset_1,PNEUMONIA,VIRAL,2,1e7fd0ef7963489e9d958922d643c46d6ad3bb9f9ca2cf5ff2233188ff5523df,816ce65e17471ad6,False
img_004697,e:\Final_Project\Pnuemonia_Detection\data\raw_datasets\dataset_1\train\PNEUMONIA\VIRUS-2389446-0001.jpeg,dataset_1,PNEUMONIA,VIRAL,2,6330b2262831f4e229f14161e61d12b1f26e2e78f4220944622debcf87656e41,916be73a804a39ed,False
img_001685,e:\Final_Project\Pnuemonia_Detection\data\raw_datasets\dataset_1\train\NORMAL\NORMAL-8116905-0002.jpeg,dataset_1,NORMAL,NORMAL,0,0b8b16b8dc06796581bf26b9edfbf9e7edee36c7ab4f0999c399ceac1487629e,816be67ae9692945,False
img_003760,e:\Final_Project\Pnuemonia_Detection\data\raw_datasets\dataset_1\train\PNEUMONIA\BACTERIA-741892-0002.jpeg,dataset_1,PNEUMONIA,BACTERIAL,1,9b520f45a1e31a4d6718192a36d8397b2854423072016b015713742fe1da9f53,d4aae35755416ce4,False
img_001274,e:\Final_Project\Pnuemonia_Detection\data\raw_datasets\dataset_1\train\NORMAL\NORMAL-5427599-0001.jpeg,dataset_1,NORMAL,NORMAL,0,3282613b9eaf8bc96adebf99c88b5a22e2f49ff805ff0a89d747118ef745b6b5,91f6ce1ac92d61c6,False
img_005634,e:\Final_Project\Pnuemonia_Detection\data\raw_datasets\dataset_1\train\PNEUMONIA\VIRUS-8446523-0009.jpeg,dataset_1,PNEUMONIA,VIRAL,2,9f3cb0fb8374b85c429e0bc566bd77cc698ab895462a9765c17f5cab9a0c9e9c,9565c63ace5a984e,False
img_001304,e:\Final_Project\Pnuemonia_Detection\data\raw_datasets\dataset_1\train\NORMAL\NORMAL-5634312-0002.jpeg,dataset_1,NORMAL,NORMAL,0,b00c84ab0b37d90f17bd4fd62bed9f1a711b200c724ee111e04f4673adb118fd,d03cc22bbe693cd8,False
img_004915,e:\Final_Project\Pnuemonia_Detection\data\raw_datasets\dataset_1\train\PNEUMONIA\VIRUS-3807574-0002.jpeg,dataset_1,PNEUMONIA,VIRAL,2,d691c0c78b31e2fd964a1885c873321c0f2255357532ea6b24d1cc0b9c958a66,953ff65612405976,False
img_003306,e:\Final_Project\Pnuemonia_Detection\data\raw_datasets\dataset_1\train\PNEUMONIA\BACTERIA-5615122-0001.jpeg,dataset_1,PNEUMONIA,BACTERIAL,1,2166ed54dcf37804547d1e3ae50e4011a9bea70b024061b2126b0b6e9fc47e6b,9c38e129b5e507bc,False
img_003973,e:\Final_Project\Pnuemonia_Detection\data\raw_datasets\dataset_1\train\PNEUMONIA\BACTERIA-8054264-0007.jpeg,dataset_1,PNEUMONIA,BACTERIAL,1,77451f0ef3573e22becebb45dc1a7c2bb7d4b67c93202302e8b0800c497243fd,907ae21ede5a18b5,False
img_004801,e:\Final_Project\Pnuemonia_Detection\data\raw_datasets\dataset_1\train\PNEUMONIA\VIRUS-2977655-0002.jpeg,dataset_1,PNEUMONIA,VIRAL,2,22046ae8a7cd18ed01317a688f715ec98e122447b646ca67501d1b0bfb8e971f,90edeeba8519954a,False
img_001585,e:\Final_Project\Pnuemonia_Detection\data\raw_datasets\dataset_1\train\NORMAL\NORMAL-7333515-0002.jpeg,dataset_1,NORMAL,NORMAL,0,e6bc802787255128583bebc8468b555f09ba970eea0fd6fc639d35964aec9c16,952c0e5b7be868e1,False
img_004839,e:\Final_Project\Pnuemonia_Detection\data\raw_datasets\dataset_1\train\PNEUMONIA\VIRUS-3303372-0002.jpeg,dataset_1,PNEUMONIA,VIRAL,2,f590b7ad8a464a4ce49092f399f31ce87594018d50d97491d4b0ac9f90287bea,d06ce73fc10339c3,False
img_000459,e:\Final_Project\Pnuemonia_Detection\data\raw_datasets\dataset_1\test\PNEUMONIA\BACTERIA-932292-0002.jpeg,dataset_1,PNEUMONIA,BACTERIAL,1,caf22e4a76fa9134aa134a49048b747a231dab8b649417db8baf5906c91de2c0,8a2aa81d199b6fdc,False
img_000717,e:\Final_Project\Pnuemonia_Detection\data\raw_datasets\dataset_1\train\NORMAL\NORMAL-170867-0002.jpeg,dataset_1,NORMAL,NORMAL,0,18c464a193b83a261f8234af07c010ac7d4f69bbd4d0f43f883486c1ee17d376,956e0f1b0b5c7964,False
img_004135,e:\Final_Project\Pnuemonia_Detection\data\raw_datasets\dataset_1\train\PNEUMONIA\BACTERIA-8550709-0008.jpeg,dataset_1,PNEUMONIA,BACTERIAL,1,738a4d57bfdbb86605b757e8086bd79919d8d2964a8611694dce863cdf305314,d0eaaf9b8519a51c,False
img_001832,e:\Final_Project\Pnuemonia_Detection\data\raw_datasets\dataset_1\train\NORMAL\NORMAL-9058260-0001.jpeg,dataset_1,NORMAL,NORMAL,0,1e20066403d2c03c9aa543245183c7460499f1be8ef60874666d0a731af7cfb7,d07cc61efc2d3c44,False
img_005202,e:\Final_Project\Pnuemonia_Detection\data\raw_datasets\dataset_1\train\PNEUMONIA\VIRUS-561319-0002.jpeg,dataset_1,PNEUMONIA,VIRAL,2,ec8ef8ed86cbc64adb8772ae4a5373a746b70ce6201066c09290edf67e213b30,81d4e69eda4f9825,False
img_002636,e:\Final_Project\Pnuemonia_Detection\data\raw_datasets\dataset_1\train\PNEUMONIA\BACTERIA-3408906-0002.jpeg,dataset_1,PNEUMONIA,BACTERIAL,1,154f25769563ad9b1dd86cf3143a11ae85fef7ed2acea3bf2c51720c3a46f372,d467a728833999bc,False
img_002197,e:\Final_Project\Pnuemonia_Detection\data\raw_datasets\dataset_1\train\PNEUMONIA\BACTERIA-1865585-0002.jpeg,dataset_1,PNEUMONIA,BACTERIAL,1,c374bfb3967a5af4637a30c697790f510a74bba9e30b08d21aedd717115b1cc3,c82aa73fcb1b7184,False
img_000697,e:\Final_Project\Pnuemonia_Detection\data\raw_datasets\dataset_1\train\NORMAL\NORMAL-1557045-0001.jpeg,dataset_1,NORMAL,NORMAL,0,3fb2e278259a5735bcb494cf4a1b72d9dd4f3c7ed40e0bcb8f00db9e94b04ccb,812b425f5ce939b9,False
img_000845,e:\Final_Project\Pnuemonia_Detection\data\raw_datasets\dataset_1\train\NORMAL\NORMAL-252489-0001.jpeg,dataset_1,NORMAL,NORMAL,0,189e59ab590e8e52b8e5a799361ae1a244798551f5e307111391e3a4a563ea72,d42f4f0b4d4569ac,False
img_000112,e:\Final_Project\Pnuemonia_Detection\data\raw_datasets\dataset_1\test\NORMAL\NORMAL-5356114-0001.jpeg,dataset_1,NORMAL,NORMAL,0,c88d24ecb5fea438d7ef244f79ce0d0d960e9320090b6df1db87b2c071a0af27,d42b6b3f5e491c44,False
img_001748,e:\Final_Project\Pnuemonia_Detection\data\raw_datasets\dataset_1\train\NORMAL\NORMAL-8560417-0001.jpeg,dataset_1,NORMAL,NORMAL,0,994817626aa1f932519c64c11615c8b44c36cd494e314a7955e87310fe244ac5,812bc65af9693969,False
img_004024,e:\Final_Project\Pnuemonia_Detection\data\raw_datasets\dataset_1\train\PNEUMONIA\BACTERIA-828649-0002.jpeg,dataset_1,PNEUMONIA,BACTERIAL,1,52ccb635cb9a02bfb82c45a66ea174b8f649e43040688580a142ffbb4d49a5c1,d0efa30ac01f3c4f,False
img_000938,e:\Final_Project\Pnuemonia_Detection\data\raw_datasets\dataset_1\train\NORMAL\NORMAL-3178986-0001.jpeg,dataset_1,NORMAL,NORMAL,0,e969c8a2280f007e763f92823f56a40080ee221d144d5ba86618e42fe5775032,d46cc31fcf2c1cc4,False
img_001666,e:\Final_Project\Pnuemonia_Detection\data\raw_datasets\dataset_1\train\NORMAL\NORMAL-7964343-0004.jpeg,dataset_1,NORMAL,NORMAL,0,dc34dbb4b9956354f35c2332e5c5c0383b80d123edeaddb74479514dd83c5833,80aace5fdd4f1845,False
img_004148,e:\Final_Project\Pnuemonia_Detection\data\raw_datasets\dataset_1\train\PNEUMONIA\BACTERIA-8607121-0001.jpeg,dataset_1,PNEUMONIA,BACTERIAL,1,9f1f58c121c31ec70fdf110d222739b5d471344da41da0ef175841907eb90299,9474875aab0f2997,False
img_001085,e:\Final_Project\Pnuemonia_Detection\data\raw_datasets\dataset_1\train\NORMAL\NORMAL-4019172-0003.jpeg,dataset_1,NORMAL,NORMAL,0,5321fd98fc37647e3082e35618142a684ca25a05484b9e46e97dfbf6153808a8,903fc318d8399ccf,False
img_002171,e:\Final_Project\Pnuemonia_Detection\data\raw_datasets\dataset_1\train\PNEUMONIA\BACTERIA-176882-0001.jpeg,dataset_1,PNEUMONIA,BACTERIAL,1,088ce94f82ddf279b51ea3382a76ed8a0ec0b853179a9057c1c97c3bcb042587,913be67a584b3139,False
img_002235,e:\Final_Project\Pnuemonia_Detection\data\raw_datasets\dataset_1\train\PNEUMONIA\BACTERIA-1984461-0003.jpeg,dataset_1,PNEUMONIA,BACTERIAL,1,df1410f7879c75a81594c04b29437e3949a2c4ee330fa895a5a67b75491e3703,d5bfea1e484b5c40,False
img_002215,e:\Final_Project\Pnuemonia_Detection\data\raw_datasets\dataset_1\train\PNEUMONIA\BACTERIA-1941403-0001.jpeg,dataset_1,PNEUMONIA,BACTERIAL,1,18b0d251ffb580e03c50223d963816a6b0a62c43e7697a927f9547e1ec1d695c,9125c71ecec83cea,False
img_000796,e:\Final_Project\Pnuemonia_Detection\data\raw_datasets\dataset_1\train\NORMAL\NORMAL-2272901-0001.jpeg,dataset_1,NORMAL,NORMAL,0,0f50a50fafa6bdd0484978ef80487f0e165e66904d9f15bc136eaca5fcc9e6ea,906ec67acd2d68c6,False
img_005677,e:\Final_Project\Pnuemonia_Detection\data\raw_datasets\dataset_1\train\PNEUMONIA\VIRUS-86966-0003.jpeg,dataset_1,PNEUMONIA,VIRAL,2,514d6e84ab465c20e79327d5a949164f2dc7a0316c74874716fb3d99c46064e9,d037c31fec4d9c41,False
img_003964,e:\Final_Project\Pnuemonia_Detection\data\raw_datasets\dataset_1\train\PNEUMONIA\BACTERIA-8047963-0004.jpeg,dataset_1,PNEUMONIA,BACTERIAL,1,09d0f487e0c2add2e684afeb039a10d4d5d3acdf43dad685ab636f01ac5c3ef6,d03feb1e4cc43c68,False
img_004190,e:\Final_Project\Pnuemonia_Detection\data\raw_datasets\dataset_1\train\PNEUMONIA\BACTERIA-8717534-0001.jpeg,dataset_1,PNEUMONIA,BACTERIAL,1,784334dfd813fa0c7da2a0ae6d15266f1bc3c89d8b40eae25e7951da1d4edb8d,912fe650504bfbca,False
img_005395,e:\Final_Project\Pnuemonia_Detection\data\raw_datasets\dataset_1\train\PNEUMONIA\VIRUS-6747108-0002.jpeg,dataset_1,PNEUMONIA,VIRAL,2,5ebeea2bb295bfc64de9d93fbe483fec1ea5fdd19c8edc233d2ed0212bde6d9a,d474a70aa2877aa7,False
img_004122,e:\Final_Project\Pnuemonia_Detection\data\raw_datasets\dataset_1\train\PNEUMONIA\BACTERIA-8537791-0002.jpeg,dataset_1,PNEUMONIA,BACTERIAL,1,13cfaf8a00ec506328a6aa34fa453ccc86c0224431171503561fd502470c15c1,c03ad35f4b0a4f5c,False
img_003275,e:\Final_Project\Pnuemonia_Detection\data\raw_datasets\dataset_1\train\PNEUMONIA\BACTERIA-5510638-0006.jpeg,dataset_1,PNEUMONIA,BACTERIAL,1,76636565f2fbdd6c4c53b31c86a84bc1e1a2860960532835ae825be5696447f2,d02fe75f924a0b45,False
img_005554,e:\Final_Project\Pnuemonia_Detection\data\raw_datasets\dataset_1\train\PNEUMONIA\VIRUS-7933423-0002.jpeg,dataset_1,PNEUMONIA,VIRAL,2,88af98e64ade2a9e54522b0c6f16adc7b58f5ffde4318902fc860fe9b552b971,c439e1473a7416be,False
img_000779,e:\Final_Project\Pnuemonia_Detection\data\raw_datasets\dataset_1\train\NORMAL\NORMAL-2211620-0001.jpeg,dataset_1,NORMAL,NORMAL,0,fe48c0374fe5513bb024f482b5da6a1d5afb8e71035d2ba590c8fdb29de11332,917f8e1a190f1ec6,False
img_002662,e:\Final_Project\Pnuemonia_Detection\data\raw_datasets\dataset_1\train\PNEUMONIA\BACTERIA-3504519-0002.jpeg,dataset_1,PNEUMONIA,BACTERIAL,1,c4397b807d78b35059ad444c62fd6c2676940c645b1ca0ef5872c83824c441cd,d4af831bc77d044c,False
img_004013,e:\Final_Project\Pnuemonia_Detection\data\raw_datasets\dataset_1\train\PNEUMONIA\BACTERIA-8246587-0002.jpeg,dataset_1,PNEUMONIA,BACTERIAL,1,6495686fdeca1146930f7981e25cb9b9e39121e7e865a1607ea8fdf26ecab785,9029e73eca3a3cca,False
img_005987,e:\Final_Project\Pnuemonia_Detection\data\raw_datasets\dataset_2\test\NORMAL\NORMAL2-IM-0221-0001.jpeg,dataset_2,NORMAL,NORMAL,0,fdec0295bdc4c39dfff00eb9af0b1159a0291a43473e1723d1288f23072a9c42,d0eea73f8f2d0806,False
img_003352,e:\Final_Project\Pnuemonia_Detection\data\raw_datasets\dataset_1\train\PNEUMONIA\BACTERIA-5747672-0002.jpeg,dataset_1,PNEUMONIA,BACTERIAL,1,60e7efe898da15f8a6591ff3ad4cbe7ee7619e6f1e4ada4a5445e9c59a912064,c5aea21c964f964b,False
img_000419,e:\Final_Project\Pnuemonia_Detection\data\raw_datasets\dataset_1\test\PNEUMONIA\BACTERIA-821920-0001.jpeg,dataset_1,PNEUMONIA,BACTERIAL,1,a0dccce63250437f21d5024242fd3ee5b33d60be1d35f68d2ead09b62e32db03,916e861b4739cd78,False
img_005247,e:\Final_Project\Pnuemonia_Detection\data\raw_datasets\dataset_1\train\PNEUMONIA\VIRUS-5861843-0003.jpeg,dataset_1,PNEUMONIA,VIRAL,2,5dc0a3267229689819fd51629fa096cb69557ed1eb516fa1d6e92ae65080b637,d074e71ba56d28c6,False
img_002355,e:\Final_Project\Pnuemonia_Detection\data\raw_datasets\dataset_1\train\PNEUMONIA\BACTERIA-2426822-0005.jpeg,dataset_1,PNEUMONIA,BACTERIAL,1,da57def5d52e35f5bde29e41615039430b55c86a20193556f069cb5b3b780500,d5ffea1a40487c4a,False
img_003719,e:\Final_Project\Pnuemonia_Detection\data\raw_datasets\dataset_1\train\PNEUMONIA\BACTERIA-7205053-0001.jpeg,dataset_1,PNEUMONIA,BACTERIAL,1,741b1c2fba1e69c54e3a415a1f2dcbf81911c4d21b74cce8f58800793e6631b5,d0fd540addc2195d,False
img_004834,e:\Final_Project\Pnuemonia_Detection\data\raw_datasets\dataset_1\train\PNEUMONIA\VIRUS-324273-0008.jpeg,dataset_1,PNEUMONIA,VIRAL,2,2163fb7a22879d6ab38bc8911077bf3e341b2e626985b2d77f7797cf1d7b90f8,c4f4930be56db44c,False
img_005475,e:\Final_Project\Pnuemonia_Detection\data\raw_datasets\dataset_1\train\PNEUMONIA\VIRUS-7385153-0001.jpeg,dataset_1,PNEUMONIA,VIRAL,2,c8d99a5dc073a923440fa2d5fdace017e708246b24b872e3e542c75222dae357,d4ec871bad3ccc0c,False
img_002929,e:\Final_Project\Pnuemonia_Detection\data\raw_datasets\dataset_1\train\PNEUMONIA\BACTERIA-442579-0001.jpeg,dataset_1,PNEUMONIA,BACTERIAL,1,fd5b2c0d00f10f6f4dfe7dd543be2d8919852112cbd436c6a551bd6bfc5a78e9,d42b421ede4b1de8,False
img_001020,e:\Final_Project\Pnuemonia_Detection\data\raw_datasets\dataset_1\train\NORMAL\NORMAL-3744309-0001.jpeg,dataset_1,NORMAL,NORMAL,0,2addede6ccd064df914c1f06c5a3255c6f7112529e37149a5884a4b1b76cde6c,d07cc71ad92b3c64,False
img_004192,e:\Final_Project\Pnuemonia_Detection\data\raw_datasets\dataset_1\train\PNEUMONIA\BACTERIA-8720773-0001.jpeg,dataset_1,PNEUMONIA,BACTERIAL,1,1c2fffd100629ed7713fa51f16151503a215b73ff6908bdbe3737cb459427ce0,902aea2fbf683d28,False
img_000812,e:\Final_Project\Pnuemonia_Detection\data\raw_datasets\dataset_1\train\NORMAL\NORMAL-2338211-0001.jpeg,dataset_1,NORMAL,NORMAL,0,a97b22747700353f3b3584c90182985dc457fe753caa32ff2d0bf22c4342e998,d0bec71bc8c93ac2,False
img_000926,e:\Final_Project\Pnuemonia_Detection\data\raw_datasets\dataset_1\train\NORMAL\NORMAL-3103404-0002.jpeg,dataset_1,NORMAL,NORMAL,0,744c651e74dde4be84bdeccaac23b20ea111bbf44eacc8112830292e8a0fa5b0,91ecc61acf6d08cd,False
img_003198,e:\Final_Project\Pnuemonia_Detection\data\raw_datasets\dataset_1\train\PNEUMONIA\BACTERIA-5268802-0001.jpeg,dataset_1,PNEUMONIA,BACTERIAL,1,f60af9ae0217663fd8bfabf56663be26f8ea295dd2d077413ef390e4149bed75,d06fe51a181b1b9e,False
img_003215,e:\Final_Project\Pnuemonia_Detection\data\raw_datasets\dataset_1\train\PNEUMONIA\BACTERIA-5328536-0001.jpeg,dataset_1,PNEUMONIA,BACTERIAL,1,fb8448df2f67f09c34f4fc1151996cc0090aea3d6ea0ed1b51c0f1cb91e86d73,d13dc60a90c77db2,False
img_003374,e:\Final_Project\Pnuemonia_Detection\data\raw_datasets\dataset_1\train\PNEUMONIA\BACTERIA-5861843-0001.jpeg,dataset_1,PNEUMONIA,BACTERIAL,1,850cd494d50ffa8dcfbba5f8b2d7e6096e0e6365cf9b48687db3e8b1ce719d5b,c13fe2567ec0461d,False
img_003349,e:\Final_Project\Pnuemonia_Detection\data\raw_datasets\dataset_1\train\PNEUMONIA\BACTERIA-5739457-0003.jpeg,dataset_1,PNEUMONIA,BACTERIAL,1,7322b3c3269c64e33547d12870f59d895e3920e580c32888b82ce92431c60f5b,946de73e823aa50e,False
img_003771,e:\Final_Project\Pnuemonia_Detection\data\raw_datasets\dataset_1\train\PNEUMONIA\BACTERIA-7430336-0001.jpeg,dataset_1,PNEUMONIA,BACTERIAL,1,5253460c17fe1d80dc8468470b68439197d1927588241d96ed33ae55b3ce9520,906fa71a871f871c,False
img_001993,e:\Final_Project\Pnuemonia_Detection\data\raw_datasets\dataset_1\train\PNEUMONIA\BACTERIA-1083680-0003.jpeg,dataset_1,PNEUMONIA,BACTERIAL,1,4422a2dc09accf034b5af6cafadf5b990f0858a3372b4cc2e4a29ec1efe542f5,90aaabbce53dd10c,False
img_004397,e:\Final_Project\Pnuemonia_Detection\data\raw_datasets\dataset_1\train\PNEUMONIA\BACTERIA-9532792-0001.jpeg,dataset_1,PNEUMONIA,BACTERIAL,1,eadee6c34d7d8520d2f179d67c14fb5d001de8214ccbcc919d7df282876a691b,d4eeef0f844b9141,False
img_000748,e:\Final_Project\Pnuemonia_Detection\data\raw_datasets\dataset_1\train\NORMAL\NORMAL-1934076-0001.jpeg,dataset_1,NORMAL,NORMAL,0,75be429c5cdae717d4b9cef638a975ccac55e9b5d36f364525e32059476eea4d,d476c70fed242cc4,False
img_003073,e:\Final_Project\Pnuemonia_Detection\data\raw_datasets\dataset_1\train\PNEUMONIA\BACTERIA-49691-0001.jpeg,dataset_1,PNEUMONIA,BACTERIAL,1,eec131c6c31ab60cf2691678adf765b1d74ee8b9b72f449dd2720f3c56e959fd,d16b56125a5b1d6a,False
img_004018,e:\Final_Project\Pnuemonia_Detection\data\raw_datasets\dataset_1\train\PNEUMONIA\BACTERIA-8285719-0001.jpeg,dataset_1,PNEUMONIA,BACTERIAL,1,68c871bdfa10e2bef0ae67c3c304d947054c5a8b9af73d340c6d272b9987ea1b,d83d435b526b3cc8,False
img_002926,e:\Final_Project\Pnuemonia_Detection\data\raw_datasets\dataset_1\train\PNEUMONIA\BACTERIA-4410784-0001.jpeg,dataset_1,PNEUMONIA,BACTERIAL,1,6cfbfa7a59988445c65fd91ad7b6108049b33125963f748b4468124d420dd514,d03bc71e58493e69,False
img_004567,e:\Final_Project\Pnuemonia_Detection\data\raw_datasets\dataset_1\train\PNEUMONIA\VIRUS-1335423-0006.jpeg,dataset_1,PNEUMONIA,VIRAL,2,247185061f157d8e66cf84c1f3b8d77e8cd73ef77a1a855aba55b9a513af990e,d42f2f07054f6d4c,False
img_003082,e:\Final_Project\Pnuemonia_Detection\data\raw_datasets\dataset_1\train\PNEUMONIA\BACTERIA-4981553-0001.jpeg,dataset_1,PNEUMONIA,BACTERIAL,1,54b0d65e51fdfd3b70ce91b7d88ddf2507c72b4cdd0b7aff9e2e1c53b51d204e,d53f40ea206fe1e1,False
img_003516,e:\Final_Project\Pnuemonia_Detection\data\raw_datasets\dataset_1\train\PNEUMONIA\BACTERIA-6383526-0002.jpeg,dataset_1,PNEUMONIA,BACTERIAL,1,d145e130f5ee686ff5cb43f87ee87f5e4058875612242ea68e4308c70a394351,940ce36b3fb5403b,False
img_003595,e:\Final_Project\Pnuemonia_Detection\data\raw_datasets\dataset_1\train\PNEUMONIA\BACTERIA-6650710-0001.jpeg,dataset_1,PNEUMONIA,BACTERIAL,1,4a3488f2fc2b36374a33f4298ee3efb5ca1089530b6bf1f249dfd28389c50873,97bdd608170d3c0f,False
img_003613,e:\Final_Project\Pnuemonia_Detection\data\raw_datasets\dataset_1\train\PNEUMONIA\BACTERIA-6680938-0001.jpeg,dataset_1,PNEUMONIA,BACTERIAL,1,032ea116ecae18ece3dbcc7363bab64f9a5854bd2ad7323fb26ff9feb66c53ce,d02f5f50482e6b2f,False
img_003734,e:\Final_Project\Pnuemonia_Detection\data\raw_datasets\dataset_1\train\PNEUMONIA\BACTERIA-7248562-0001.jpeg,dataset_1,PNEUMONIA,BACTERIAL,1,11f269e16d503680104d98bd918c3bc2e50eb68a347f3f05f54f511b54de5fb3,c06aa10f45436ff7,False
img_001105,e:\Final_Project\Pnuemonia_Detection\data\raw_datasets\dataset_1\train\NORMAL\NORMAL-4178405-0002.jpeg,dataset_1,NORMAL,NORMAL,0,712bcfc2522af3c4e8044b93b8b6eb577e2922e360584d0d2a5e8d3b14233fd7,806dc73ae96d38c5,False
img_000484,e:\Final_Project\Pnuemonia_Detection\data\raw_datasets\dataset_1\test\PNEUMONIA\VIRUS-1352878-0004.jpeg,dataset_1,PNEUMONIA,VIRAL,2,d0b01cbe27c7fceb52df8ee4734932d5045c657b2be8450b07aec76c0bf9341b,957ffe1c1114948e,False
img_001499,e:\Final_Project\Pnuemonia_Detection\data\raw_datasets\dataset_1\train\NORMAL\NORMAL-6972373-0001.jpeg,dataset_1,NORMAL,NORMAL,0,4e0b5c26b1eb9481646bc0a18c632bc5a1fb21c6417a1b0311dc4a80d8ee8fc3,903fc71a6d493c69,False
img_002163,e:\Final_Project\Pnuemonia_Detection\data\raw_datasets\dataset_1\train\PNEUMONIA\BACTERIA-1753514-0001.jpeg,dataset_1,PNEUMONIA,BACTERIAL,1,06d317adde02d77abbd7df105f39d51b7715926b6804f642f1378ec69d452b0f,d46f4b0f4d0e4e86,False
img_004421,e:\Final_Project\Pnuemonia_Detection\data\raw_datasets\dataset_1\train\PNEUMONIA\BACTERIA-9582372-0004.jpeg,dataset_1,PNEUMONIA,BACTERIAL,1,0f4f20f809420f8f36314cebc273d5aa01d9ee0fa60cd60ed5d7302c897cd4fb,942feb5e584d1c58,False
img_000303,e:\Final_Project\Pnuemonia_Detection\data\raw_datasets\dataset_1\test\PNEUMONIA\BACTERIA-4006043-0001.jpeg,dataset_1,PNEUMONIA,BACTERIAL,1,6d19e1cdd53403fe4c845bc4ee07328e7bcb554925d76dbca2f2daad0d97b243,c82ea78fc149e167,False
img_000316,e:\Final_Project\Pnuemonia_Detection\data\raw_datasets\dataset_1\test\PNEUMONIA\BACTERIA-4161430-0001.jpeg,dataset_1,PNEUMONIA,BACTERIAL,1,f08a120ad4440206393b5abee732ce7a23097a2ac225f55c268b175bc252f7cf,946b6a3ec31f405b,False
img_003237,e:\Final_Project\Pnuemonia_Detection\data\raw_datasets\dataset_1\train\PNEUMONIA\BACTERIA-5434840-0001.jpeg,dataset_1,PNEUMONIA,BACTERIAL,1,a4988c52bacb2fb680351cbeee4dd15d83e997df64ee27da81a11807887f15f4,c06f57444a6a6d6d,False
img_005179,e:\Final_Project\Pnuemonia_Detection\data\raw_datasets\dataset_1\train\PNEUMONIA\VIRUS-5420861-0001.jpeg,dataset_1,PNEUMONIA,VIRAL,2,ce703b9bfe597e3edd23482f1dda33652c539fff9621d60d7cc2462cfa733938,d420c30bef4bbc4b,False
img_004555,e:\Final_Project\Pnuemonia_Detection\data\raw_datasets\dataset_1\train\PNEUMONIA\VIRUS-1213217-0004.jpeg,dataset_1,PNEUMONIA,VIRAL,2,aa4e7522ec4aa8246f16626c230f24f413ae2fbc6e89954ac447011df94c52c2,9038e16bbcc54f3c,False
img_003709,e:\Final_Project\Pnuemonia_Detection\data\raw_datasets\dataset_1\train\PNEUMONIA\BACTERIA-7172433-0005.jpeg,dataset_1,PNEUMONIA,BACTERIAL,1,6d536882337ccf1c56999806632a3c6f45fd00f5d1210786dbdc9656bf92c7b3,9c6eaf19cf084c8e,False
img_001475,e:\Final_Project\Pnuemonia_Detection\data\raw_datasets\dataset_1\train\NORMAL\NORMAL-6892511-0001.jpeg,dataset_1,NORMAL,NORMAL,0,3730e575324a8a36b2a7772130f02560ce6e10c7d1147c2ffbc372a1f10d0500,913bd61a9c7939b0,False
img_002304,e:\Final_Project\Pnuemonia_Detection\data\raw_datasets\dataset_1\train\PNEUMONIA\BACTERIA-2190092-0006.jpeg,dataset_1,PNEUMONIA,BACTERIAL,1,a66fefb4a7dfba38b46eb6510f7fe3fdf69dddf76a7322fac619939c3cdf5d9e,df7d42fa50d31490,False
img_002377,e:\Final_Project\Pnuemonia_Detection\data\raw_datasets\dataset_1\train\PNEUMONIA\BACTERIA-2487940-0001.jpeg,dataset_1,PNEUMONIA,BACTERIAL,1,466e01e055472039e9c0825931fdd850cf41de5bd87af383e92d1c307da8acaa,d4feaf3b8d2c040c,False
img_002336,e:\Final_Project\Pnuemonia_Detection\data\raw_datasets\dataset_1\train\PNEUMONIA\BACTERIA-2355867-0002.jpeg,dataset_1,PNEUMONIA,BACTERIAL,1,bf4865facf628f65f6a2ad3db6e12da547d868864d581e68f22bd96dec86cced,905b5b5a5e7a1938,False
img_001626,e:\Final_Project\Pnuemonia_Detection\data\raw_datasets\dataset_1\train\NORMAL\NORMAL-767940-0001.jpeg,dataset_1,NORMAL,NORMAL,0,652b1760e4502e4172b2fdd7d73e37997d4d356a4bb86599f4e2e1a0c30013bc,9009c71ece491def,False
img_001691,e:\Final_Project\Pnuemonia_Detection\data\raw_datasets\dataset_1\train\NORMAL\NORMAL-8143931-0001.jpeg,dataset_1,NORMAL,NORMAL,0,e3d40202ba8e2031df82ba852caf2b241d3f63d4cef0b9d01450870dbb7100f3,9168c61aba6f383d,False
img_001873,e:\Final_Project\Pnuemonia_Detection\data\raw_datasets\dataset_1\train\NORMAL\NORMAL-9346821-0001.jpeg,dataset_1,NORMAL,NORMAL,0,5a1cc096e704342da410a9fba7ab46f5ab9b9e436b8366a650551fdcbbad1e85,d07c871add4d3896,False
img_005503,e:\Final_Project\Pnuemonia_Detection\data\raw_datasets\dataset_1\train\PNEUMONIA\VIRUS-7603659-0001.jpeg,dataset_1,PNEUMONIA,VIRAL,2,0edf3806557fa311332711f665b9cdeb44b1895bff96e135011e44d00cc59ab8,d13bd61a19d3139c,False
img_003122,e:\Final_Project\Pnuemonia_Detection\data\raw_datasets\dataset_1\train\PNEUMONIA\BACTERIA-5124309-0002.jpeg,dataset_1,PNEUMONIA,BACTERIAL,1,dde014548af8dd1a60f69e156af768d1cfcd826811d72a623cbb21c62eb0e5fb,c43f6b1f7c5c3880,False
img_000029,e:\Final_Project\Pnuemonia_Detection\data\raw_datasets\dataset_1\test\NORMAL\NORMAL-2107985-0001.jpeg,dataset_1,NORMAL,NORMAL,0,b34e96fcb8a37421bfdf4fdf8774a0bac7881cc92ae6793fc1a099254a0f2e44,9129e23a787938db,False
img_005238,e:\Final_Project\Pnuemonia_Detection\data\raw_datasets\dataset_1\train\PNEUMONIA\VIRUS-5762799-0002.jpeg,dataset_1,PNEUMONIA,VIRAL,2,813220cb9e5ff56ac7a626b3d2e25d20c9d19e8e041799ec711d66f7c6ba7a16,d06a2f7cbc3c6464,False
img_000568,e:\Final_Project\Pnuemonia_Detection\data\raw_datasets\dataset_1\test\PNEUMONIA\VIRUS-6076183-0002.jpeg,dataset_1,PNEUMONIA,VIRAL,2,d6990906ae464d9d49f7bb823083af37dcef78625c573376bbf03231e7c59caa,912dc71abeea39a0,False
img_003023,e:\Final_Project\Pnuemonia_Detection\data\raw_datasets\dataset_1\train\PNEUMONIA\BACTERIA-4702913-0001.jpeg,dataset_1,PNEUMONIA,BACTERIAL,1,d38ede34a7921ee3ee1a5e486c323bd2dcd93040dcf4004cc254b352d1e3505f,906be33e5a58395a,False
img_001126,e:\Final_Project\Pnuemonia_Detection\data\raw_datasets\dataset_1\train\NORMAL\NORMAL-431263-0001.jpeg,dataset_1,NORMAL,NORMAL,0,ef1494f0de26cc222478ee73646bb62153ab28aa271475a28c14d8f4df9c7fa9,d07ea73fad242c84,False
img_002116,e:\Final_Project\Pnuemonia_Detection\data\raw_datasets\dataset_1\train\PNEUMONIA\BACTERIA-1584380-0002.jpeg,dataset_1,PNEUMONIA,BACTERIAL,1,08a5112557553c56174b987ab33e52c398180045dab5e315cf018cd60cc190bc,9429e39fc31fc00f,False
img_005773,e:\Final_Project\Pnuemonia_Detection\data\raw_datasets\dataset_1\train\PNEUMONIA\VIRUS-939876-0002.jpeg,dataset_1,PNEUMONIA,VIRAL,2,262946af36b4b061b43a205bee89e18bb08a62850fee00df286e23c043f60434,d03ac71c961db41f,False
img_004875,e:\Final_Project\Pnuemonia_Detection\data\raw_datasets\dataset_1\train\PNEUMONIA\VIRUS-3590786-0002.jpeg,dataset_1,PNEUMONIA,VIRAL,2,41bbd9f0bddefc38c65e3a08cfa1081b44277c378bc1db18b6b61ff0c0e6e4a9,902eee38e12e94cf,False
img_003934,e:\Final_Project\Pnuemonia_Detection\data\raw_datasets\dataset_1\train\PNEUMONIA\BACTERIA-7968906-0001.jpeg,dataset_1,PNEUMONIA,BACTERIAL,1,1a60b3d85c5dcaff17632b5d2dfba2405d3a433901bd3476807ab52078b4ea67,d06ae35bc39d4985,False
img_005495,e:\Final_Project\Pnuemonia_Detection\data\raw_datasets\dataset_1\train\PNEUMONIA\VIRUS-7518164-0002.jpeg,dataset_1,PNEUMONIA,VIRAL,2,9bd443450482711463deaddbfb1ad6fac6e439c0f8939482f5bf842cb698b5ca,907e561e1a1b3da9,False
img_005175,e:\Final_Project\Pnuemonia_Detection\data\raw_datasets\dataset_1\train\PNEUMONIA\VIRUS-5390157-0001.jpeg,dataset_1,PNEUMONIA,VIRAL,2,b9fe433af9aa9dd9b4b3fc9c34858fbb499535ac4214a4c41e4306081a04b1c1,907de63ea92f3a08,False
img_004502,e:\Final_Project\Pnuemonia_Detection\data\raw_datasets\dataset_1\train\PNEUMONIA\BACTERIA-9961529-0001.jpeg,dataset_1,PNEUMONIA,BACTERIAL,1,2d34b84a2bc65523aa17abef9aea044420dec46be126041588866fa0f898b06d,c86e271f931d5866,False
img_005185,e:\Final_Project\Pnuemonia_Detection\data\raw_datasets\dataset_1\train\PNEUMONIA\VIRUS-5442456-0003.jpeg,dataset_1,PNEUMONIA,VIRAL,2,517466676aa12a647184d6bb0bb1dd0a385bbb8a836695210ccc0988253b8e1a,9c64e21beb19e23c,False
img_003155,e:\Final_Project\Pnuemonia_Detection\data\raw_datasets\dataset_1\train\PNEUMONIA\BACTERIA-516591-0001.jpeg,dataset_1,PNEUMONIA,BACTERIAL,1,fb43048304c555753768fbf63114f8fdadffb6be6a8f923d73767ba0127fabab,9578e73ccc1e3909,False
img_002008,e:\Final_Project\Pnuemonia_Detection\data\raw_datasets\dataset_1\train\PNEUMONIA\BACTERIA-1083680-0018.jpeg,dataset_1,PNEUMONIA,BACTERIAL,1,176c5a0c94c67a84471b13bbeb56dd5baf101a45f630172fa4f09da71a62052f,937dc4182f8e38ba,False
img_000681,e:\Final_Project\Pnuemonia_Detection\data\raw_datasets\dataset_1\train\NORMAL\NORMAL-1476994-0001.jpeg,dataset_1,NORMAL,NORMAL,0,6c29a262508d6960b89723170966924e5734d1c4defe70e0dc09b0b774badd0f,957c873cad2c4ccc,False
img_005439,e:\Final_Project\Pnuemonia_Detection\data\raw_datasets\dataset_1\train\PNEUMONIA\VIRUS-7093209-0002.jpeg,dataset_1,PNEUMONIA,VIRAL,2,833be1fb64dff0608fc6bbc72a9f5cb8d18e204cf3e0439d9900c16edf99c24e,9101eb2fb156ad53,False
img_005232,e:\Final_Project\Pnuemonia_Detection\data\raw_datasets\dataset_1\train\PNEUMONIA\VIRUS-5718395-0002.jpeg,dataset_1,PNEUMONIA,VIRAL,2,9170b5b11c02f30becf0b1594997426bf340691c1f012d8840d081f422edca4b,d46ce71afa832a83,False
img_004909,e:\Final_Project\Pnuemonia_Detection\data\raw_datasets\dataset_1\train\PNEUMONIA\VIRUS-3724089-0007.jpeg,dataset_1,PNEUMONIA,VIRAL,2,64619177ab0a542433dfae09a79bd21cce31deb55ec6fed4d926bf4f366be0f6,dd2a43174b1b1cea,False
img_001386,e:\Final_Project\Pnuemonia_Detection\data\raw_datasets\dataset_1\train\NORMAL\NORMAL-6153007-0001.jpeg,dataset_1,NORMAL,NORMAL,0,86c3d886745b9af25e0f2f9100adccff6f9c0b610498f75789ec4e912a9793cf,d07e873f2d2d2c84,False
img_000939,e:\Final_Project\Pnuemonia_Detection\data\raw_datasets\dataset_1\train\NORMAL\NORMAL-3178986-0002.jpeg,dataset_1,NORMAL,NORMAL,0,65a982639f6e33bbd08b69684900adba25796c72d65792a50f5cdc1125cf3f61,993bd21a584939db,False
img_003672,e:\Final_Project\Pnuemonia_Detection\data\raw_datasets\dataset_1\train\PNEUMONIA\BACTERIA-6944416-0001.jpeg,dataset_1,PNEUMONIA,BACTERIAL,1,5e332d378219e41b4166375a9e457b384c0aebd224b28d6e109f1c3d2e2f50b2,9121c20fe62b3ee7,False
img_000007,e:\Final_Project\Pnuemonia_Detection\data\raw_datasets\dataset_1\test\NORMAL\NORMAL-1228182-0001.jpeg,dataset_1,NORMAL,NORMAL,0,7477fad9f2baa70070d6fc8d76ed7cee3f7ac867e032b7b2d328fdf82e6ef1a8,91a1e61ae9493dcb,False
img_000588,e:\Final_Project\Pnuemonia_Detection\data\raw_datasets\dataset_1\test\PNEUMONIA\VIRUS-7441806-0001.jpeg,dataset_1,PNEUMONIA,VIRAL,2,bc6a03c24e90b580ba040525d895716b3110bc950d6d604431b952e1b3a6db92,9129e21ed859fd49,False
img_000235,e:\Final_Project\Pnuemonia_Detection\data\raw_datasets\dataset_1\test\PNEUMONIA\BACTERIA-1135262-0001.jpeg,dataset_1,PNEUMONIA,BACTERIAL,1,9bf2593745508f3a928790d0960c1839f54162163fca695c8592b2c40f24e184,90bfe712154a3557,False
img_004588,e:\Final_Project\Pnuemonia_Detection\data\raw_datasets\dataset_1\train\PNEUMONIA\VIRUS-149789-0001.jpeg,dataset_1,PNEUMONIA,VIRAL,2,f6c02779638936f0f4669813027a06f98d10978aba3f502ec7cd12b5ba9c33d5,d025c21bc76f386b,False
img_002945,e:\Final_Project\Pnuemonia_Detection\data\raw_datasets\dataset_1\train\PNEUMONIA\BACTERIA-4462203-0003.jpeg,dataset_1,PNEUMONIA,BACTERIAL,1,b9ac725227d0bb67682f4976a16a2728600c7dd3e793f1ee9b860283a8fc63cf,c42f2b0b145d5d6d,False
img_005999,e:\Final_Project\Pnuemonia_Detection\data\raw_datasets\dataset_2\test\NORMAL\NORMAL2-IM-0251-0001.jpeg,dataset_2,NORMAL,NORMAL,0,26996a9fb02df1ce71488e6cc63e477381c3922a8161a34e555861618292f934,d829c21ec65ef447,False
img_000238,e:\Final_Project\Pnuemonia_Detection\data\raw_datasets\dataset_1\test\PNEUMONIA\BACTERIA-1135262-0004.jpeg,dataset_1,PNEUMONIA,BACTERIAL,1,7598c6cb9617667da1fd97858c181d4e4379f4dec019d40c859fcefc3da3b4da,906ee32a9543bb17,False
img_003698,e:\Final_Project\Pnuemonia_Detection\data\raw_datasets\dataset_1\train\PNEUMONIA\BACTERIA-7101544-0001.jpeg,dataset_1,PNEUMONIA,BACTERIAL,1,b3aa2e620a7effc7df50f639b877a32818f1c343c0871f384f97c6d8e5e69128,957c6a2ee10ef24a,False
img_003930,e:\Final_Project\Pnuemonia_Detection\data\raw_datasets\dataset_1\train\PNEUMONIA\BACTERIA-7942103-0006.jpeg,dataset_1,PNEUMONIA,BACTERIAL,1,cc00a5cdfe3da87dc3b0ad5136ae4f29265352325b917095a4c68848edc4aad8,902fe73ed24a19c3,False
img_003006,e:\Final_Project\Pnuemonia_Detection\data\raw_datasets\dataset_1\train\PNEUMONIA\BACTERIA-4641331-0001.jpeg,dataset_1,PNEUMONIA,BACTERIAL,1,6a74854d9c868a1efc14aa3a9704eac58ae4f4f26d037b6a200cdd8f0a9c3fa6,94f0e71bb51fa00d,False
img_005176,e:\Final_Project\Pnuemonia_Detection\data\raw_datasets\dataset_1\train\PNEUMONIA\VIRUS-5390159-0003.jpeg,dataset_1,PNEUMONIA,VIRAL,2,1e8d482f1ea40294a7a42125cf7c3775e1197c0002831636ebbaea369320bb70,c03de34b1ad34f1c,False
img_004476,e:\Final_Project\Pnuemonia_Detection\data\raw_datasets\dataset_1\train\PNEUMONIA\BACTERIA-9856874-0002.jpeg,dataset_1,PNEUMONIA,BACTERIAL,1,250b628161b5ecca99018bfe7da7d80854749715b7dcf1309debe875f7b0393c,957a0a1e5d5e58d2,False
img_001265,e:\Final_Project\Pnuemonia_Detection\data\raw_datasets\dataset_1\train\NORMAL\NORMAL-5401202-0001.jpeg,dataset_1,NORMAL,NORMAL,0,1e4698b8ce0e3e458b9cf154179355c065db94bb1a509c6c0323820efe79dd4b,906dc718cd6d18cf,False
img_003865,e:\Final_Project\Pnuemonia_Detection\data\raw_datasets\dataset_1\train\PNEUMONIA\BACTERIA-772356-0002.jpeg,dataset_1,PNEUMONIA,BACTERIAL,1,126b84e018c65a669c3c0cdccacb3540f42b4c397d7c9de91158f2ca4e8031c6,d03c45ab5d55295d,False
img_005762,e:\Final_Project\Pnuemonia_Detection\data\raw_datasets\dataset_1\train\PNEUMONIA\VIRUS-9361906-0004.jpeg,dataset_1,PNEUMONIA,VIRAL,2,78a149ad4cacf87737443a10a84c423d85d86101275c1909ef03d0d29c3ae556,d02d65071e4e4b3f,False
img_000328,e:\Final_Project\Pnuemonia_Detection\data\raw_datasets\dataset_1\test\PNEUMONIA\BACTERIA-4269599-0007.jpeg,dataset_1,PNEUMONIA,BACTERIAL,1,a900b15067cac7da0eb5f34e535d6cb28cf606fd202f95e0711da97e3ef74e4e,d82de51f450f944b,False
img_003556,e:\Final_Project\Pnuemonia_Detection\data\raw_datasets\dataset_1\train\PNEUMONIA\BACTERIA-6518498-0002.jpeg,dataset_1,PNEUMONIA,BACTERIAL,1,6e0987a0f1aa92c839e1916123720b1db3e03a78e3d1b70f48aca72c10cb5b3f,d13dc61218c76f3c,False
img_003842,e:\Final_Project\Pnuemonia_Detection\data\raw_datasets\dataset_1\train\PNEUMONIA\BACTERIA-7693090-0003.jpeg,dataset_1,PNEUMONIA,BACTERIAL,1,c8f924f89f83108402d38700191d0d664aa845d469fcd2d25ff5528e1d86b8a1,d42bab0f0d4b1dca,False
img_000927,e:\Final_Project\Pnuemonia_Detection\data\raw_datasets\dataset_1\train\NORMAL\NORMAL-3108988-0001.jpeg,dataset_1,NORMAL,NORMAL,0,87aca7c576e9296e18f1ec4d5158621c6fb274dd2ff015fa446555e79bc3cd8f,d47f873b8d0d40c6,False
img_002485,e:\Final_Project\Pnuemonia_Detection\data\raw_datasets\dataset_1\train\PNEUMONIA\BACTERIA-291080-0001.jpeg,dataset_1,PNEUMONIA,BACTERIAL,1,c22ad1a08ae7b9fcb823c48ae3d8686ade58d34871777dd8338e2a30ca8cd229,952f633eca29316a,False
img_005035,e:\Final_Project\Pnuemonia_Detection\data\raw_datasets\dataset_1\train\PNEUMONIA\VIRUS-4603766-0002.jpeg,dataset_1,PNEUMONIA,VIRAL,2,de5c4bf13f58d0f5bc1e89a2cdf7b5be24352888a0c9ab035cdb874ce64c8dfb,813b3be5c74c85b4,False
img_001772,e:\Final_Project\Pnuemonia_Detection\data\raw_datasets\dataset_1\train\NORMAL\NORMAL-8688367-0002.jpeg,dataset_1,NORMAL,NORMAL,0,1a16b093b480b43a18fa92b2bf82482775ca6d1d1c562937bc4360da887667ac,916fc67a4d1d484d,False
img_005810,e:\Final_Project\Pnuemonia_Detection\data\raw_datasets\dataset_1\train\PNEUMONIA\VIRUS-9629926-0003.jpeg,dataset_1,PNEUMONIA,VIRAL,2,564e55d44734f7ba680e4d3a962f166f19dc14a0d9fb7056b4da092ea6b94cac,d464d31bc71fc303,False
img_001651,e:\Final_Project\Pnuemonia_Detection\data\raw_datasets\dataset_1\train\NORMAL\NORMAL-7835976-0001.jpeg,dataset_1,NORMAL,NORMAL,0,f72422f31439856f0573e07b94765b5813aca613d40a5f519752cb4ee1673be0,98f5875a8b4f2817,False
img_005379,e:\Final_Project\Pnuemonia_Detection\data\raw_datasets\dataset_1\train\PNEUMONIA\VIRUS-6680087-0002.jpeg,dataset_1,PNEUMONIA,VIRAL,2,c372926330d655706bba983e731d42504cb8bc907894be316d3f330f2ec421c8,c0eab73db52f2803,False
img_000992,e:\Final_Project\Pnuemonia_Detection\data\raw_datasets\dataset_1\train\NORMAL\NORMAL-3502771-0002.jpeg,dataset_1,NORMAL,NORMAL,0,bce41fb508f5645bbbce33d7f40974a1220d490cc34a63960d0f2d054ba5b826,916dc71e9a4939d1,False
img_000199,e:\Final_Project\Pnuemonia_Detection\data\raw_datasets\dataset_1\test\NORMAL\NORMAL-8278998-0001.jpeg,dataset_1,NORMAL,NORMAL,0,e557f9b883d4bb39f288ca22e98b211d75e26e756cebdc0ce463efd25152b42c,91b5c61aa0cabeda,False
img_000108,e:\Final_Project\Pnuemonia_Detection\data\raw_datasets\dataset_1\test\NORMAL\NORMAL-520267-0001.jpeg,dataset_1,NORMAL,NORMAL,0,7b4863c386e4d822ccdf169c5902e214ca2dbc168242ac45644b5c0c82aeb644,91e8873ae92c796c,False
img_001866,e:\Final_Project\Pnuemonia_Detection\data\raw_datasets\dataset_1\train\NORMAL\NORMAL-9303674-0001.jpeg,dataset_1,NORMAL,NORMAL,0,8ce13f0a76a997a3866254ba3193de3fe2c574a8a2177f36f838e12b824c50bb,917c86388d6939cf,False
img_002865,e:\Final_Project\Pnuemonia_Detection\data\raw_datasets\dataset_1\train\PNEUMONIA\BACTERIA-4241544-0002.jpeg,dataset_1,PNEUMONIA,BACTERIAL,1,29b9a2ec08670b2ab22d26afa15a289e264f774defb9e61c8433bc4d9f478c5a,c43fd30b922596c7,False
img_001793,e:\Final_Project\Pnuemonia_Detection\data\raw_datasets\dataset_1\train\NORMAL\NORMAL-8889439-0001.jpeg,dataset_1,NORMAL,NORMAL,0,24bf494ee99f6ca5fcc1ac024cd8181d30e286d488019b783cde54adc3ecb0ab,812a861ae8f979d7,False
img_002566,e:\Final_Project\Pnuemonia_Detection\data\raw_datasets\dataset_1\train\PNEUMONIA\BACTERIA-3234980-0001.jpeg,dataset_1,PNEUMONIA,BACTERIAL,1,19c4a329b0412a293dde9e0df31557f52a382e1afff6e1bf1526bcb99494c5c6,953fe61ad04b346a,False
img_001857,e:\Final_Project\Pnuemonia_Detection\data\raw_datasets\dataset_1\train\NORMAL\NORMAL-9227372-0001.jpeg,dataset_1,NORMAL,NORMAL,0,5d6d78855fdc1d63a23c42454ba103d1f83aaf93badb6d04da9223241eaf97a8,913aca38d85b1ade,False
img_000215,e:\Final_Project\Pnuemonia_Detection\data\raw_datasets\dataset_1\test\NORMAL\NORMAL-8876914-0001.jpeg,dataset_1,NORMAL,NORMAL,0,2fb690e4b52f2c33ffb39d45544ffc636fe8177dab7ed42902bf3bc9e272bcd7,d461c31bc54cf8d3,False
img_004683,e:\Final_Project\Pnuemonia_Detection\data\raw_datasets\dataset_1\train\PNEUMONIA\VIRUS-2232831-0002.jpeg,dataset_1,PNEUMONIA,VIRAL,2,33a46fb95e5a9ed47c30868a638afd85186f6f4e0b0ab251fef8fc5c0f7b654a,91e1c73e964ab18e,False
img_000405,e:\Final_Project\Pnuemonia_Detection\data\raw_datasets\dataset_1\test\PNEUMONIA\BACTERIA-7257218-0004.jpeg,dataset_1,PNEUMONIA,BACTERIAL,1,47fb2667359228e6952ebc56279455ff452045302961dba24cc6135019e7c365,903beb1eded21c18,False
img_003265,e:\Final_Project\Pnuemonia_Detection\data\raw_datasets\dataset_1\train\PNEUMONIA\BACTERIA-5486482-0001.jpeg,dataset_1,PNEUMONIA,BACTERIAL,1,edf099037f4e4f5cb39e813e30b6bb771604bc5134dba143746ba1530d3f1214,90e596da39693c69,False
img_003869,e:\Final_Project\Pnuemonia_Detection\data\raw_datasets\dataset_1\train\PNEUMONIA\BACTERIA-7736073-0001.jpeg,dataset_1,PNEUMONIA,BACTERIAL,1,8fb6a7ccdef804cd374da3256f3daed335fd20d8e541a1caf0b9b74cf5601eb2,c43be71f48433d92,False
img_001510,e:\Final_Project\Pnuemonia_Detection\data\raw_datasets\dataset_1\train\NORMAL\NORMAL-7019096-0002.jpeg,dataset_1,NORMAL,NORMAL,0,e9fafdc084d22029b0a161d6124cbe4089e1130869cf214339af32375bbffa5e,9d6f871b890dc8c5,False
img_003536,e:\Final_Project\Pnuemonia_Detection\data\raw_datasets\dataset_1\train\PNEUMONIA\BACTERIA-6461260-0001.jpeg,dataset_1,PNEUMONIA,BACTERIAL,1,5c160ad46055c93678f7f5b2c1c30135a993ddba83e9a1b334008341cebcade4,d00fe31fa9682fc1,False
img_003979,e:\Final_Project\Pnuemonia_Detection\data\raw_datasets\dataset_1\train\PNEUMONIA\BACTERIA-8111843-0001.jpeg,dataset_1,PNEUMONIA,BACTERIAL,1,05678524592e52a1efd86a754c8232825f937783ee6efa47c3834f61a07ba4df,d16e0f1a8949fcc6,False
img_000627,e:\Final_Project\Pnuemonia_Detection\data\raw_datasets\dataset_1\train\NORMAL\NORMAL-1014768-0001.jpeg,dataset_1,NORMAL,NORMAL,0,c2c0524d3548280be2eb57f5f6f9d274c063c1316285feb5172eb458768e2e17,d47ec71bbd0d2884,False
img_002903,e:\Final_Project\Pnuemonia_Detection\data\raw_datasets\dataset_1\train\PNEUMONIA\BACTERIA-4368689-0002.jpeg,dataset_1,PNEUMONIA,BACTERIAL,1,006b231a9848f10204bc8c61ca8346d55055a94722353c4fdeefa7cc1ec76b9f,d03ff65b1e48381c,False
img_005217,e:\Final_Project\Pnuemonia_Detection\data\raw_datasets\dataset_1\train\PNEUMONIA\VIRUS-5665836-0001.jpeg,dataset_1,PNEUMONIA,VIRAL,2,da7eaba2632eda6e63cc05e920e15eed8dddae81c1f04a16be59ff247101e12a,9065c71ee839cc3d,False
img_003151,e:\Final_Project\Pnuemonia_Detection\data\raw_datasets\dataset_1\train\PNEUMONIA\BACTERIA-5164118-0002.jpeg,dataset_1,PNEUMONIA,BACTERIAL,1,24fc2530454a992786b00215f86e5f5b1a5694e3a7f277ca37585abc6635fb55,d42aeb0fc7535e40,False
img_000552,e:\Final_Project\Pnuemonia_Detection\data\raw_datasets\dataset_1\test\PNEUMONIA\VIRUS-4911614-0001.jpeg,dataset_1,PNEUMONIA,VIRAL,2,f2b64ae414394bd6fc13523f813e8e61d2e78861e7662698c7ba6ec043136a24,d4f0e30bd34f9807,False
img_004628,e:\Final_Project\Pnuemonia_Detection\data\raw_datasets\dataset_1\train\PNEUMONIA\VIRUS-1765362-0002.jpeg,dataset_1,PNEUMONIA,VIRAL,2,3aa09711f5ef90b1318b5c15d5f0308d17c78d4bc813105574cccb0df85c0da1,811fe21fecc83ce8,False
img_005155,e:\Final_Project\Pnuemonia_Detection\data\raw_datasets\dataset_1\train\PNEUMONIA\VIRUS-5284146-0003.jpeg,dataset_1,PNEUMONIA,VIRAL,2,da443b7904f80a3013488c842783d9456dd6932e65be1c62d288e44f89fec00a,d03bd65e1a4a391e,False
img_000562,e:\Final_Project\Pnuemonia_Detection\data\raw_datasets\dataset_1\test\PNEUMONIA\VIRUS-5741681-0001.jpeg,dataset_1,PNEUMONIA,VIRAL,2,e4b0e865d6209105a3f40167ca5bd1ec8dc1c115d682f35480d5d1fdac88d125,d067e33fa12da825,False
img_003098,e:\Final_Project\Pnuemonia_Detection\data\raw_datasets\dataset_1\train\PNEUMONIA\BACTERIA-5028760-0002.jpeg,dataset_1,PNEUMONIA,BACTERIAL,1,2fad0a2b47a664ddcf1319071f9bf808522d1005bd8725ea4fb328601c2f8033,9075c71ac17bbc4a,False
img_000331,e:\Final_Project\Pnuemonia_Detection\data\raw_datasets\dataset_1\test\PNEUMONIA\BACTERIA-4322734-0001.jpeg,dataset_1,PNEUMONIA,BACTERIAL,1,a4bdb3a253716d9b0c26c5ae14edebcc6b33f72ff02d66d0eaff33d352828282,912fe61ec64b1d4a,False
img_001300,e:\Final_Project\Pnuemonia_Detection\data\raw_datasets\dataset_1\train\NORMAL\NORMAL-5623914-0001.jpeg,dataset_1,NORMAL,NORMAL,0,2464f17522d0dd7544a7686ef747fff683606837d059c273eee9c249aae7f4f9,9d6e461a4f4c786c,False
img_000689,e:\Final_Project\Pnuemonia_Detection\data\raw_datasets\dataset_1\train\NORMAL\NORMAL-1513368-0001.jpeg,dataset_1,NORMAL,NORMAL,0,6b660b7222b1f8a87d2d549dc0181f70ee370213ad664106aad79608fc73ad77,d02bda38f85a1ad6,False
img_005683,e:\Final_Project\Pnuemonia_Detection\data\raw_datasets\dataset_1\train\PNEUMONIA\VIRUS-8716601-0003.jpeg,dataset_1,PNEUMONIA,VIRAL,2,ee4f386c23061ca315821aced57a58b048b5b1c10393b7c0aed3efa81162badd,d97fc61e420b304f,False
img_002763,e:\Final_Project\Pnuemonia_Detection\data\raw_datasets\dataset_1\train\PNEUMONIA\BACTERIA-3863804-0002.jpeg,dataset_1,PNEUMONIA,BACTERIAL,1,da2649dd7931c1cc06b2d36d0e918aa4254feb53afed5c997795723e39f805d7,802e070b1f0f1f7f,False
img_001524,e:\Final_Project\Pnuemonia_Detection\data\raw_datasets\dataset_1\train\NORMAL\NORMAL-7055226-0001.jpeg,dataset_1,NORMAL,NORMAL,0,dd86a73fa10902532b9188995c44e699e6e32d2107bfcec43910c6e64f9aec24,d03cc73ecd1c38cc,False
img_001357,e:\Final_Project\Pnuemonia_Detection\data\raw_datasets\dataset_1\train\NORMAL\NORMAL-5918516-0003.jpeg,dataset_1,NORMAL,NORMAL,0,09b02d53d5a362805172998f01022522adb8ae0ebf899a5e44d9905b5bdb20ac,9139c65a9cc93db4,False
img_000044,e:\Final_Project\Pnuemonia_Detection\data\raw_datasets\dataset_1\test\NORMAL\NORMAL-2771774-0001.jpeg,dataset_1,NORMAL,NORMAL,0,462097a224b7f412afb0f207fa41f40b154c6faa3ad31ed909d7b8e7ec2f012d,d0f6c71bc50d318e,False
img_004896,e:\Final_Project\Pnuemonia_Detection\data\raw_datasets\dataset_1\train\PNEUMONIA\VIRUS-3686166-0001.jpeg,dataset_1,PNEUMONIA,VIRAL,2,b787fb9dddd142ff2cf8256415ae0ca1bc0e78bf001d80a1121f578aac9db427,d73c6669794a6912,False
img_002700,e:\Final_Project\Pnuemonia_Detection\data\raw_datasets\dataset_1\train\PNEUMONIA\BACTERIA-3690280-0001.jpeg,dataset_1,PNEUMONIA,BACTERIAL,1,b1d49360c113a4ec3cacfd0085e46e5535eb90273e8d20e695790c0db81f81c6,813b6a5e581a7d1d,False
img_003514,e:\Final_Project\Pnuemonia_Detection\data\raw_datasets\dataset_1\train\PNEUMONIA\BACTERIA-6377840-0002.jpeg,dataset_1,PNEUMONIA,BACTERIAL,1,4709e4b68ae43b93de87056ea8366822c4ea6fe365b7ae86d13fde843de5f899,d06fe55f9c0d1d80,False
img_004694,e:\Final_Project\Pnuemonia_Detection\data\raw_datasets\dataset_1\train\PNEUMONIA\VIRUS-2365050-0002.jpeg,dataset_1,PNEUMONIA,VIRAL,2,da612792f5b6abe44e4385e19005f006bd483de29218adbec0c67d8aad8ac79d,81a9e20ebeca1ef8,False
img_005510,e:\Final_Project\Pnuemonia_Detection\data\raw_datasets\dataset_1\train\PNEUMONIA\VIRUS-7630183-0009.jpeg,dataset_1,PNEUMONIA,VIRAL,2,81a3dd673ff0a7889335b1a603e0b8b790782d6848106f876b6694bef24facaa,d4fee31fa1091aa1,False
img_000243,e:\Final_Project\Pnuemonia_Detection\data\raw_datasets\dataset_1\test\PNEUMONIA\BACTERIA-1351146-0004.jpeg,dataset_1,PNEUMONIA,BACTERIAL,1,b38df16f973cd6b70537fdc4097f29bb05677557dd05c924b5fd7c8d8d308ab3,94696b3ec31cd50e,False
img_001142,e:\Final_Project\Pnuemonia_Detection\data\raw_datasets\dataset_1\train\NORMAL\NORMAL-445267-0001.jpeg,dataset_1,NORMAL,NORMAL,0,e485dc38355f63bfdb4f1ddb55fdfd42e7cff496af68638661141b965afdd761,c020c34bbeea3fd4,False
img_004184,e:\Final_Project\Pnuemonia_Detection\data\raw_datasets\dataset_1\train\PNEUMONIA\BACTERIA-8705009-0003.jpeg,dataset_1,PNEUMONIA,BACTERIAL,1,d53416e3940000f7ec44b0a27dc71209081b24a484c7dfa2819fe78991f6a78c,d13be20e58691d79,False
img_003520,e:\Final_Project\Pnuemonia_Detection\data\raw_datasets\dataset_1\train\PNEUMONIA\BACTERIA-6398913-0001.jpeg,dataset_1,PNEUMONIA,BACTERIAL,1,6a9b3aa63bc05d25a9189c424d87703b769d4f1e1fe0b5796a875620df63a8e4,d052c31be92dbc65,False
img_004815,e:\Final_Project\Pnuemonia_Detection\data\raw_datasets\dataset_1\train\PNEUMONIA\VIRUS-309179-0002.jpeg,dataset_1,PNEUMONIA,VIRAL,2,8eeb36befcf4381aa93120c4bb883ac55a475d430868a5bd6e9ce345bf93eaa8,9561e73ac23a954e,False
img_002465,e:\Final_Project\Pnuemonia_Detection\data\raw_datasets\dataset_1\train\PNEUMONIA\BACTERIA-2820875-0001.jpeg,dataset_1,PNEUMONIA,BACTERIAL,1,063523bfdfc4951995e5f7b97131cfd4d065a9856687fa7d8fbcf7354bb4a76e,90abe33afacb3830,False
img_001680,e:\Final_Project\Pnuemonia_Detection\data\raw_datasets\dataset_1\train\NORMAL\NORMAL-8090996-0001.jpeg,dataset_1,NORMAL,NORMAL,0,9a14e2196992dc9d6a3590e48ac793e3a1c2a0d6c1ea5dcfa724588b91ba11c9,c56fc30bc919d2c3,False
img_004262,e:\Final_Project\Pnuemonia_Detection\data\raw_datasets\dataset_1\train\PNEUMONIA\BACTERIA-9044474-0006.jpeg,dataset_1,PNEUMONIA,BACTERIAL,1,6b265a8fa60eb440e5be3a5f2f1b10f0c9e671ac6d4089ce603b34e979da1674,d02ae35fc64b1e43,False
img_001273,e:\Final_Project\Pnuemonia_Detection\data\raw_datasets\dataset_1\train\NORMAL\NORMAL-5426353-0003.jpeg,dataset_1,NORMAL,NORMAL,0,6d81cd5d7ddf653eda70bf8bc461b2e62f83d41082cefe2e8ea7c1f896e099c8,9139c71e9ec80bb9,False
img_003015,e:\Final_Project\Pnuemonia_Detection\data\raw_datasets\dataset_1\train\PNEUMONIA\BACTERIA-4671230-0003.jpeg,dataset_1,PNEUMONIA,BACTERIAL,1,864a1f84332041162c4e5e24b3d1e66f838377426fb39333e76f6dfe32caf2b3,9de468e7aae261a1,False
img_001714,e:\Final_Project\Pnuemonia_Detection\data\raw_datasets\dataset_1\train\NORMAL\NORMAL-8313724-0002.jpeg,dataset_1,NORMAL,NORMAL,0,68d6a489fb88186548bdf3d025a823ae2e7056bc5adec25123c6f95d98298339,d46c872f2d4d2ccc,False
img_005877,e:\Final_Project\Pnuemonia_Detection\data\raw_datasets\dataset_2\test\NORMAL\IM-0028-0001.jpeg,dataset_2,NORMAL,NORMAL,0,45117d08a44f6b4d8fdc6747f7e42a9690eba431f5977f1cb06254dea3243650,95ec871b474d1b4c,False
img_003572,e:\Final_Project\Pnuemonia_Detection\data\raw_datasets\dataset_1\train\PNEUMONIA\BACTERIA-6552287-0002.jpeg,dataset_1,PNEUMONIA,BACTERIAL,1,677b58251591281596611fea8695aa26385675dc08b27d43b847e59466204e71,903bd61c581517f7,False
img_001754,e:\Final_Project\Pnuemonia_Detection\data\raw_datasets\dataset_1\train\NORMAL\NORMAL-8594914-0001.jpeg,dataset_1,NORMAL,NORMAL,0,cdc5742052c82c58e8e53e45f31d2f6a95b1d5a3314f3f5d076fb3cc3e917a47,c06cc75bcde549c1,False
img_005374,e:\Final_Project\Pnuemonia_Detection\data\raw_datasets\dataset_1\train\PNEUMONIA\VIRUS-666371-0002.jpeg,dataset_1,PNEUMONIA,VIRAL,2,18499abf5c03067165e02de56170914d3d8ee4581a85848eff0dfb20317de67c,8071e36f3dc54e38,False
img_004877,e:\Final_Project\Pnuemonia_Detection\data\raw_datasets\dataset_1\train\PNEUMONIA\VIRUS-3590786-0004.jpeg,dataset_1,PNEUMONIA,VIRAL,2,1a6a466d7fc5b412fff86265d31deec9279764b8fd7fcfecaa9e7f48d1cdffbb,d42af71fe02a1655,False
img_004082,e:\Final_Project\Pnuemonia_Detection\data\raw_datasets\dataset_1\train\PNEUMONIA\BACTERIA-843966-0001.jpeg,dataset_1,PNEUMONIA,BACTERIAL,1,b9b5307a958c4f31889b017315938cca812aa9bfbc441ea9d15f88db2f0a81db,91f6e63aed38a068,False
img_005801,e:\Final_Project\Pnuemonia_Detection\data\raw_datasets\dataset_1\train\PNEUMONIA\VIRUS-9597998-0007.jpeg,dataset_1,PNEUMONIA,VIRAL,2,83224105cc8d4b877dfcef80dfa5a6bf4a46c66b0a7dae5f412febeea47c9892,d1afc61a854a3d4b,False
img_002047,e:\Final_Project\Pnuemonia_Detection\data\raw_datasets\dataset_1\train\PNEUMONIA\BACTERIA-1199786-0002.jpeg,dataset_1,PNEUMONIA,BACTERIAL,1,6544fbff9c85e4721de9f746d9c2d4056e11dfb15b2db253153d161e4bb245a4,94ebeb2e421e5a1a,False
img_000608,e:\Final_Project\Pnuemonia_Detection\data\raw_datasets\dataset_1\test\PNEUMONIA\VIRUS-8574414-0001.jpeg,dataset_1,PNEUMONIA,VIRAL,2,dd77f9588d9f1cf925b0e8997dbc04a2f010c0caeefe502d0d60d96ae41885ce,9127c71ee46a3cca,False
img_003580,e:\Final_Project\Pnuemonia_Detection\data\raw_datasets\dataset_1\train\PNEUMONIA\BACTERIA-6565531-0004.jpeg,dataset_1,PNEUMONIA,BACTERIAL,1,b902b5f1edf49636387aca3da63a296a4296231e382ba934dc121f0441d2d5aa,983aef96ca3b9301,False
img_000774,e:\Final_Project\Pnuemonia_Detection\data\raw_datasets\dataset_1\train\NORMAL\NORMAL-2180796-0001.jpeg,dataset_1,NORMAL,NORMAL,0,914d42a42d2828869a03c8a18d2b420b9706ecd5566eea05959e28376f9484b5,9829e21aeb793c69,False
img_003018,e:\Final_Project\Pnuemonia_Detection\data\raw_datasets\dataset_1\train\PNEUMONIA\BACTERIA-4687423-0001.jpeg,dataset_1,PNEUMONIA,BACTERIAL,1,a049308a675d3e3c8e95b7b1e73f29919d1ca72fa0acc363c5021f4b9ce13ec6,95aae2401cca5f7d,False
img_002200,e:\Final_Project\Pnuemonia_Detection\data\raw_datasets\dataset_1\train\PNEUMONIA\BACTERIA-1876009-0001.jpeg,dataset_1,PNEUMONIA,BACTERIAL,1,3705f2e2ea2529f1bbc7e34ba9a2e8898a7cf87142e236bde443da33285c6054,916ea71a877b270c,False
img_000298,e:\Final_Project\Pnuemonia_Detection\data\raw_datasets\dataset_1\test\PNEUMONIA\BACTERIA-3865791-0005.jpeg,dataset_1,PNEUMONIA,BACTERIAL,1,de151bb7d4295ba22229d9785fc39739b3f2ca387b10dd7be661528f494b1db4,986aa70b8179e57a,False
img_001200,e:\Final_Project\Pnuemonia_Detection\data\raw_datasets\dataset_1\train\NORMAL\NORMAL-483610-0001.jpeg,dataset_1,NORMAL,NORMAL,0,00457a8bb2895cfe0466e810aed94939da43ce7ac0b96a7d0814a63409577e3a,d12cc63afc6838ec,False
img_000178,e:\Final_Project\Pnuemonia_Detection\data\raw_datasets\dataset_1\test\NORMAL\NORMAL-7236364-0001.jpeg,dataset_1,NORMAL,NORMAL,0,1d48d33c762a63fc1029606c7ce3364bc106a5dd3a30121b8da0373701e2ce49,996e0653475e1b4e,False
img_000619,e:\Final_Project\Pnuemonia_Detection\data\raw_datasets\dataset_1\test\PNEUMONIA\VIRUS-9564688-0002.jpeg,dataset_1,PNEUMONIA,VIRAL,2,b7d84b34a5a7bf5f5cd2d46bb1c6e822ebcdabecc7f9e84bfc995a9e2a9d3dba,d46de71a9f613824,False
img_003689,e:\Final_Project\Pnuemonia_Detection\data\raw_datasets\dataset_1\train\PNEUMONIA\BACTERIA-7051263-0001.jpeg,dataset_1,PNEUMONIA,BACTERIAL,1,a42d70b3e44c9f108aeaf5518a5e396706412b5246d9d3c17a1429ffaacb4d94,d42ce21fcb1b3c4a,False
img_005805,e:\Final_Project\Pnuemonia_Detection\data\raw_datasets\dataset_1\train\PNEUMONIA\VIRUS-9613951-0001.jpeg,dataset_1,PNEUMONIA,VIRAL,2,c08cb2665e4c8368315004177a4ab17a31a4669bdbe77fcd6cab99acbf2f3813,907b471e5e4b1d49,False
img_003650,e:\Final_Project\Pnuemonia_Detection\data\raw_datasets\dataset_1\train\PNEUMONIA\BACTERIA-6869947-0001.jpeg,dataset_1,PNEUMONIA,BACTERIAL,1,84de4ecb2e2656b95ef173eeba8d70fb9b98d281a9dfd3c9ea3895056edd9163,d025c71ef8693d49,False
img_004053,e:\Final_Project\Pnuemonia_Detection\data\raw_datasets\dataset_1\train\PNEUMONIA\BACTERIA-8324394-0001.jpeg,dataset_1,PNEUMONIA,BACTERIAL,1,47039d15b3254f334721b7f6a1288f1e037ef8c29e09dcb00d35a261aef7ed2d,c03f614f1a6c1e4f,False
img_000694,e:\Final_Project\Pnuemonia_Detection\data\raw_datasets\dataset_1\train\NORMAL\NORMAL-1533758-0001.jpeg,dataset_1,NORMAL,NORMAL,0,e4d0ad2caec13cb2f69f082fa7e3beb35afe9e179befc5fae6fff92d1881c982,d464c34fcd6d38e0,False
img_003578,e:\Final_Project\Pnuemonia_Detection\data\raw_datasets\dataset_1\train\PNEUMONIA\BACTERIA-6565531-0002.jpeg,dataset_1,PNEUMONIA,BACTERIAL,1,c228ab4f576f197cb674c59aa13dbccffc46b4fcc45b93ae495bf7f3d775b161,8a3d570a556d517a,False
img_000877,e:\Final_Project\Pnuemonia_Detection\data\raw_datasets\dataset_1\train\NORMAL\NORMAL-2699389-0001.jpeg,dataset_1,NORMAL,NORMAL,0,e1c6816723cc6c558db3c58ac446c2ca6fd30ff8517f1a08aa99873ed65bb042,d03dc71dcccd18d2,False
img_001286,e:\Final_Project\Pnuemonia_Detection\data\raw_datasets\dataset_1\train\NORMAL\NORMAL-5514751-0001.jpeg,dataset_1,NORMAL,NORMAL,0,9fe27151176acba965192a35c57576cea477d74b3fbfe3963a0e107503d25380,d47e871f8d0c1ccc,False
img_004648,e:\Final_Project\Pnuemonia_Detection\data\raw_datasets\dataset_1\train\PNEUMONIA\VIRUS-1884647-0006.jpeg,dataset_1,PNEUMONIA,VIRAL,2,6a32eeab408a2d7ea4f4777ccd0dafa53b184c0e3d793e5d21f0532ad5927304,9174c21bdb1fa44b,False
img_000837,e:\Final_Project\Pnuemonia_Detection\data\raw_datasets\dataset_1\train\NORMAL\NORMAL-2481508-0001.jpeg,dataset_1,NORMAL,NORMAL,0,caba08d6e3dfddba5aa5c23c7458e20d8d0e3e33b50b5147a9175422014e605b,816ece7a4d4949c7,False
img_003319,e:\Final_Project\Pnuemonia_Detection\data\raw_datasets\dataset_1\train\PNEUMONIA\BACTERIA-5628383-0003.jpeg,dataset_1,PNEUMONIA,BACTERIAL,1,9648b9a6e5d74c0867ace12e256818de43c138e512e4aeb61ae88ff9825ec75e,dc08c71e494d3ceb,False
img_002431,e:\Final_Project\Pnuemonia_Detection\data\raw_datasets\dataset_1\train\PNEUMONIA\BACTERIA-2696292-0001.jpeg,dataset_1,PNEUMONIA,BACTERIAL,1,06e2cbe322dce53e81bb6bf3f927d08872ab99387ba270ca29da1c8999a54d3c,d12be216d24d5cc7,False
img_004492,e:\Final_Project\Pnuemonia_Detection\data\raw_datasets\dataset_1\train\PNEUMONIA\BACTERIA-9917261-0001.jpeg,dataset_1,PNEUMONIA,BACTERIAL,1,8e00cc66527c473b599fed4bb8fc76d56ebc54ff12b3cf429297783fdadf1c37,906be73ed61e1852,False
img_001734,e:\Final_Project\Pnuemonia_Detection\data\raw_datasets\dataset_1\train\NORMAL\NORMAL-8412621-0001.jpeg,dataset_1,NORMAL,NORMAL,0,a0cfb7950dd7ce0e7853009219d1f6d5c52f00489d046990eea9fc1520f742bd,816f8f5b41454bc7,False
img_003597,e:\Final_Project\Pnuemonia_Detection\data\raw_datasets\dataset_1\train\PNEUMONIA\BACTERIA-6659861-0001.jpeg,dataset_1,PNEUMONIA,BACTERIAL,1,8e98efc8a4bfbf3055a21eec308edcbb7d61289e43eb082df88c59a4cbc8a90b,9c64e716c31eb147,False
img_004124,e:\Final_Project\Pnuemonia_Detection\data\raw_datasets\dataset_1\train\PNEUMONIA\BACTERIA-8545367-0001.jpeg,dataset_1,PNEUMONIA,BACTERIAL,1,cb24c025848aff2835dcd922ac9dfdb76e6802217fce99d550af02b1a1fb75ef,9468a77ec3974b81,False
img_002661,e:\Final_Project\Pnuemonia_Detection\data\raw_datasets\dataset_1\train\PNEUMONIA\BACTERIA-3504519-0001.jpeg,dataset_1,PNEUMONIA,BACTERIAL,1,8cfd451363357bc8b69ee930e351dfa59cc3760d7062a2efb1a4336b722da05c,c474925b93cb6993,False
img_002130,e:\Final_Project\Pnuemonia_Detection\data\raw_datasets\dataset_1\train\PNEUMONIA\BACTERIA-1620679-0004.jpeg,dataset_1,PNEUMONIA,BACTERIAL,1,0b0ad4fb744ad93100c938667237398958256f7f52764d13245c4c9a83473452,916fe61ad8523cd2,False
img_001582,e:\Final_Project\Pnuemonia_Detection\data\raw_datasets\dataset_1\train\NORMAL\NORMAL-7327513-0002.jpeg,dataset_1,NORMAL,NORMAL,0,b670f35cbc2392fa20d556f90a09535a8ed3fa401e1f83930c504dfab38e4ade,943fc31f9cf01896,False
img_000966,e:\Final_Project\Pnuemonia_Detection\data\raw_datasets\dataset_1\train\NORMAL\NORMAL-3375999-0001.jpeg,dataset_1,NORMAL,NORMAL,0,145cbbf48eb3ba29835daa04bd1d07128023b00feaed5d23159fa15d24dcab2b,d16fce4a1d4133c3,False
img_002710,e:\Final_Project\Pnuemonia_Detection\data\raw_datasets\dataset_1\train\PNEUMONIA\BACTERIA-3690865-0003.jpeg,dataset_1,PNEUMONIA,BACTERIAL,1,36755a0703cbb78f33d443da5f32c8161dfa114df827265db811876adfa50cc7,947ea20b073e617e,False
img_000811,e:\Final_Project\Pnuemonia_Detection\data\raw_datasets\dataset_1\train\NORMAL\NORMAL-2337422-0001.jpeg,dataset_1,NORMAL,NORMAL,0,4afe6a39366f3f4bc2eafaa1260a516f8b8b6510598f7b539fadd11c9a6010d9,d12bc25b1e68795c,False
img_001013,e:\Final_Project\Pnuemonia_Detection\data\raw_datasets\dataset_1\train\NORMAL\NORMAL-3665449-0001.jpeg,dataset_1,NORMAL,NORMAL,0,14ba277c47878c10de03c71a0d98b62cb92f8b224d5c302a76d632992ce53f3e,d46eaf2b0f2e2846,False
img_001971,e:\Final_Project\Pnuemonia_Detection\data\raw_datasets\dataset_1\train\NORMAL\NORMAL-9987806-0002.jpeg,dataset_1,NORMAL,NORMAL,0,77a4a9fa93cb14ca4337b021e5a74ce270df8680a533968c327b4c77e1e89e81,d43dc21fad2c3c64,False
img_000561,e:\Final_Project\Pnuemonia_Detection\data\raw_datasets\dataset_1\test\PNEUMONIA\VIRUS-5708148-0002.jpeg,dataset_1,PNEUMONIA,VIRAL,2,50e5be4e3211ed4f9aef99359e22bbf3f6f9f6e32063b11f7daa7af88d58de92,d4f4e71b910bb08b,False
img_002322,e:\Final_Project\Pnuemonia_Detection\data\raw_datasets\dataset_1\train\PNEUMONIA\BACTERIA-229708-0001.jpeg,dataset_1,PNEUMONIA,BACTERIAL,1,88d203bb0cc5b5ece8a4afee9bf0a6ca42f7f7c0685351cb754c47aa34f1c408,916ec758450b59cf,False
img_002329,e:\Final_Project\Pnuemonia_Detection\data\raw_datasets\dataset_1\train\PNEUMONIA\BACTERIA-2326789-0001.jpeg,dataset_1,PNEUMONIA,BACTERIAL,1,97b4eb6fc1432bd186901546d4301f1d06094bcf4ef52097793a6985a191e049,d42b830b4d4f5d47,False
img_000682,e:\Final_Project\Pnuemonia_Detection\data\raw_datasets\dataset_1\train\NORMAL\NORMAL-1482788-0001.jpeg,dataset_1,NORMAL,NORMAL,0,19183f05ee5f9b84e1b29849e4d3be9543e6c8133feefb035820c3f7ea9eb4e5,d57e872f0d2d0cc4,False
img_004528,e:\Final_Project\Pnuemonia_Detection\data\raw_datasets\dataset_1\train\PNEUMONIA\VIRUS-1112694-0002.jpeg,dataset_1,PNEUMONIA,VIRAL,2,498a5e0f259ef9ed62db9e28336c8e31b02eb9a900fba7643f58a064e38bb83a,d0ffef1a820f18c1,False
img_002464,e:\Final_Project\Pnuemonia_Detection\data\raw_datasets\dataset_1\train\PNEUMONIA\BACTERIA-2819354-0001.jpeg,dataset_1,PNEUMONIA,BACTERIAL,1,f4c04226dd96277ce2ee1ce3e28d5f1f97807f8146293e5eba193c25dba4588c,917f50504b5f6a2b,False
img_001310,e:\Final_Project\Pnuemonia_Detection\data\raw_datasets\dataset_1\train\NORMAL\NORMAL-5659176-0001.jpeg,dataset_1,NORMAL,NORMAL,0,8fab1d7bad15c32e8ce2044dfeb22ff3c66f3150a0d514d3ee14c0523cc0e634,d074c63ab92d3cc6,False
img_005723,e:\Final_Project\Pnuemonia_Detection\data\raw_datasets\dataset_1\train\PNEUMONIA\VIRUS-9046262-0003.jpeg,dataset_1,PNEUMONIA,VIRAL,2,08a20c73d352bb407ea21adbc2460f3c5d1c280d95b2fb38b419a93ec7915d0b,d46de33fe92ca808,False
img_004403,e:\Final_Project\Pnuemonia_Detection\data\raw_datasets\dataset_1\train\PNEUMONIA\BACTERIA-9550884-0002.jpeg,dataset_1,PNEUMONIA,BACTERIAL,1,b5315f6bcd04b435598527e3a8c0c8d378cfff90acd0acb40e076836357c8dbc,806fee58c548e8dd,False
img_000138,e:\Final_Project\Pnuemonia_Detection\data\raw_datasets\dataset_1\test\NORMAL\NORMAL-6000527-0001.jpeg,dataset_1,NORMAL,NORMAL,0,27af090581d985818891a06b6dc219b6b4daefdc9873e857120f8c84e89790d7,d02dc73ecd691c4c,False
img_003052,e:\Final_Project\Pnuemonia_Detection\data\raw_datasets\dataset_1\train\PNEUMONIA\BACTERIA-4815049-0003.jpeg,dataset_1,PNEUMONIA,BACTERIAL,1,7e0aa30df16718e6efe0e345769d4c46541441e3efaa4019bd0475ffff72471b,913bef3ec41a38c2,False
img_000757,e:\Final_Project\Pnuemonia_Detection\data\raw_datasets\dataset_1\train\NORMAL\NORMAL-202916-0001.jpeg,dataset_1,NORMAL,NORMAL,0,d88e735915c58420f0fb7e30da742e8c573e7e8aa264a8e72a137befd2842c59,91a9c61acd79594d,False
img_002598,e:\Final_Project\Pnuemonia_Detection\data\raw_datasets\dataset_1\train\PNEUMONIA\BACTERIA-3315173-0001.jpeg,dataset_1,PNEUMONIA,BACTERIAL,1,1b2d1bcd0c9d3535c4789a02f0d4f0191211a04ad93dd1a836499df12d295424,81a81f191f1e3d5e,False
img_004894,e:\Final_Project\Pnuemonia_Detection\data\raw_datasets\dataset_1\train\PNEUMONIA\VIRUS-3659373-0001.jpeg,dataset_1,PNEUMONIA,VIRAL,2,46650984c93fea9080bb95100c7fae0669ca84f37d9b8d866c20f4f314ba584f,91a5c71ee01ff44a,False
img_000886,e:\Final_Project\Pnuemonia_Detection\data\raw_datasets\dataset_1\train\NORMAL\NORMAL-275284-0001.jpeg,dataset_1,NORMAL,NORMAL,0,b738332b9768b28fca8cab6c9848613f7c65e25c7aaccdb1c9c01f01eaecb0af,917f8f1a0d0d58c7,False
img_001231,e:\Final_Project\Pnuemonia_Detection\data\raw_datasets\dataset_1\train\NORMAL\NORMAL-5087693-0001.jpeg,dataset_1,NORMAL,NORMAL,0,8c89b32fb6f27757cbf7d7cac5fbc3d7a7d8c14402a55e4c5410955ec5dcf32b,d12bc23bfc693960,False
img_001441,e:\Final_Project\Pnuemonia_Detection\data\raw_datasets\dataset_1\train\NORMAL\NORMAL-6593605-0002.jpeg,dataset_1,NORMAL,NORMAL,0,d0dc888c1c05bff09aa9f0dbfb779547636d96764d801ffa99f574c6d53e5415,912bca1ad8499fda,False
img_002310,e:\Final_Project\Pnuemonia_Detection\data\raw_datasets\dataset_1\train\PNEUMONIA\BACTERIA-2214041-0002.jpeg,dataset_1,PNEUMONIA,BACTERIAL,1,f72fe37827b5094cda808088fec41f5aabbfe022af6f8e46d79fcd8075725c9c,946e8718c57d6c96,False
img_000237,e:\Final_Project\Pnuemonia_Detection\data\raw_datasets\dataset_1\test\PNEUMONIA\BACTERIA-1135262-0003.jpeg,dataset_1,PNEUMONIA,BACTERIAL,1,4bc44b50e807ef8dbfe2f8c9fdfaefc4a2e84f64928dac37854309b0187191f8,943ee31a174a393d,False
img_001742,e:\Final_Project\Pnuemonia_Detection\data\raw_datasets\dataset_1\train\NORMAL\NORMAL-8472654-0001.jpeg,dataset_1,NORMAL,NORMAL,0,53d46343564c0fb9a5f0c64f794145d1a3ec7f80f2a758673bfe67069b324cd3,d12cc61bbc6b3869,False
img_004944,e:\Final_Project\Pnuemonia_Detection\data\raw_datasets\dataset_1\train\PNEUMONIA\VIRUS-391346-0002.jpeg,dataset_1,PNEUMONIA,VIRAL,2,954027e40c01c1d88a979adc00c2b45679a1e2572c0154c8933000c8fa55bdb7,db69a9e1a83ce0b4,False
img_002899,e:\Final_Project\Pnuemonia_Detection\data\raw_datasets\dataset_1\train\PNEUMONIA\BACTERIA-4360178-0001.jpeg,dataset_1,PNEUMONIA,BACTERIAL,1,6d96ec1d5ab07440bc593163ac1210dd42ec982ee60ba8eec758f1f682cb9201,91fbc714445e7a43,False
img_001066,e:\Final_Project\Pnuemonia_Detection\data\raw_datasets\dataset_1\train\NORMAL\NORMAL-390699-0001.jpeg,dataset_1,NORMAL,NORMAL,0,4c092b142899ca4e383a6c3dd4112f21aa2f2c8e85fe55d780e0cb5b89299865,912bc70a9ee959c5,False
img_003072,e:\Final_Project\Pnuemonia_Detection\data\raw_datasets\dataset_1\train\PNEUMONIA\BACTERIA-4965672-0001.jpeg,dataset_1,PNEUMONIA,BACTERIAL,1,929bf066460cf1baa7db8b6e6901a2c8658a1db331a68cf684d9d8e7921dbc91,d46ea32f0f033d34,False
img_003555,e:\Final_Project\Pnuemonia_Detection\data\raw_datasets\dataset_1\train\PNEUMONIA\BACTERIA-6518498-0001.jpeg,dataset_1,PNEUMONIA,BACTERIAL,1,3c44421624b3a5d20e4ef3f41c2ba30ef032bf1a919b953cb0631a7d128da9b5,c03de69abae02b3c,False
img_002030,e:\Final_Project\Pnuemonia_Detection\data\raw_datasets\dataset_1\train\PNEUMONIA\BACTERIA-1117098-0001.jpeg,dataset_1,PNEUMONIA,BACTERIAL,1,a96c3e944b8c6e7bbd3f17c31b47a7e3ed849129438928dbf02290f65a7a9410,d02dff169ac31a0e,False
img_005402,e:\Final_Project\Pnuemonia_Detection\data\raw_datasets\dataset_1\train\PNEUMONIA\VIRUS-6801028-0002.jpeg,dataset_1,PNEUMONIA,VIRAL,2,cef93cd2801540208482fff15bf53437aaa4ca3021892eef82cba9ed32a48961,d035e33f864b38c3,False
img_002963,e:\Final_Project\Pnuemonia_Detection\data\raw_datasets\dataset_1\train\PNEUMONIA\BACTERIA-4531690-0001.jpeg,dataset_1,PNEUMONIA,BACTERIAL,1,695f973e0e804523aebe9faec393f950af3ea55a42af37da09c05d2f054964e7,c0abd65fc2283db8,False
img_004793,e:\Final_Project\Pnuemonia_Detection\data\raw_datasets\dataset_1\train\PNEUMONIA\VIRUS-2949827-0008.jpeg,dataset_1,PNEUMONIA,VIRAL,2,187f3d42549bf9659815901264cd6d1d76dec6daf11f0f17f5ccc5e379c693e2,d46be33e836b3860,False
img_000025,e:\Final_Project\Pnuemonia_Detection\data\raw_datasets\dataset_1\test\NORMAL\NORMAL-1858497-0001.jpeg,dataset_1,NORMAL,NORMAL,0,f4011ac2ad4623b36aaf9a795e47232c62fbaa6071171903024b2df94ef9b37e,d034c21fbfcb3d10,False
img_005597,e:\Final_Project\Pnuemonia_Detection\data\raw_datasets\dataset_1\train\PNEUMONIA\VIRUS-8235483-0001.jpeg,dataset_1,PNEUMONIA,VIRAL,2,1a31f373d7ed888f420a7eec428ac89e9184e1cfacde5b7647add5513f82d86f,d4a8e31febaf2880,False
img_000712,e:\Final_Project\Pnuemonia_Detection\data\raw_datasets\dataset_1\train\NORMAL\NORMAL-1699306-0001.jpeg,dataset_1,NORMAL,NORMAL,0,f4b1638053b746459187916418beed996c9bbcf1801ec9b6468c4e24e45b8076,d02ce73be9293c4c,False
img_002209,e:\Final_Project\Pnuemonia_Detection\data\raw_datasets\dataset_1\train\PNEUMONIA\BACTERIA-1906973-0001.jpeg,dataset_1,PNEUMONIA,BACTERIAL,1,0a03106be59f60bea34c054b14179c0c1ee735b69fd7b579fc42453c35bd17ae,983965411f75d663,False
img_001000,e:\Final_Project\Pnuemonia_Detection\data\raw_datasets\dataset_1\train\NORMAL\NORMAL-3526928-0001.jpeg,dataset_1,NORMAL,NORMAL,0,d2f17a0d6ffa37a878ce89083d84f18ceb45644ddbac1977029c881687edbda5,d068c679c43c7cce,False
img_002068,e:\Final_Project\Pnuemonia_Detection\data\raw_datasets\dataset_1\train\PNEUMONIA\BACTERIA-1334718-0001.jpeg,dataset_1,PNEUMONIA,BACTERIAL,1,ac24d6690ea78affb31390ac0797fb4b95e1d24298a318d25eb5ea4250f27e91,957ac018994f3d1f,False
img_005668,e:\Final_Project\Pnuemonia_Detection\data\raw_datasets\dataset_1\train\PNEUMONIA\VIRUS-8659640-0002.jpeg,dataset_1,PNEUMONIA,VIRAL,2,096cd320e73e0193ae2c2157291c67928f4fbb7b11eb9c34209f45d6538642fb,d02dc23abf683c69,False
img_000338,e:\Final_Project\Pnuemonia_Detection\data\raw_datasets\dataset_1\test\PNEUMONIA\BACTERIA-5141192-0001.jpeg,dataset_1,PNEUMONIA,BACTERIAL,1,ebb48150305896a7a88ebd13191ac357dcca9ea6d8cfdebea85f4e2f88c634de,d17ffe5858483918,False
img_000800,e:\Final_Project\Pnuemonia_Detection\data\raw_datasets\dataset_1\train\NORMAL\NORMAL-2285600-0002.jpeg,dataset_1,NORMAL,NORMAL,0,7dd57ae04cc345e05ea0fe634f1e229b208a818d531a53c19498698d9defefc8,91f8961a919db197,False
img_002907,e:\Final_Project\Pnuemonia_Detection\data\raw_datasets\dataset_1\train\PNEUMONIA\BACTERIA-4371619-0003.jpeg,dataset_1,PNEUMONIA,BACTERIAL,1,6fe221dde05184b9c9778dd2129f1543adfc97f818707130cad51a5f5449f707,d46b270f073c0a7d,False
img_004248,e:\Final_Project\Pnuemonia_Detection\data\raw_datasets\dataset_1\train\PNEUMONIA\BACTERIA-8982418-0001.jpeg,dataset_1,PNEUMONIA,BACTERIAL,1,a35d43d9f31a2faaf1310b75f6259f840000bf5e7595bb483071d0ddacb19aac,983ee1e40f3ce4c6,False
img_004379,e:\Final_Project\Pnuemonia_Detection\data\raw_datasets\dataset_1\train\PNEUMONIA\BACTERIA-9480095-0001.jpeg,dataset_1,PNEUMONIA,BACTERIAL,1,749d1afbd0f53c640ff4d83d54bf82c63b3f8e44c2eb13f1f9d532acbba4f777,9025e73ec62aba6a,False
img_000502,e:\Final_Project\Pnuemonia_Detection\data\raw_datasets\dataset_1\test\PNEUMONIA\VIRUS-258000-0001.jpeg,dataset_1,PNEUMONIA,VIRAL,2,36ff1475e02b40a2e47ff11e9d480419c8baf3657bc018ba520514ba26cbeb70,9066d67acf39a50c,False
img_001767,e:\Final_Project\Pnuemonia_Detection\data\raw_datasets\dataset_1\train\NORMAL\NORMAL-8652901-0002.jpeg,dataset_1,NORMAL,NORMAL,0,4f782fbafeb7eafeb85be8f144c81c196beecb51e02ff67ff927f1d244483189,d83cc31e5f591c49,False
img_000646,e:\Final_Project\Pnuemonia_Detection\data\raw_datasets\dataset_1\train\NORMAL\NORMAL-1140710-0001.jpeg,dataset_1,NORMAL,NORMAL,0,7fed99488be067aac081af694d1a31a97fc3bb8c11977d62eda0e8d94aacacda,d47e871f0d852ccc,False
img_002999,e:\Final_Project\Pnuemonia_Detection\data\raw_datasets\dataset_1\train\PNEUMONIA\BACTERIA-4617189-0006.jpeg,dataset_1,PNEUMONIA,BACTERIAL,1,a9b781a5257c518e78285131f4696d04f369c2fd1a4023b90ad7e8976edb2fcb,c02fb65a5d482e9e,False
img_001379,e:\Final_Project\Pnuemonia_Detection\data\raw_datasets\dataset_1\train\NORMAL\NORMAL-6112892-0001.jpeg,dataset_1,NORMAL,NORMAL,0,a871390d7b5ae175a91821cd23ec864f3ef7ef6b24d6b0f4b66a39ace2298123,917d8e3a8d0d354d,False
img_004724,e:\Final_Project\Pnuemonia_Detection\data\raw_datasets\dataset_1\train\PNEUMONIA\VIRUS-2536960-0001.jpeg,dataset_1,PNEUMONIA,VIRAL,2,819fc9c3943637c8b91de9f1a54747db9bdc95bff4e42421df05ccd4da03336b,d0e5c31ec71bc44b,False
img_001529,e:\Final_Project\Pnuemonia_Detection\data\raw_datasets\dataset_1\train\NORMAL\NORMAL-7091193-0001.jpeg,dataset_1,NORMAL,NORMAL,0,9c0c7df9c277e8499405a03ce4c629aaf86d02382cb10fa59f3f531a5ccb91bd,d476c33fa5242cc6,False
img_005405,e:\Final_Project\Pnuemonia_Detection\data\raw_datasets\dataset_1\train\PNEUMONIA\VIRUS-6830521-0002.jpeg,dataset_1,PNEUMONIA,VIRAL,2,be7fa390d676f72883ba08bc980566dd01e538e5ce711dbcb6b60e3ebdce61b3,d0eaa3adada43c54,False
img_003235,e:\Final_Project\Pnuemonia_Detection\data\raw_datasets\dataset_1\train\PNEUMONIA\BACTERIA-5423296-0002.jpeg,dataset_1,PNEUMONIA,BACTERIAL,1,e3711f6e42be980cb56091785b2240614301277b89ac49975a8725bbbe54abba,d13f725a4c093c6b,False
img_000061,e:\Final_Project\Pnuemonia_Detection\data\raw_datasets\dataset_1\test\NORMAL\NORMAL-3346259-0001.jpeg,dataset_1,NORMAL,NORMAL,0,b8a6a29d829c35dd402bdab44ac8029c83e75c5d12fa1f78b0be5c58a6c556d9,c13e4f1e49293c6d,False
img_000672,e:\Final_Project\Pnuemonia_Detection\data\raw_datasets\dataset_1\train\NORMAL\NORMAL-1440428-0001.jpeg,dataset_1,NORMAL,NORMAL,0,04fccc7efa12ae9753a440bc9e4e060ffb7ddd0063e9b3939b056644b9f3480f,d47dc71a93833991,False
img_004540,e:\Final_Project\Pnuemonia_Detection\data\raw_datasets\dataset_1\train\PNEUMONIA\VIRUS-1150345-0002.jpeg,dataset_1,PNEUMONIA,VIRAL,2,311b70cb50e2a4040a0affbfc928d1e7c76bd312ea54dafafb1e1930f7005437,c066f33da53d2c2c,False
img_001603,e:\Final_Project\Pnuemonia_Detection\data\raw_datasets\dataset_1\train\NORMAL\NORMAL-7461661-0002.jpeg,dataset_1,NORMAL,NORMAL,0,634390f2bdc8b8fd0cdea73fb74b9c6fb57a7e4e2bfa8ee73ddcc0316f89ec6e,917c8318edfc19c9,False
img_005741,e:\Final_Project\Pnuemonia_Detection\data\raw_datasets\dataset_1\train\PNEUMONIA\VIRUS-92115-0005.jpeg,dataset_1,PNEUMONIA,VIRAL,2,15df4336599e109b4ab6b569d6fb1eff39741c09d1ded13ce5b11dbf45776c16,9139e1433f546b87,False
img_004986,e:\Final_Project\Pnuemonia_Detection\data\raw_datasets\dataset_1\train\PNEUMONIA\VIRUS-4241544-0004.jpeg,dataset_1,PNEUMONIA,VIRAL,2,1a50300eb92b92bc6f0725949e9f62119001d0fce09c957ea69845f3cfbfc1b3,d139e56a3d94c22b,False
img_003262,e:\Final_Project\Pnuemonia_Detection\data\raw_datasets\dataset_1\train\PNEUMONIA\BACTERIA-5476259-0004.jpeg,dataset_1,PNEUMONIA,BACTERIAL,1,eb284b497093571bc4647c0a7ca746a80868de62110bf5a3625ea14a7c6fff26,9028f05eff5a1c5c,False
img_003320,e:\Final_Project\Pnuemonia_Detection\data\raw_datasets\dataset_1\train\PNEUMONIA\BACTERIA-5628383-0004.jpeg,dataset_1,PNEUMONIA,BACTERIAL,1,fba0b373e63c89f20d2069fc8218db65fd12de415edded468049759eaba6821e,946e070f455f784e,False
img_000127,e:\Final_Project\Pnuemonia_Detection\data\raw_datasets\dataset_1\test\NORMAL\NORMAL-5578360-0001.jpeg,dataset_1,NORMAL,NORMAL,0,14e2c0a038a9e3fd28b333f154cc14638c9a1ac4d6fb705093251acaee229e97,d4e6c379e428d0d3,False
img_002428,e:\Final_Project\Pnuemonia_Detection\data\raw_datasets\dataset_1\train\PNEUMONIA\BACTERIA-267057-0001.jpeg,dataset_1,PNEUMONIA,BACTERIAL,1,6a2a7360f02ef57bb0dfb4507c2084ae3b55f57704b6bf9d970e82c05c47dc99,dc6466b2c67aa748,False
img_000205,e:\Final_Project\Pnuemonia_Detection\data\raw_datasets\dataset_1\test\NORMAL\NORMAL-8441235-0001.jpeg,dataset_1,NORMAL,NORMAL,0,2060da1718cec9e9f3b43a87876ad1277f061136183757085b5b7b7b67946928,917fc65a5d491945,False
img_001281,e:\Final_Project\Pnuemonia_Detection\data\raw_datasets\dataset_1\train\NORMAL\NORMAL-5504914-0001.jpeg,dataset_1,NORMAL,NORMAL,0,d1437dd6f504eb87dee0733c03cd14e1a8a8e147a4b9b7019058b967d74c9e90,9521e20bed7c7ce0,False
img_002826,e:\Final_Project\Pnuemonia_Detection\data\raw_datasets\dataset_1\train\PNEUMONIA\BACTERIA-4092125-0002.jpeg,dataset_1,PNEUMONIA,BACTERIAL,1,d0efc8589279d94f79cd72d8f21ce112d7076fce581dd522c78596bc9cdda062,c03f92da9d5a2d94,False
img_002946,e:\Final_Project\Pnuemonia_Detection\data\raw_datasets\dataset_1\train\PNEUMONIA\BACTERIA-4462203-0004.jpeg,dataset_1,PNEUMONIA,BACTERIAL,1,7308663431d1655bbd3e7428db396b7badaeb497943bba2d06b48783d0b45864,c43eaf0b0a0e5f4d,False
img_004691,e:\Final_Project\Pnuemonia_Detection\data\raw_datasets\dataset_1\train\PNEUMONIA\VIRUS-2357276-0002.jpeg,dataset_1,PNEUMONIA,VIRAL,2,1b2ab7756686f7fd0c4ac6cbd44927e8fc2d670bce0cc6b44e026126eed0b99a,d02de23fe24bb843,False
img_002830,e:\Final_Project\Pnuemonia_Detection\data\raw_datasets\dataset_1\train\PNEUMONIA\BACTERIA-4133607-0002.jpeg,dataset_1,PNEUMONIA,BACTERIAL,1,8544895f4e6852d0f0910e6e5cd9cddfe1f8646c538bd279174a509ac43a9bf9,d02def1edb5a5802,False
img_004773,e:\Final_Project\Pnuemonia_Detection\data\raw_datasets\dataset_1\train\PNEUMONIA\VIRUS-2809806-0004.jpeg,dataset_1,PNEUMONIA,VIRAL,2,11ff51cfba02a7d89a23b269c1a6868a6f414f671303890cc7aba1e77eac44f9,d4e6f79f85198128,False
img_001335,e:\Final_Project\Pnuemonia_Detection\data\raw_datasets\dataset_1\train\NORMAL\NORMAL-5759621-0001.jpeg,dataset_1,NORMAL,NORMAL,0,80ba854c927d22ff8392d0d45133641cc5a3502306a4e8f9041b19d6219e77b5,c1fece5ac45859c2,False
img_005337,e:\Final_Project\Pnuemonia_Detection\data\raw_datasets\dataset_1\train\PNEUMONIA\VIRUS-6420106-0002.jpeg,dataset_1,PNEUMONIA,VIRAL,2,ec920896f39c8fc41bead571b60b7231fc05eb708bf4399713fcec2addd37d51,c422c30bbdcf38d6,False
img_000896,e:\Final_Project\Pnuemonia_Detection\data\raw_datasets\dataset_1\train\NORMAL\NORMAL-2823265-0001.jpeg,dataset_1,NORMAL,NORMAL,0,98f989d82fb22c4da0c95e746a50ae396fc4b46cab81546f93daa1ce2e3afab5,c12dc74a9cc9199f,False
img_004066,e:\Final_Project\Pnuemonia_Detection\data\raw_datasets\dataset_1\train\PNEUMONIA\BACTERIA-8351811-0001.jpeg,dataset_1,PNEUMONIA,BACTERIAL,1,cc237ba8a11e394a6498b39a7a7c02f034ca8501d79cced2f5a5af1e102a1801,d0ebf718c21ec21e,False
img_001398,e:\Final_Project\Pnuemonia_Detection\data\raw_datasets\dataset_1\train\NORMAL\NORMAL-6237780-0002.jpeg,dataset_1,NORMAL,NORMAL,0,6135fb723a80f3fd24541977de80aa077c911585f75fb2264a8589ae21355587,d06fc73a812d38b6,False
img_005203,e:\Final_Project\Pnuemonia_Detection\data\raw_datasets\dataset_1\train\PNEUMONIA\VIRUS-5615122-0003.jpeg,dataset_1,PNEUMONIA,VIRAL,2,33f2eff762b08e8395ce94ae1c332aa61242f77a5d31795d47bc936c285587aa,d4f4c239934b91cb,False
img_002144,e:\Final_Project\Pnuemonia_Detection\data\raw_datasets\dataset_1\train\PNEUMONIA\BACTERIA-1634899-0001.jpeg,dataset_1,PNEUMONIA,BACTERIAL,1,9e6d2aaf30d25ea26fabbb4e3e677293a41946a2dd11553f242eac9eb4af4e95,80fea71bc31d5187,False
img_002583,e:\Final_Project\Pnuemonia_Detection\data\raw_datasets\dataset_1\train\PNEUMONIA\BACTERIA-3273014-0001.jpeg,dataset_1,PNEUMONIA,BACTERIAL,1,c31c6e9afc2c9a17c0e506fd43f961ca0a980267085f2797343161847d3b961e,d42be23f6d1e3c40,False
img_001238,e:\Final_Project\Pnuemonia_Detection\data\raw_datasets\dataset_1\train\NORMAL\NORMAL-518175-0001.jpeg,dataset_1,NORMAL,NORMAL,0,3eed9e11845b2d7f67c3a2c20d4f46507edb5f69fa05eefd2d1d2a360e6d7645,c02fc70db8c33bb2,False
img_004609,e:\Final_Project\Pnuemonia_Detection\data\raw_datasets\dataset_1\train\PNEUMONIA\VIRUS-1614511-0002.jpeg,dataset_1,PNEUMONIA,VIRAL,2,dad1c36f964f751c114c5bfa8f645cac4781bd348aaaceb85336a43305b6cf56,d072f33fc53b8128,False
img_001113,e:\Final_Project\Pnuemonia_Detection\data\raw_datasets\dataset_1\train\NORMAL\NORMAL-4221981-0001.jpeg,dataset_1,NORMAL,NORMAL,0,bd60b3b388724858fd10998015efeeab5946c5fcfc8819b5432695e58308ca45,d47dc71f9b4d0c04,False
img_005339,e:\Final_Project\Pnuemonia_Detection\data\raw_datasets\dataset_1\train\PNEUMONIA\VIRUS-6423688-0001.jpeg,dataset_1,PNEUMONIA,VIRAL,2,bb9040b773b3ecca56134e3b1db6e098849ebc8501faf0126208e50184e1139c,d124c21fed3ee468,False
img_003225,e:\Final_Project\Pnuemonia_Detection\data\raw_datasets\dataset_1\train\PNEUMONIA\BACTERIA-5390159-0001.jpeg,dataset_1,PNEUMONIA,BACTERIAL,1,3c4a1355e034fe91b533d8185f479b452083f6a44ec1d0e7ebb4f0a9cd363b7a,946be31e921f19c3,False
img_001622,e:\Final_Project\Pnuemonia_Detection\data\raw_datasets\dataset_1\train\NORMAL\NORMAL-7649100-0001.jpeg,dataset_1,NORMAL,NORMAL,0,880b58120dc75ea57b4f0322a31435475b06b27deac9b21f149bb9edcfdb1a30,982cd71a8f581d5d,False
img_000963,e:\Final_Project\Pnuemonia_Detection\data\raw_datasets\dataset_1\train\NORMAL\NORMAL-3360834-0001.jpeg,dataset_1,NORMAL,NORMAL,0,87593bafc3ebbf75c6a525dbf4572a8f390cf1127b4d448449bc8c2bef5d5f91,d03ce71f8c4d1ccc,False
img_000483,e:\Final_Project\Pnuemonia_Detection\data\raw_datasets\dataset_1\test\PNEUMONIA\VIRUS-1352878-0003.jpeg,dataset_1,PNEUMONIA,VIRAL,2,f4173e8706596ed3b1c2eb8db8f2d1fadc5ab2f11498a03be63186e1d122cf42,9062e73aa5cf3545,False
img_000336,e:\Final_Project\Pnuemonia_Detection\data\raw_datasets\dataset_1\test\PNEUMONIA\BACTERIA-4345731-0004.jpeg,dataset_1,PNEUMONIA,BACTERIAL,1,029868c1f29b8203a23e36cccc7e9924998ca9726c0c1755c13afb580227b0d4,9147e63ab67ab043,False
img_004646,e:\Final_Project\Pnuemonia_Detection\data\raw_datasets\dataset_1\train\PNEUMONIA\VIRUS-1855562-0002.jpeg,dataset_1,PNEUMONIA,VIRAL,2,3559be10fe50caa03527ee4f017186710bf35bf2a82f8f74cd3dac05ba8dca06,d4aee33ba70b3882,False
img_002853,e:\Final_Project\Pnuemonia_Detection\data\raw_datasets\dataset_1\train\PNEUMONIA\BACTERIA-4213815-0002.jpeg,dataset_1,PNEUMONIA,BACTERIAL,1,7ec48d7d79c5babd730bb33268895ab68b917171daea6e343e292bfac492a4ac,946d6b37c21a9569,False
img_005624,e:\Final_Project\Pnuemonia_Detection\data\raw_datasets\dataset_1\train\PNEUMONIA\VIRUS-8360857-0002.jpeg,dataset_1,PNEUMONIA,VIRAL,2,30fdc6a017a1430908683fc9756c37900346dde554a97d03f1b9fad5b9bea6c5,d0ffe71a81833992,False
img_001751,e:\Final_Project\Pnuemonia_Detection\data\raw_datasets\dataset_1\train\NORMAL\NORMAL-8571076-0003.jpeg,dataset_1,NORMAL,NORMAL,0,d1afdc7180e0874101798be96b7ed33852638d79dbab2f44c2fa6f11d8abfd37,d02fc31bdc4b1cc6,False
img_000925,e:\Final_Project\Pnuemonia_Detection\data\raw_datasets\dataset_1\train\NORMAL\NORMAL-3103404-0001.jpeg,dataset_1,NORMAL,NORMAL,0,4664381ca610a524f66c754e18f43efa10d8d7bd8ce3b315655760909c558979,d465871bcd0d6cc5,False
img_004643,e:\Final_Project\Pnuemonia_Detection\data\raw_datasets\dataset_1\train\PNEUMONIA\VIRUS-1844534-0002.jpeg,dataset_1,PNEUMONIA,VIRAL,2,0adc468c217eb85d17de6c0b2724aa1e126255ffe966ebd840cdedce6197e964,c02fc30f9cc94d9e,False
img_003301,e:\Final_Project\Pnuemonia_Detection\data\raw_datasets\dataset_1\train\PNEUMONIA\BACTERIA-5608291-0003.jpeg,dataset_1,PNEUMONIA,BACTERIAL,1,af5ee7a80f093960eada62b11714f61b0507f0b902d968074f78bfe0dbe0abd6,dc6faa3ac3698449,False
img_004278,e:\Final_Project\Pnuemonia_Detection\data\raw_datasets\dataset_1\train\PNEUMONIA\BACTERIA-9072988-0007.jpeg,dataset_1,PNEUMONIA,BACTERIAL,1,48cfab563b1f1a262ae4c4de8306c84f1c9234f4c9ff8d130b9ba693107e0100,c0eea63a975b911a,False
img_003725,e:\Final_Project\Pnuemonia_Detection\data\raw_datasets\dataset_1\train\PNEUMONIA\BACTERIA-7207641-0001.jpeg,dataset_1,PNEUMONIA,BACTERIAL,1,83db9844bc54001d8dce49b00250418cc4512c8ad5762b19fa4ee2aee3dd6e8c,c43ee34b5c4c5e92,False
img_003995,e:\Final_Project\Pnuemonia_Detection\data\raw_datasets\dataset_1\train\PNEUMONIA\BACTERIA-8175587-0001.jpeg,dataset_1,PNEUMONIA,BACTERIAL,1,445a00334fa5069e8da250663cee5eece75c2ac8bb4ad54cce74c8548f17bbc8,957ac21a5b1e3917,False
img_004450,e:\Final_Project\Pnuemonia_Detection\data\raw_datasets\dataset_1\train\PNEUMONIA\BACTERIA-9674936-0003.jpeg,dataset_1,PNEUMONIA,BACTERIAL,1,3b53cd4930b13ac0f3d30bff3732c45a231188cb9aa1c207d351ffbca59bbe59,812ffc5cf45a3c50,False
img_005541,e:\Final_Project\Pnuemonia_Detection\data\raw_datasets\dataset_1\train\PNEUMONIA\VIRUS-7823222-0003.jpeg,dataset_1,PNEUMONIA,VIRAL,2,aba31ee4d967a9d44ef6a0f05ecd21ff5ec4436469f751ba4921c9e807112896,90fec73c8d39844b,False
img_005388,e:\Final_Project\Pnuemonia_Detection\data\raw_datasets\dataset_1\train\PNEUMONIA\VIRUS-671100-0006.jpeg,dataset_1,PNEUMONIA,VIRAL,2,5fb092d368614bb8e7118554893cf49d8d6714d28f1017c0c84a548c7f9f0da2,986ea73b9778e028,False
img_001021,e:\Final_Project\Pnuemonia_Detection\data\raw_datasets\dataset_1\train\NORMAL\NORMAL-3744578-0001.jpeg,dataset_1,NORMAL,NORMAL,0,891efab351f8b3183deb16241bb2211f37dc43df423857f6308841615ed9b9ac,d839c25a5e593d38,False
img_000547,e:\Final_Project\Pnuemonia_Detection\data\raw_datasets\dataset_1\test\PNEUMONIA\VIRUS-48197-0001.jpeg,dataset_1,PNEUMONIA,VIRAL,2,bd2566a472748987f7afc5ba1de79772177c7ad4bf6a0dfc908626ce4fd12e2c,8137e71ab8ca1eb8,False
img_001435,e:\Final_Project\Pnuemonia_Detection\data\raw_datasets\dataset_1\train\NORMAL\NORMAL-6524946-0001.jpeg,dataset_1,NORMAL,NORMAL,0,8e7af1232568aeb8c752a21ab01580828b98d75dc2940d5f4d480d0b28f42521,902dc31bd9693dd1,False
img_000699,e:\Final_Project\Pnuemonia_Detection\data\raw_datasets\dataset_1\train\NORMAL\NORMAL-1563073-0001.jpeg,dataset_1,NORMAL,NORMAL,0,0184fbced673c06187942d8cf85d505f2027d7413ac236e1aea31db2029dae18,d07cc63a9d2d3cc4,False
img_004014,e:\Final_Project\Pnuemonia_Detection\data\raw_datasets\dataset_1\train\PNEUMONIA\BACTERIA-8276936-0001.jpeg,dataset_1,PNEUMONIA,BACTERIAL,1,89727972ff7751c781364e6304ea410d4f8e3a196302331bb822e2a953fe8e1c,9527b21ea169ad6a,False
img_004882,e:\Final_Project\Pnuemonia_Detection\data\raw_datasets\dataset_1\train\PNEUMONIA\VIRUS-3590786-0009.jpeg,dataset_1,PNEUMONIA,VIRAL,2,10030ba6ed64c44cb73e05c36a851fe1427b347e320ef74ba85ae90553223c98,d403e70ba7cb26d8,False
img_001871,e:\Final_Project\Pnuemonia_Detection\data\raw_datasets\dataset_1\train\NORMAL\NORMAL-9344911-0001.jpeg,dataset_1,NORMAL,NORMAL,0,ff67f04d9ad47a1bf17756a1678d8d50854ca14df161b99c83afdebb2577f3b3,d46ea70bcd4d68c4,False
img_004674,e:\Final_Project\Pnuemonia_Detection\data\raw_datasets\dataset_1\train\PNEUMONIA\VIRUS-213315-0002.jpeg,dataset_1,PNEUMONIA,VIRAL,2,b67ff0dfca51216f61acf2051cea7b89d63f0dcbe0eebc0381187eadf5bc3b3c,9578ae3a2b0d390f,False
img_001681,e:\Final_Project\Pnuemonia_Detection\data\raw_datasets\dataset_1\train\NORMAL\NORMAL-8097373-0001.jpeg,dataset_1,NORMAL,NORMAL,0,ac7829e3df42ead8a09c2ae3321d53eee16d39c5a9e0a23082e503891d8ba325,d42ae32fec693c60,False
img_004521,e:\Final_Project\Pnuemonia_Detection\data\raw_datasets\dataset_1\train\PNEUMONIA\VIRUS-1055411-0001.jpeg,dataset_1,PNEUMONIA,VIRAL,2,2650f110c585776657861e0d2eb2c155e8b20e47d8b1393785685064655a46e5,d0ffa70d01115d57,False
img_003026,e:\Final_Project\Pnuemonia_Detection\data\raw_datasets\dataset_1\train\PNEUMONIA\BACTERIA-4719778-0002.jpeg,dataset_1,PNEUMONIA,BACTERIAL,1,093d3dc4b8f718c353cd2467f4088ae3522b235ece423f1090d865cff4081b38,d46f471d440b0dcf,False
img_003195,e:\Final_Project\Pnuemonia_Detection\data\raw_datasets\dataset_1\train\PNEUMONIA\BACTERIA-5256035-0001.jpeg,dataset_1,PNEUMONIA,BACTERIAL,1,a1cdb0473cae8d7ad000cc3f840e2e74a94bd78504773d13089def9ac1c3d75f,c57eb70b8f09093c,False
img_004733,e:\Final_Project\Pnuemonia_Detection\data\raw_datasets\dataset_1\train\PNEUMONIA\VIRUS-2594737-0002.jpeg,dataset_1,PNEUMONIA,VIRAL,2,0f60adf8763409e05250bae735b4550a527c1f25bdd8bc3eae7812ab1a04b3c4,c076e73aad692c85,False
img_002127,e:\Final_Project\Pnuemonia_Detection\data\raw_datasets\dataset_1\train\PNEUMONIA\BACTERIA-1620679-0001.jpeg,dataset_1,PNEUMONIA,BACTERIAL,1,72a2987b5aeccbb204266d0fc16ad8e6b07e202ff2ae21f8fcfecffcb078ff35,9c74603ae51ee1d6,False
img_000166,e:\Final_Project\Pnuemonia_Detection\data\raw_datasets\dataset_1\test\NORMAL\NORMAL-667173-0001.jpeg,dataset_1,NORMAL,NORMAL,0,f6d65bb18bd4e00b2a9fe844d0a15174d4a340b247a766342fa5011a7d3c85a8,d472c71f8dcf18c0,False
img_002820,e:\Final_Project\Pnuemonia_Detection\data\raw_datasets\dataset_1\train\PNEUMONIA\BACTERIA-4066940-0001.jpeg,dataset_1,PNEUMONIA,BACTERIAL,1,f5390f3d2f994f0b6409be7de9fcc351faad9f5fabba275eac2e28b9887d4347,d47cc75b834ba186,False
img_001208,e:\Final_Project\Pnuemonia_Detection\data\raw_datasets\dataset_1\train\NORMAL\NORMAL-4943890-0001.jpeg,dataset_1,NORMAL,NORMAL,0,aeefa7c5fdd92e7269d084ae454d12fac2652126a67b0f75ce45b479496c63c4,903dc71ea8c93dd4,False
img_000715,e:\Final_Project\Pnuemonia_Detection\data\raw_datasets\dataset_1\train\NORMAL\NORMAL-1702319-0002.jpeg,dataset_1,NORMAL,NORMAL,0,c5697a744aa15f3b13f6bf40279d48bd1510ec265c3411a928fbd603eb52b666,91fd863aad3b282c,False
img_005382,e:\Final_Project\Pnuemonia_Detection\data\raw_datasets\dataset_1\train\PNEUMONIA\VIRUS-6686792-0002.jpeg,dataset_1,PNEUMONIA,VIRAL,2,d18e21ac810912a9d742768206f617f3f5b6b52b4b66f35a834fa93143f80922,917ca67a8b3f0a83,False
img_000318,e:\Final_Project\Pnuemonia_Detection\data\raw_datasets\dataset_1\test\PNEUMONIA\BACTERIA-4161430-0003.jpeg,dataset_1,PNEUMONIA,BACTERIAL,1,0011f2ca9802c97b1f1b83f5aa8458a3a3a39239809aefdbd251f3a026058e13,956bf31ec6031ec2,False
img_005141,e:\Final_Project\Pnuemonia_Detection\data\raw_datasets\dataset_1\train\PNEUMONIA\VIRUS-5212251-0006.jpeg,dataset_1,PNEUMONIA,VIRAL,2,a39357bfacdad8add43066214093845f6f4d52dc1de9b380854cfde1c1d3e1df,9065c71ae71b867a,False
img_002644,e:\Final_Project\Pnuemonia_Detection\data\raw_datasets\dataset_1\train\PNEUMONIA\BACTERIA-3443773-0004.jpeg,dataset_1,PNEUMONIA,BACTERIAL,1,5899fcb966d31ccf8c64330e468ac6437b8bc16d5e093856bbb636c48b2dfe4d,c06ee71e95493c96,False
img_000892,e:\Final_Project\Pnuemonia_Detection\data\raw_datasets\dataset_1\train\NORMAL\NORMAL-2768393-0006.jpeg,dataset_1,NORMAL,NORMAL,0,b4087e8114c38bd2baf595a4a4c15d21856253de3ad533bd2d2926663cb0de51,c5fe8f19ec0e2886,False
img_000799,e:\Final_Project\Pnuemonia_Detection\data\raw_datasets\dataset_1\train\NORMAL\NORMAL-2285600-0001.jpeg,dataset_1,NORMAL,NORMAL,0,e2373513d8df533125995f3e8784953a5805df0efa0c588098467c3883a71be6,d03dc33bb9e83892,False
img_005997,e:\Final_Project\Pnuemonia_Detection\data\raw_datasets\dataset_2\test\NORMAL\NORMAL2-IM-0246-0001.jpeg,dataset_2,NORMAL,NORMAL,0,6d38bbd83d8d79a9f8c72799e98a6cb7c11b43fd56553f1f74b3d82b284d2669,d1ffeb3fa2182840,False
img_002330,e:\Final_Project\Pnuemonia_Detection\data\raw_datasets\dataset_1\train\PNEUMONIA\BACTERIA-2326789-0002.jpeg,dataset_1,PNEUMONIA,BACTERIAL,1,000dc8179b3ee10b818ad3f15304bd9a70580b123f7ea482d97c9a32f18fab46,912bea5e5e4b1c4a,False
img_004208,e:\Final_Project\Pnuemonia_Detection\data\raw_datasets\dataset_1\train\PNEUMONIA\BACTERIA-8756578-0001.jpeg,dataset_1,PNEUMONIA,BACTERIAL,1,068af9fd46fae1feb0553febc498e1f901d86e54f21eae8061cdfc6f3836517f,d00fd75f5cc20f82,False
img_003111,e:\Final_Project\Pnuemonia_Detection\data\raw_datasets\dataset_1\train\PNEUMONIA\BACTERIA-5081381-0001.jpeg,dataset_1,PNEUMONIA,BACTERIAL,1,9552234a0aa3a5183d50932e33383e3ec2ebdf0471dfc23bca10018b6586a1ac,d419e1413d3d863f,False
img_004457,e:\Final_Project\Pnuemonia_Detection\data\raw_datasets\dataset_1\train\PNEUMONIA\BACTERIA-9723601-0001.jpeg,dataset_1,PNEUMONIA,BACTERIAL,1,e53ad53d7873e15fde38e3dd447a9543c43de56052b10ccea98a357cd7b2e3bc,91feee5e1518144b,False
img_003236,e:\Final_Project\Pnuemonia_Detection\data\raw_datasets\dataset_1\train\PNEUMONIA\BACTERIA-5428825-0001.jpeg,dataset_1,PNEUMONIA,BACTERIAL,1,7626fadd0e83af3b0ca5bdf49f69c38a5d5f7294b676a1f354c4bf76eada318b,8a646ebf027e871a,False
img_004932,e:\Final_Project\Pnuemonia_Detection\data\raw_datasets\dataset_1\train\PNEUMONIA\VIRUS-3874052-0003.jpeg,dataset_1,PNEUMONIA,VIRAL,2,92e7473906e39a1f6c509a868bde1a145df4dc3193d2bc833de3c9ae154350fe,d474865bc51be13c,False
img_005684,e:\Final_Project\Pnuemonia_Detection\data\raw_datasets\dataset_1\train\PNEUMONIA\VIRUS-8718799-0002.jpeg,dataset_1,PNEUMONIA,VIRAL,2,733ed23e1c0a9fe9606bdb7c721513272cbb97384be563dc82e76393842e485a,c0ecef1913393c4e,False
img_002022,e:\Final_Project\Pnuemonia_Detection\data\raw_datasets\dataset_1\train\PNEUMONIA\BACTERIA-1086099-0002.jpeg,dataset_1,PNEUMONIA,BACTERIAL,1,3c22118570e9e0377beb46825dfbf8b0a9a7aabc68b1c3843ce4397976ef5166,812fee7e7c4a3910,False
img_004581,e:\Final_Project\Pnuemonia_Detection\data\raw_datasets\dataset_1\train\PNEUMONIA\VIRUS-1393486-0001.jpeg,dataset_1,PNEUMONIA,VIRAL,2,208df397b72b594762a646ea6dacc4fee9dfd3a83450142023bde1f8b11f1056,942f471f4b5b1c46,False
img_005414,e:\Final_Project\Pnuemonia_Detection\data\raw_datasets\dataset_1\train\PNEUMONIA\VIRUS-6871944-0001.jpeg,dataset_1,PNEUMONIA,VIRAL,2,56fd1eebf0ed8fbb96b8092305f601003eeef42a257eaf6038823a11a6e2bc92,d1e1cf9e97189186,False
img_002658,e:\Final_Project\Pnuemonia_Detection\data\raw_datasets\dataset_1\train\PNEUMONIA\BACTERIA-3482207-0002.jpeg,dataset_1,PNEUMONIA,BACTERIAL,1,b5addc2e7f6ae8429ba24e32752316a8192843fcc25b388a39f86e160a91ffc1,c06e970b1d477c74,False
img_005267,e:\Final_Project\Pnuemonia_Detection\data\raw_datasets\dataset_1\train\PNEUMONIA\VIRUS-5988773-0005.jpeg,dataset_1,PNEUMONIA,VIRAL,2,7dd24e2f7bc6d83366b769f02dd10582cfc58fb22246b4a2872dfcc0e9fdc8cf,d42de31f9fc92c80,False
img_005067,e:\Final_Project\Pnuemonia_Detection\data\raw_datasets\dataset_1\train\PNEUMONIA\VIRUS-4738422-0002.jpeg,dataset_1,PNEUMONIA,VIRAL,2,33ca7e8d6fb2b3ebd850d6d844aaa88a1c498039c341d7bbd5a600a8466e1a21,902be75e5e4c282f,False
img_005283,e:\Final_Project\Pnuemonia_Detection\data\raw_datasets\dataset_1\train\PNEUMONIA\VIRUS-6144452-0004.jpeg,dataset_1,PNEUMONIA,VIRAL,2,725c93cabf95cc03f9003d6ed9e072260e0bef99b68456282d916ce70da275c0,d73b005ada1a7ee0,False
img_000602,e:\Final_Project\Pnuemonia_Detection\data\raw_datasets\dataset_1\test\PNEUMONIA\VIRUS-8385372-0001.jpeg,dataset_1,PNEUMONIA,VIRAL,2,d3527702d37fa587f5599decd419d52f3da522cb530b5105ac7308ca6ba7501e,9065c71ee13bb14b,False
img_000958,e:\Final_Project\Pnuemonia_Detection\data\raw_datasets\dataset_1\train\NORMAL\NORMAL-332359-0001.jpeg,dataset_1,NORMAL,NORMAL,0,19d54f64a372d26cc9471597c1c1c164b882b0ba0d4f177ceaa997b1364a75df,94fc973bad0d282c,False
img_001314,e:\Final_Project\Pnuemonia_Detection\data\raw_datasets\dataset_1\train\NORMAL\NORMAL-5673735-0001.jpeg,dataset_1,NORMAL,NORMAL,0,126e01effc09e472612a1a57f5737d6b922e6e67ea6ebfbefe62b5cbb3f782a7,913bd21ad8483df3,False
img_005614,e:\Final_Project\Pnuemonia_Detection\data\raw_datasets\dataset_1\train\PNEUMONIA\VIRUS-8303986-0002.jpeg,dataset_1,PNEUMONIA,VIRAL,2,449248715dc4af06438ed5a24d47c36cd86a66a35e510b1c15dbfc2a023c4ae0,d03ec35bd5c93d80,False
img_003302,e:\Final_Project\Pnuemonia_Detection\data\raw_datasets\dataset_1\train\PNEUMONIA\BACTERIA-5608291-0004.jpeg,dataset_1,PNEUMONIA,BACTERIAL,1,17ce8484bb587cdfe526cba277cf8d681921283e0f4a03b4482b9e07eaa64aa5,c166831bc159d57e,False
img_003438,e:\Final_Project\Pnuemonia_Detection\data\raw_datasets\dataset_1\train\PNEUMONIA\BACTERIA-6085366-0001.jpeg,dataset_1,PNEUMONIA,BACTERIAL,1,62332e9a1ae3ead0f54281907b19f6e528d4519ced1b5a1169687b0b0d2fd105,d03fe5185a5b3c92,False
img_005535,e:\Final_Project\Pnuemonia_Detection\data\raw_datasets\dataset_1\train\PNEUMONIA\VIRUS-7794093-0011.jpeg,dataset_1,PNEUMONIA,VIRAL,2,4469cbf8d1f0b9ae669b29ec37f546101691b544e490afb10616f595747437f6,d03afb165e143a1e,False
img_002498,e:\Final_Project\Pnuemonia_Detection\data\raw_datasets\dataset_1\train\PNEUMONIA\BACTERIA-2960250-0001.jpeg,dataset_1,PNEUMONIA,BACTERIAL,1,23134c19f2675dcf395ee32bbaa6eea31ca862a74539398a1813344eecfcfe71,d42feb3fd1191448,False
img_001841,e:\Final_Project\Pnuemonia_Detection\data\raw_datasets\dataset_1\train\NORMAL\NORMAL-9105829-0002.jpeg,dataset_1,NORMAL,NORMAL,0,50b6060448ca24bdac7135f5d4a079eeaa8dea9e3b5c4951f0c061f98f35efda,902bcf1bdd491cc9,False
img_001259,e:\Final_Project\Pnuemonia_Detection\data\raw_datasets\dataset_1\train\NORMAL\NORMAL-5386916-0001.jpeg,dataset_1,NORMAL,NORMAL,0,4b1027144a21d8d9e7ff38a3c468570cdd37983d4075dcd7a31c57feaaad0fb6,d474e67ae96960c4,False
img_003260,e:\Final_Project\Pnuemonia_Detection\data\raw_datasets\dataset_1\train\PNEUMONIA\BACTERIA-5476259-0002.jpeg,dataset_1,PNEUMONIA,BACTERIAL,1,73ad32c22de7e4d6ce724d2b9251190295fb6d06a178dfa93222ec93bc3b7943,c92f545e575a1c4a,False
img_001882,e:\Final_Project\Pnuemonia_Detection\data\raw_datasets\dataset_1\train\NORMAL\NORMAL-9394101-0001.jpeg,dataset_1,NORMAL,NORMAL,0,0b56ad5fb18717ab708a9c845c1aa4e343e53782f11bc8e3416aa76f88562b7c,902cc75aed693c6c,False
img_002005,e:\Final_Project\Pnuemonia_Detection\data\raw_datasets\dataset_1\train\PNEUMONIA\BACTERIA-1083680-0015.jpeg,dataset_1,PNEUMONIA,BACTERIAL,1,c1ad67ae8e94b63f7277fb63daead3b50b737bb36adb2c32d47cc393f1a4dbb4,906fc70d434b6dca,False
img_005832,e:\Final_Project\Pnuemonia_Detection\data\raw_datasets\dataset_1\train\PNEUMONIA\VIRUS-9805697-0002.jpeg,dataset_1,PNEUMONIA,VIRAL,2,4df413f7f4dc07d21d1aebbb95c4991052173ca7b535b808f014595afcf76e9a,91e5c67a864e39c6,False
img_003702,e:\Final_Project\Pnuemonia_Detection\data\raw_datasets\dataset_1\train\PNEUMONIA\BACTERIA-7135723-0002.jpeg,dataset_1,PNEUMONIA,BACTERIAL,1,b499c59a01926804e3dbc37247874aa1f79c28b9600e9898d3ea10b0f74a078b,90e4c71acb6bbd42,False
img_003041,e:\Final_Project\Pnuemonia_Detection\data\raw_datasets\dataset_1\train\PNEUMONIA\BACTERIA-4770524-0001.jpeg,dataset_1,PNEUMONIA,BACTERIAL,1,2e4cfb082088429dc17d16cb6a64f9c67365033cad8914fb910e9b9cb415b5a0,913deb3ce20f30c5,False
img_001906,e:\Final_Project\Pnuemonia_Detection\data\raw_datasets\dataset_1\train\NORMAL\NORMAL-9562516-0002.jpeg,dataset_1,NORMAL,NORMAL,0,6a3137a7ad3c03760ef566155d837b6d1f1c986cd99d6b2e7a2d34c1ac60bd0b,917fd61a1519394d,False
img_001224,e:\Final_Project\Pnuemonia_Detection\data\raw_datasets\dataset_1\train\NORMAL\NORMAL-5050179-0001.jpeg,dataset_1,NORMAL,NORMAL,0,7225b7caeecb8709e5fbe611d15c1b5799924c6431393adb0a0f945b257054b5,917dc61a996939c5,False
img_005932,e:\Final_Project\Pnuemonia_Detection\data\raw_datasets\dataset_2\test\NORMAL\NORMAL2-IM-0028-0001.jpeg,dataset_2,NORMAL,NORMAL,0,c69b47d9342018cd2cff4bfab88eb5453cf6f77fd2e835b8d1f36b42a883d4e6,9969c71a174f184f,False
img_004561,e:\Final_Project\Pnuemonia_Detection\data\raw_datasets\dataset_1\train\PNEUMONIA\VIRUS-1263623-0001.jpeg,dataset_1,PNEUMONIA,VIRAL,2,ce56f54cc1df4b12242bcf9f57537b8fe2bc60dbf4220db98fdcaa0bd5aa0096,9126ea1aef3ba443,False
img_000377,e:\Final_Project\Pnuemonia_Detection\data\raw_datasets\dataset_1\test\PNEUMONIA\BACTERIA-6402155-0002.jpeg,dataset_1,PNEUMONIA,BACTERIAL,1,df5e1f039f2ac0511ce3b67ed47c0f260bc541553f507917a897919185bfcb69,986b471e0a2b3d6b,False
img_001584,e:\Final_Project\Pnuemonia_Detection\data\raw_datasets\dataset_1\train\NORMAL\NORMAL-7333515-0001.jpeg,dataset_1,NORMAL,NORMAL,0,220f2c25208b70e6a90011bb317ef06ae50c1ae3e072932ffdb8d1ddf4694f4f,c56be25acd4d09c5,False
img_003084,e:\Final_Project\Pnuemonia_Detection\data\raw_datasets\dataset_1\train\PNEUMONIA\BACTERIA-4991468-0002.jpeg,dataset_1,PNEUMONIA,BACTERIAL,1,422b44f99ecf4623adfb61a1b8a4111b238915121b7e35463c3ac53599afec60,8938e2cfd61ef049,False
img_001389,e:\Final_Project\Pnuemonia_Detection\data\raw_datasets\dataset_1\train\NORMAL\NORMAL-6193719-0001.jpeg,dataset_1,NORMAL,NORMAL,0,d7bf63f28808490d5a9cff4d26da1d5d0c576e7de05b8fb55408118fada1c915,9929d61ed8693969,False
img_003408,e:\Final_Project\Pnuemonia_Detection\data\raw_datasets\dataset_1\train\PNEUMONIA\BACTERIA-5992812-0001.jpeg,dataset_1,PNEUMONIA,BACTERIAL,1,c7fab5c65cf847bf49bdbcec5aebaebb885cf8686710be758c03d2738debf90a,d4fee70f830c2887,False
img_004114,e:\Final_Project\Pnuemonia_Detection\data\raw_datasets\dataset_1\train\PNEUMONIA\BACTERIA-8512880-0001.jpeg,dataset_1,PNEUMONIA,BACTERIAL,1,e29667ca15a908764abdea3905ee2857a8ea59abebae268b5420cf0f197689f2,c02d976ab9692d3c,False
img_002859,e:\Final_Project\Pnuemonia_Detection\data\raw_datasets\dataset_1\train\PNEUMONIA\BACTERIA-422304-0001.jpeg,dataset_1,PNEUMONIA,BACTERIAL,1,1519c006435185678f9c234c6a8fb35e42b986e53f7093792f981b04305e8349,912fc61c516b3ccb,False
img_004090,e:\Final_Project\Pnuemonia_Detection\data\raw_datasets\dataset_1\train\PNEUMONIA\BACTERIA-8446523-0004.jpeg,dataset_1,PNEUMONIA,BACTERIAL,1,343625917c14de107c8dc808017425da2be14e70686340a8bd93e793d408ca10,c13fd25a92333936,False
img_002604,e:\Final_Project\Pnuemonia_Detection\data\raw_datasets\dataset_1\train\PNEUMONIA\BACTERIA-3322717-0003.jpeg,dataset_1,PNEUMONIA,BACTERIAL,1,f6c2c424a27b1972fd6a94e60336bc2bc734cdfee59f110744430a301f649806,d17fc718c63b9049,False
img_004844,e:\Final_Project\Pnuemonia_Detection\data\raw_datasets\dataset_1\train\PNEUMONIA\VIRUS-3326238-0002.jpeg,dataset_1,PNEUMONIA,VIRAL,2,65aa926974284e3d6e09712910887ca2262abce853f1b0305cd9d9277ed8863f,8127c61ee86bbc4b,False
img_002587,e:\Final_Project\Pnuemonia_Detection\data\raw_datasets\dataset_1\train\PNEUMONIA\BACTERIA-3294243-0003.jpeg,dataset_1,PNEUMONIA,BACTERIAL,1,e3bf4f95cf2b23dcb21dc2745cab79e5d93f503a9e36f15807c460cce565351d,956b631e921a696d,False
img_002832,e:\Final_Project\Pnuemonia_Detection\data\raw_datasets\dataset_1\train\PNEUMONIA\BACTERIA-4133607-0004.jpeg,dataset_1,PNEUMONIA,BACTERIAL,1,6065a03b1f86535cbfa2064eec7dfbe97ca8cf0f8a914fb427adef9085359218,9a6fee3c810939c5,False
img_000973,e:\Final_Project\Pnuemonia_Detection\data\raw_datasets\dataset_1\train\NORMAL\NORMAL-3399582-0002.jpeg,dataset_1,NORMAL,NORMAL,0,6e97b72e0833afce921ce0ca15fd1198f60d14631462b0b4c4a1777a58e16957,d839c61a9a5939d9,False
img_003832,e:\Final_Project\Pnuemonia_Detection\data\raw_datasets\dataset_1\train\PNEUMONIA\BACTERIA-7630183-0008.jpeg,dataset_1,PNEUMONIA,BACTERIAL,1,97cbb174e46aed4931e8d51bfc5a48f9e22404473d27eec6df4ac364b3eaf025,d128e39bd6ca16d2,False
img_001450,e:\Final_Project\Pnuemonia_Detection\data\raw_datasets\dataset_1\train\NORMAL\NORMAL-6671728-0001.jpeg,dataset_1,NORMAL,NORMAL,0,cd7b568405c80a1c4bc5c1a83c88e8cc44cd4e067c4a47f233fc68b68b420668,9129e23af8693979,False
img_001517,e:\Final_Project\Pnuemonia_Detection\data\raw_datasets\dataset_1\train\NORMAL\NORMAL-7049415-0002.jpeg,dataset_1,NORMAL,NORMAL,0,dff18b3863d3a66d033af4ee07f807f5f4567ba3f4edaef9e69b45f4be7fbf14,957c875a8d4d4cc5,False
img_003589,e:\Final_Project\Pnuemonia_Detection\data\raw_datasets\dataset_1\train\PNEUMONIA\BACTERIA-6608539-0001.jpeg,dataset_1,PNEUMONIA,BACTERIAL,1,2dc9d3f95f681152bc0a16bd0b8d4c77eafc331c49c7736a5b9ee289828f199e,c5fe17051e0f054f,False
img_003356,e:\Final_Project\Pnuemonia_Detection\data\raw_datasets\dataset_1\train\PNEUMONIA\BACTERIA-5792187-0001.jpeg,dataset_1,PNEUMONIA,BACTERIAL,1,fd9bd1d100369d7e432a66776067ea2bc769ddf8cf6f95be133a17c6b5e8e785,913be63cd64e344a,False
img_001061,e:\Final_Project\Pnuemonia_Detection\data\raw_datasets\dataset_1\train\NORMAL\NORMAL-388586-0001.jpeg,dataset_1,NORMAL,NORMAL,0,971ed469d35cf8ac702a2a99a4f305bb9bba0980694477f0617461ed8c298c86,907b565e190939bd,False
img_005852,e:\Final_Project\Pnuemonia_Detection\data\raw_datasets\dataset_1\train\PNEUMONIA\VIRUS-9934736-0003.jpeg,dataset_1,PNEUMONIA,VIRAL,2,c53f2e122d535bb03368c5165a0e29e5dcf3f44910f93ff956f7e0f330b3404b,907bc31e4a5b1d4d,False
img_005412,e:\Final_Project\Pnuemonia_Detection\data\raw_datasets\dataset_1\train\PNEUMONIA\VIRUS-6870430-0009.jpeg,dataset_1,PNEUMONIA,VIRAL,2,afdc8ce00493130cac7e56052df612a374ea88896f3ba7831ae25f48812f98bf,80bbd61e965695d4,False
img_002403,e:\Final_Project\Pnuemonia_Detection\data\raw_datasets\dataset_1\train\PNEUMONIA\BACTERIA-2591031-0001.jpeg,dataset_1,PNEUMONIA,BACTERIAL,1,ac2be57bf71fbd0009a944f302023ff2c0552f4f8d3884d4204e49b936ab317d,80efc61a874b394f,False
img_003484,e:\Final_Project\Pnuemonia_Detection\data\raw_datasets\dataset_1\train\PNEUMONIA\BACTERIA-6280838-0004.jpeg,dataset_1,PNEUMONIA,BACTERIAL,1,c7ce89b24df2b9cf16b534d2c700bfc1d640dd3f80b4790c7e19b69857f57206,d13fea18d64b1ec0,False
img_005664,e:\Final_Project\Pnuemonia_Detection\data\raw_datasets\dataset_1\train\PNEUMONIA\VIRUS-8608254-0002.jpeg,dataset_1,PNEUMONIA,VIRAL,2,b72903e2b0fc43ca2bb0ca37c891e05dbe3ef287e5e2aee9ce38208ad18b2fc8,d43f8f2d0d2c0c4f,False
img_002687,e:\Final_Project\Pnuemonia_Detection\data\raw_datasets\dataset_1\train\PNEUMONIA\BACTERIA-3595819-0004.jpeg,dataset_1,PNEUMONIA,BACTERIAL,1,0b6f2bf2ceddb239f92d9742031a521fdee6ad53e5927a1dbc6539c23e8db600,d0bfe32b39c70d04,False
img_005274,e:\Final_Project\Pnuemonia_Detection\data\raw_datasets\dataset_1\train\PNEUMONIA\VIRUS-6058425-0001.jpeg,dataset_1,PNEUMONIA,VIRAL,2,7e1cc5e1d30b9831ddf8ef9f2fa2d75992c1c1b0434751d3829d8a38cc5f9282,9070871acf9f6996,False
img_000168,e:\Final_Project\Pnuemonia_Detection\data\raw_datasets\dataset_1\test\NORMAL\NORMAL-6713743-0001.jpeg,dataset_1,NORMAL,NORMAL,0,265f3aeba7b3288d1af7d734c6bc1d106579cd8938d803bf540296f600f6503c,d4ece31aa34b7886,False
img_001490,e:\Final_Project\Pnuemonia_Detection\data\raw_datasets\dataset_1\train\NORMAL\NORMAL-695402-0003.jpeg,dataset_1,NORMAL,NORMAL,0,5b67b6027a77fac5c2c65fed5c7312d9b42d24e7c52a4181081b9096af0db9b2,9069c61ed8599ccf,False
img_003442,e:\Final_Project\Pnuemonia_Detection\data\raw_datasets\dataset_1\train\PNEUMONIA\BACTERIA-6121529-0001.jpeg,dataset_1,PNEUMONIA,BACTERIAL,1,f58c20bf9c1e625e9bfad9017a437942c0222e874930fea71deb5c6dcdc65587,d0f4c61bc10fb14f,False
img_005400,e:\Final_Project\Pnuemonia_Detection\data\raw_datasets\dataset_1\train\PNEUMONIA\VIRUS-6775167-0002.jpeg,dataset_1,PNEUMONIA,VIRAL,2,7c256d64b49bcf590e3eebd61b430a66ace3c638da7dc37da3644e675884ecc8,d00fc70f9fc32b90,False
img_003575,e:\Final_Project\Pnuemonia_Detection\data\raw_datasets\dataset_1\train\PNEUMONIA\BACTERIA-6561286-0001.jpeg,dataset_1,PNEUMONIA,BACTERIAL,1,9548ecc2d3d6038d3aac7b55e5f6eb2474ac076ce2cdb04e3761e49ab0e32fcb,91ee8e190559457f,False
img_002616,e:\Final_Project\Pnuemonia_Detection\data\raw_datasets\dataset_1\train\PNEUMONIA\BACTERIA-3371316-0002.jpeg,dataset_1,PNEUMONIA,BACTERIAL,1,4c9b0198279b9d553ab3c34031528585e7016b692010deb811c9b0546ba9edea,dd7e823bf6413482,False
img_002759,e:\Final_Project\Pnuemonia_Detection\data\raw_datasets\dataset_1\train\PNEUMONIA\BACTERIA-385176-0004.jpeg,dataset_1,PNEUMONIA,BACTERIAL,1,067bb1559de798405107657d22bf7bb13089131fe28405f20a239d0a4de2eb46,8a29f55e8a1d984f,False
img_005791,e:\Final_Project\Pnuemonia_Detection\data\raw_datasets\dataset_1\train\PNEUMONIA\VIRUS-9539609-0002.jpeg,dataset_1,PNEUMONIA,VIRAL,2,5c993b50125f1d7e5fcfbd4cfb29cdecdeda655bb3a43ab7759eefa041974420,cae0d679cd386592,False
img_003069,e:\Final_Project\Pnuemonia_Detection\data\raw_datasets\dataset_1\train\PNEUMONIA\BACTERIA-4956379-0001.jpeg,dataset_1,PNEUMONIA,BACTERIAL,1,d6fa98a5467969da58b742cbcfae3b02e8a038fd0004a2c8101bb3f6b9ce8d42,debf60135f902a1c,False
img_002202,e:\Final_Project\Pnuemonia_Detection\data\raw_datasets\dataset_1\train\PNEUMONIA\BACTERIA-1884647-0002.jpeg,dataset_1,PNEUMONIA,BACTERIAL,1,776e671cc24b887fb18ca990ff849d233eb5eae909f84f81cdf771326e8c9f11,d03fff5f1e920104,False
img_001665,e:\Final_Project\Pnuemonia_Detection\data\raw_datasets\dataset_1\train\NORMAL\NORMAL-7964343-0003.jpeg,dataset_1,NORMAL,NORMAL,0,b1f7f9fbec50075ad2027d2a5afc7cab706c1751dbb53fb7a7230b37d9eb3bed,89a9c65ede4a3968,False
img_004754,e:\Final_Project\Pnuemonia_Detection\data\raw_datasets\dataset_1\train\PNEUMONIA\VIRUS-274469-0002.jpeg,dataset_1,PNEUMONIA,VIRAL,2,9e101e9350f971a6550abf660d800852cf73fccb1afb1e14633d67b349299a03,8121e75bbec21b96,False
img_000743,e:\Final_Project\Pnuemonia_Detection\data\raw_datasets\dataset_1\train\NORMAL\NORMAL-1917089-0001.jpeg,dataset_1,NORMAL,NORMAL,0,2bc5da1faf9889ec065c0cbd253a58921c8d846fa6e67aa79bf1bcde193eaa2a,816ac728cdcf4bc3,False
img_005415,e:\Final_Project\Pnuemonia_Detection\data\raw_datasets\dataset_1\train\PNEUMONIA\VIRUS-6882412-0002.jpeg,dataset_1,PNEUMONIA,VIRAL,2,9ab1b06258abd894c7958a1b07d34ccf55b4ebc7213a69b754ae18d043820fc5,9129c71aca6a786f,False
img_000289,e:\Final_Project\Pnuemonia_Detection\data\raw_datasets\dataset_1\test\PNEUMONIA\BACTERIA-3127602-0001.jpeg,dataset_1,PNEUMONIA,BACTERIAL,1,95903d22cd947a2f04e667949cfbade973aedbf90e8e482159746e88838d33cf,d02f0715174f0f6e,False
img_000283,e:\Final_Project\Pnuemonia_Detection\data\raw_datasets\dataset_1\test\PNEUMONIA\BACTERIA-3060399-0004.jpeg,dataset_1,PNEUMONIA,BACTERIAL,1,3a57a155d04045e61da8bc56e0023041cfdbb4da8453f993a8ef7a85c02305a3,df6e815f545cc448,False
img_000239,e:\Final_Project\Pnuemonia_Detection\data\raw_datasets\dataset_1\test\PNEUMONIA\BACTERIA-1220485-0001.jpeg,dataset_1,PNEUMONIA,BACTERIAL,1,8d308d97e4c91ae0b09ad353f315681711841a336e947bfeb0fea58ce13ef9cf,946ae31ebc0b39a9,False
img_002815,e:\Final_Project\Pnuemonia_Detection\data\raw_datasets\dataset_1\train\PNEUMONIA\BACTERIA-4038442-0002.jpeg,dataset_1,PNEUMONIA,BACTERIAL,1,624c0dd85a3196a59257bc897eda86c02619555bb5d886d16bb414cf96dd942d,9d6167a5c63cc03d,False
img_001895,e:\Final_Project\Pnuemonia_Detection\data\raw_datasets\dataset_1\train\NORMAL\NORMAL-9482504-0001.jpeg,dataset_1,NORMAL,NORMAL,0,e2e6bcd49a036bff4239abd02bd006f354dcd2d3ee4cd065cfa4f6f3606da273,d47ec31bcb8568c4,False
img_003157,e:\Final_Project\Pnuemonia_Detection\data\raw_datasets\dataset_1\train\PNEUMONIA\BACTERIA-5167539-0001.jpeg,dataset_1,PNEUMONIA,BACTERIAL,1,4c927ce844ca1c7007ee157211586ed116555123e7f3c72e99df2bac392c1e00,d42f2b3a954b1d46,False
img_003239,e:\Final_Project\Pnuemonia_Detection\data\raw_datasets\dataset_1\train\PNEUMONIA\BACTERIA-5437182-0001.jpeg,dataset_1,PNEUMONIA,BACTERIAL,1,b721614fd54f7c45761c71945998a1c0e8f75a4df760ed68329ffc81a23397dc,d13feace1c499449,False
img_004267,e:\Final_Project\Pnuemonia_Detection\data\raw_datasets\dataset_1\train\PNEUMONIA\BACTERIA-9046262-0001.jpeg,dataset_1,PNEUMONIA,BACTERIAL,1,deda74ed08957f806b0a193bb9a8d62ea9681979fcab7426d59725dd22d3adab,c42ae24bd74b1f52,False
img_005687,e:\Final_Project\Pnuemonia_Detection\data\raw_datasets\dataset_1\train\PNEUMONIA\VIRUS-873293-0003.jpeg,dataset_1,PNEUMONIA,VIRAL,2,9d46f7ee35fa8420af9981140ff1f58ff6955d9931489c1a0255e2cdb0345dd0,8139e517a5ce3f90,False
img_001618,e:\Final_Project\Pnuemonia_Detection\data\raw_datasets\dataset_1\train\NORMAL\NORMAL-7605239-0001.jpeg,dataset_1,NORMAL,NORMAL,0,4fff5e796fcb4b46aba42ac2b92bb3f0ccdc8a3d6d23a9b9c58d37c3820eae62,992f42196c3fb0e3,False
img_005123,e:\Final_Project\Pnuemonia_Detection\data\raw_datasets\dataset_1\train\PNEUMONIA\VIRUS-5150733-0016.jpeg,dataset_1,PNEUMONIA,VIRAL,2,decc36502d1a67eabc2d184da07fb1525324a8a86a0d3d362053a13618f47bf7,946e831b8b3c6c6e,False
img_000759,e:\Final_Project\Pnuemonia_Detection\data\raw_datasets\dataset_1\train\NORMAL\NORMAL-202916-0003.jpeg,dataset_1,NORMAL,NORMAL,0,1700b7437a2b1a29fd98bd2a719dc2d3322e7cb4ba6501f63ee1a3e54796dcf2,9168c71e98cd79e1,False
img_000382,e:\Final_Project\Pnuemonia_Detection\data\raw_datasets\dataset_1\test\PNEUMONIA\BACTERIA-6806075-0001.jpeg,dataset_1,PNEUMONIA,BACTERIAL,1,58fdfd1b04e561ad2b290fdd4732166a4571c420bf014e57d5a9f6b71531ff1e,9462af9dc75b814a,False
img_002488,e:\Final_Project\Pnuemonia_Detection\data\raw_datasets\dataset_1\train\PNEUMONIA\BACTERIA-292199-0002.jpeg,dataset_1,PNEUMONIA,BACTERIAL,1,7afbabc4fd010f004d8b9e2dc47f36642570964c89e94a8127558878c05da58b,d42f971f541e0e46,False
img_001733,e:\Final_Project\Pnuemonia_Detection\data\raw_datasets\dataset_1\train\NORMAL\NORMAL-8406902-0001.jpeg,dataset_1,NORMAL,NORMAL,0,c2cfbae1f4647f0ed7f80025b233ed38f404206215934ba5d2b6cb2eec1c3a6a,912dc61abc4b39c7,False
img_001068,e:\Final_Project\Pnuemonia_Detection\data\raw_datasets\dataset_1\train\NORMAL\NORMAL-3908973-0001.jpeg,dataset_1,NORMAL,NORMAL,0,4a68ee3fbd403cc6eec71d513619bbd8dfd6604c6e08fbb4a7b925b22d9dc0af,99a1c41ec66bb46b,False
img_003271,e:\Final_Project\Pnuemonia_Detection\data\raw_datasets\dataset_1\train\PNEUMONIA\BACTERIA-5510638-0002.jpeg,dataset_1,PNEUMONIA,BACTERIAL,1,1e89043629c5ea8c82aa3ea1a15123c6756471c5be4a11e5969145263f9678d2,946fe31e941a59a9,False
img_001119,e:\Final_Project\Pnuemonia_Detection\data\raw_datasets\dataset_1\train\NORMAL\NORMAL-4241389-0002.jpeg,dataset_1,NORMAL,NORMAL,0,2794fb2dd3d3e90083cf6c08e290459e770a9f85f59c6a97f67fb6a25820dd68,956a8758cd3d82c7,False
img_000638,e:\Final_Project\Pnuemonia_Detection\data\raw_datasets\dataset_1\train\NORMAL\NORMAL-1068231-0001.jpeg,dataset_1,NORMAL,NORMAL,0,a4adf28620a98c5f8346ef30e6400041c36d968489d7c48261857da4b2e8dc88,917ca73a8f3d280d,False
img_005508,e:\Final_Project\Pnuemonia_Detection\data\raw_datasets\dataset_1\train\PNEUMONIA\VIRUS-7620642-0005.jpeg,dataset_1,PNEUMONIA,VIRAL,2,7142c23576f61ddb452e5ecb7c2a60689500a0ea5acc921de59755100ed35229,d424e32fed2da849,False
img_006043,e:\Final_Project\Pnuemonia_Detection\data\raw_datasets\dataset_2\test\NORMAL\NORMAL2-IM-0322-0001.jpeg,dataset_2,NORMAL,NORMAL,0,88af6f358085a5c5f91e843ee8da27499c4949ec9573efb6b620365272133c22,90f0c75e964ea1c7,False
img_004167,e:\Final_Project\Pnuemonia_Detection\data\raw_datasets\dataset_1\train\PNEUMONIA\BACTERIA-8660561-0006.jpeg,dataset_1,PNEUMONIA,BACTERIAL,1,065ded3557fa451df37e9d726930c62dcba5df58b09a14caa3c5d7d172594ea5,d12f7a1858293d2f,False
img_001941,e:\Final_Project\Pnuemonia_Detection\data\raw_datasets\dataset_1\train\NORMAL\NORMAL-9806975-0001.jpeg,dataset_1,NORMAL,NORMAL,0,b808779f85624a001d5358183eadeae29ee570e6a28d44fce196257c06780c06,9139c71b99cd7c90,False
img_002358,e:\Final_Project\Pnuemonia_Detection\data\raw_datasets\dataset_1\train\PNEUMONIA\BACTERIA-2427242-0002.jpeg,dataset_1,PNEUMONIA,BACTERIAL,1,7b212dc9f0e9ba894795dce3155521bfa45acde8c98f93a251085ca017feebee,902a575e5e4a7d68,False
img_003525,e:\Final_Project\Pnuemonia_Detection\data\raw_datasets\dataset_1\train\PNEUMONIA\BACTERIA-6420973-0003.jpeg,dataset_1,PNEUMONIA,BACTERIAL,1,93d9851b858e539bee80dac11449566db6c4b027ca84ae04ebbc0e2cdc19cd40,c46cb71b011f7c47,False
img_000413,e:\Final_Project\Pnuemonia_Detection\data\raw_datasets\dataset_1\test\PNEUMONIA\BACTERIA-8046863-0002.jpeg,dataset_1,PNEUMONIA,BACTERIAL,1,a6deabf34cfbf10bcfac2761cf61bbf9fd7c6eee7dfbcbf6ce251ab6c179d7d5,9b6aef7da9883900,False
img_003238,e:\Final_Project\Pnuemonia_Detection\data\raw_datasets\dataset_1\train\PNEUMONIA\BACTERIA-5434840-0002.jpeg,dataset_1,PNEUMONIA,BACTERIAL,1,7c113e01f26497c4cf3ebe46723dcd6b909bff8dccf2f3bd79db01b2065e8440,802a7db6561e4e4f,False
img_001370,e:\Final_Project\Pnuemonia_Detection\data\raw_datasets\dataset_1\train\NORMAL\NORMAL-6062926-0001.jpeg,dataset_1,NORMAL,NORMAL,0,cbe54f98f75b62f962b77112685c44605d85824684c6d8188b7457a5ef2e6345,c11ec71abdc132e6,False
img_004852,e:\Final_Project\Pnuemonia_Detection\data\raw_datasets\dataset_1\train\PNEUMONIA\VIRUS-3408906-0007.jpeg,dataset_1,PNEUMONIA,VIRAL,2,0f82d1fbc6a556c3af72e183be66414a8c942f094dca7fb39353541d8936c971,856ae27ae05e7855,False
img_001445,e:\Final_Project\Pnuemonia_Detection\data\raw_datasets\dataset_1\train\NORMAL\NORMAL-6644501-0001.jpeg,dataset_1,NORMAL,NORMAL,0,2c525ad50cff012200589b49ec2c820655d06d9b1d8a7069a974d8baf3612375,d42cc73dcc0c1ccf,False
img_005391,e:\Final_Project\Pnuemonia_Detection\data\raw_datasets\dataset_1\train\PNEUMONIA\VIRUS-6718152-0001.jpeg,dataset_1,PNEUMONIA,VIRAL,2,f8ec1222786bc64a02197e742e458aba6a948e2cefb28bfe9c4338160f199ce9,91abc20bc8693deb,False
img_000196,e:\Final_Project\Pnuemonia_Detection\data\raw_datasets\dataset_1\test\NORMAL\NORMAL-7961936-0001.jpeg,dataset_1,NORMAL,NORMAL,0,54cb0c17dabe1c9045f436c513bee5f6543c530f2d672ec77a6a111ea052ce3a,917b961af81938b9,False
img_005253,e:\Final_Project\Pnuemonia_Detection\data\raw_datasets\dataset_1\train\PNEUMONIA\VIRUS-5895110-0002.jpeg,dataset_1,PNEUMONIA,VIRAL,2,0cf40aaf40ce64b21e9af4db1bc04067c0e690dbefeebe79f64fd533bf6a3c2e,c41cf24b1fe46c3c,False
img_002241,e:\Final_Project\Pnuemonia_Detection\data\raw_datasets\dataset_1\train\PNEUMONIA\BACTERIA-1984461-0009.jpeg,dataset_1,PNEUMONIA,BACTERIAL,1,c2e8f923350f8e55147c0febe2274c352767763a247b6c7b5339ebcc04b37cc8,9025e71eee4a3dc2,False
img_001002,e:\Final_Project\Pnuemonia_Detection\data\raw_datasets\dataset_1\train\NORMAL\NORMAL-3532468-0001.jpeg,dataset_1,NORMAL,NORMAL,0,0ecf006dd1b3ad1467bd1d2186c72c3451252738601e4824f5dc9f577dbaf122,c56eef1ac9871b40,False
img_004451,e:\Final_Project\Pnuemonia_Detection\data\raw_datasets\dataset_1\train\PNEUMONIA\BACTERIA-9674936-0004.jpeg,dataset_1,PNEUMONIA,BACTERIAL,1,0b7c213bcfeab1ba847c64e467b6c55bbc82270d63225a7c18201b28583a0904,953bfe10b531b590,False
img_002122,e:\Final_Project\Pnuemonia_Detection\data\raw_datasets\dataset_1\train\PNEUMONIA\BACTERIA-1612812-0001.jpeg,dataset_1,PNEUMONIA,BACTERIAL,1,3673eaa80416c88a27b0719750d2e67fff45ae46c3050bbfe91e6f8fefe3a9cb,d574281ef01a6f96,False
img_001525,e:\Final_Project\Pnuemonia_Detection\data\raw_datasets\dataset_1\train\NORMAL\NORMAL-7061098-0001.jpeg,dataset_1,NORMAL,NORMAL,0,309c5a809601a2dcf9798cdb8a536b64619c3b96f8596b2429a5478db5ef2440,906fc71e9e4139e4,False
img_002295,e:\Final_Project\Pnuemonia_Detection\data\raw_datasets\dataset_1\train\PNEUMONIA\BACTERIA-2172741-0001.jpeg,dataset_1,PNEUMONIA,BACTERIAL,1,b95dff45a8b6ffb68178fd76f28d9df9c0f0557d55a377c0648e40073db8c221,d06fc71b1a2a394d,False
img_001056,e:\Final_Project\Pnuemonia_Detection\data\raw_datasets\dataset_1\train\NORMAL\NORMAL-3861947-0001.jpeg,dataset_1,NORMAL,NORMAL,0,52966573dfc3223fd214eee6afd019a5b9bb9e445e846955a3cae64a1b530119,d46ce21b8b2f3874,False
img_003793,e:\Final_Project\Pnuemonia_Detection\data\raw_datasets\dataset_1\train\PNEUMONIA\BACTERIA-7469623-0001.jpeg,dataset_1,PNEUMONIA,BACTERIAL,1,36f25444d5ee12f4fbe54b2fc5d5232e1d21a320c5d02e417026cce84d95c814,d13dc31e944bb5c2,False
img_002962,e:\Final_Project\Pnuemonia_Detection\data\raw_datasets\dataset_1\train\PNEUMONIA\BACTERIA-4521338-0006.jpeg,dataset_1,PNEUMONIA,BACTERIAL,1,93af2ef967a6445887c3a6ba782c3f74390156fa0531413d72553432cd73801a,d02aef2ede4a1e42,False
img_001009,e:\Final_Project\Pnuemonia_Detection\data\raw_datasets\dataset_1\train\NORMAL\NORMAL-3624836-0001.jpeg,dataset_1,NORMAL,NORMAL,0,e96938c38332f7d85cd4f958f9a1f74ecefd9c6f76bc2fedb72b657033384eeb,817cc65a9cce3995,False
img_000844,e:\Final_Project\Pnuemonia_Detection\data\raw_datasets\dataset_1\train\NORMAL\NORMAL-2523281-0001.jpeg,dataset_1,NORMAL,NORMAL,0,77396e7078470d15478486b2aa15649a09cddcc52a548b16bf95b7e1f6fbd558,916cc678ed6d4986,False
img_002922,e:\Final_Project\Pnuemonia_Detection\data\raw_datasets\dataset_1\train\PNEUMONIA\BACTERIA-4407438-0001.jpeg,dataset_1,PNEUMONIA,BACTERIAL,1,7256cc15b74db4e3d89edb86d639eafefb4366a270bf64ba8a18554b50e612a2,95afa63a814f39c2,False
img_005042,e:\Final_Project\Pnuemonia_Detection\data\raw_datasets\dataset_1\train\PNEUMONIA\VIRUS-463487-0001.jpeg,dataset_1,PNEUMONIA,VIRAL,2,4aa8c6a8aa599575302f82cb22423ea72f050e69f67f17843616040aed4722e4,913dc70ff2693069,False
img_002666,e:\Final_Project\Pnuemonia_Detection\data\raw_datasets\dataset_1\train\PNEUMONIA\BACTERIA-3516794-0002.jpeg,dataset_1,PNEUMONIA,BACTERIAL,1,1d7909d2fb91edf922612b6b0407429c55dcc133cba198bf9ec80e11bfefbe34,d034c61ec54d9ced,False
img_000373,e:\Final_Project\Pnuemonia_Detection\data\raw_datasets\dataset_1\test\PNEUMONIA\BACTERIA-6105615-0002.jpeg,dataset_1,PNEUMONIA,BACTERIAL,1,44ace9c7e388cf75bf7788e16cd980532efcc8ca03cea000f0a790738e986c3f,d468220b0b59bb7f,False
img_000815,e:\Final_Project\Pnuemonia_Detection\data\raw_datasets\dataset_1\train\NORMAL\NORMAL-2344710-0002.jpeg,dataset_1,NORMAL,NORMAL,0,1e6adb3b7a6ce14c46e58914e8d0b2a54dce39d85ac833012f76897c087c78d7,912bc61ad85979d3,False
img_002182,e:\Final_Project\Pnuemonia_Detection\data\raw_datasets\dataset_1\train\PNEUMONIA\BACTERIA-1790048-0001.jpeg,dataset_1,PNEUMONIA,BACTERIAL,1,62a32260346f824e0f4935dc387d3057785cfdfccff1c7291c978f9b116e3e9a,d46c923b830f6d96,False
img_005428,e:\Final_Project\Pnuemonia_Detection\data\raw_datasets\dataset_1\train\PNEUMONIA\VIRUS-7016792-0001.jpeg,dataset_1,PNEUMONIA,VIRAL,2,22fc020190eb0bb84900a946ca5cddc9660ceed9e409a138d3767ea6edfb2464,81eaae1a875f115e,False
img_001604,e:\Final_Project\Pnuemonia_Detection\data\raw_datasets\dataset_1\train\NORMAL\NORMAL-7463705-0001.jpeg,dataset_1,NORMAL,NORMAL,0,c183beaed7abcfae78d2d73b37f5543ea6cbd5cc19021750b0c11071ca096a63,d12dc71ecc4d1cc5,False
img_002425,e:\Final_Project\Pnuemonia_Detection\data\raw_datasets\dataset_1\train\PNEUMONIA\BACTERIA-2664973-0001.jpeg,dataset_1,PNEUMONIA,BACTERIAL,1,6cb4cf8617e5495371178606456d23e9ed0160d85f991434f2dcc25e5dd4b665,d55de0e40e3ee0c5,False
img_004209,e:\Final_Project\Pnuemonia_Detection\data\raw_datasets\dataset_1\train\PNEUMONIA\BACTERIA-8756578-0002.jpeg,dataset_1,PNEUMONIA,BACTERIAL,1,c87fb54ee1c09e23b260eb86f7fcbcbb70397798a85f8d97e3295cb700e9b91d,d46f071a8f1c69c6,False
img_003835,e:\Final_Project\Pnuemonia_Detection\data\raw_datasets\dataset_1\train\PNEUMONIA\BACTERIA-7652732-0001.jpeg,dataset_1,PNEUMONIA,BACTERIAL,1,7ef8dd45bab5cbe3d7125b45f1684a3c524bc1eb7d81dbe9210cf7963da3e2b6,c46e2f0f457c64c6,False
img_005409,e:\Final_Project\Pnuemonia_Detection\data\raw_datasets\dataset_1\train\PNEUMONIA\VIRUS-6838768-0003.jpeg,dataset_1,PNEUMONIA,VIRAL,2,2ba44dde8d27d5a520a91d17dc243c888f0ba3aedc8467c6596b2bee12659794,9029e33ed6c23e5a,False
img_001156,e:\Final_Project\Pnuemonia_Detection\data\raw_datasets\dataset_1\train\NORMAL\NORMAL-4528586-0001.jpeg,dataset_1,NORMAL,NORMAL,0,5888bcd574637cb283d789843d9aad4b076595f67a842362b480072bb8901b36,9064875acd2dedc6,False
img_004110,e:\Final_Project\Pnuemonia_Detection\data\raw_datasets\dataset_1\train\PNEUMONIA\BACTERIA-8488185-0004.jpeg,dataset_1,PNEUMONIA,BACTERIAL,1,e68d56d53cb3e82a596e51b1af1ebb9f7eb4918f12d9f03974d41be10c4466b4,d82bc716c10f3e4b,False
img_005454,e:\Final_Project\Pnuemonia_Detection\data\raw_datasets\dataset_1\train\PNEUMONIA\VIRUS-7201196-0008.jpeg,dataset_1,PNEUMONIA,VIRAL,2,e67ed935436c22ff99f8b427b902485574f66883cea45eccf37c7fc4fdb1bc5c,947a6d1c4a286c7f,False
img_005546,e:\Final_Project\Pnuemonia_Detection\data\raw_datasets\dataset_1\train\PNEUMONIA\VIRUS-7849162-0003.jpeg,dataset_1,PNEUMONIA,VIRAL,2,c1dacc86c0c2f630745e80bdf9b3c5d251e9e0801ceae2c25edaac764e9dacbc,d07c873aad293c4e,False
img_003000,e:\Final_Project\Pnuemonia_Detection\data\raw_datasets\dataset_1\train\PNEUMONIA\BACTERIA-4617189-0007.jpeg,dataset_1,PNEUMONIA,BACTERIAL,1,b45eb310a54e379789dfb519352c240c6825187d47fe36f86933f1de13a36373,846ea71c0b953d6d,False
img_004330,e:\Final_Project\Pnuemonia_Detection\data\raw_datasets\dataset_1\train\PNEUMONIA\BACTERIA-9250380-0003.jpeg,dataset_1,PNEUMONIA,BACTERIAL,1,d96a97f8429f8e6630399f7fd830900c88b2a19afc8dccb6a8f7296ab9c1ded0,882ae63a74ca3cdd,False
img_003960,e:\Final_Project\Pnuemonia_Detection\data\raw_datasets\dataset_1\train\PNEUMONIA\BACTERIA-8034950-0014.jpeg,dataset_1,PNEUMONIA,BACTERIAL,1,80db86017391fd3ecddca1c47abd86404d5f9d6c3934a8c82c2050372c9383b2,91beee1a964b1549,False
img_001655,e:\Final_Project\Pnuemonia_Detection\data\raw_datasets\dataset_1\train\NORMAL\NORMAL-7902600-0001.jpeg,dataset_1,NORMAL,NORMAL,0,33bc2afdff7b7d461179b8e44d8fff546324ffba3e22b4d9c81a28cb897df8e1,d064c73dcc3c3cc6,False
img_000500,e:\Final_Project\Pnuemonia_Detection\data\raw_datasets\dataset_1\test\PNEUMONIA\VIRUS-2352342-0002.jpeg,dataset_1,PNEUMONIA,VIRAL,2,24e21f402bd4b4bd22e2c38a18190b1d76d6aac759cf74dcd8f8230d72ff8e12,d932d21dd23db069,False
img_005623,e:\Final_Project\Pnuemonia_Detection\data\raw_datasets\dataset_1\train\PNEUMONIA\VIRUS-8352680-0004.jpeg,dataset_1,PNEUMONIA,VIRAL,2,58c1cea12b7ca596203c2e4503a73b00f74b0ea52d72b1db83dd20c524a46738,d02fd3495a481ddd,False
img_005572,e:\Final_Project\Pnuemonia_Detection\data\raw_datasets\dataset_1\train\PNEUMONIA\VIRUS-8054264-0008.jpeg,dataset_1,PNEUMONIA,VIRAL,2,bb41a437f3e6f2050df768730862ba8abd62aafbd42adb1001c1e4f80672d3fa,d062c73ae13cf44e,False
img_000647,e:\Final_Project\Pnuemonia_Detection\data\raw_datasets\dataset_1\train\NORMAL\NORMAL-1150393-0001.jpeg,dataset_1,NORMAL,NORMAL,0,0fdc440f4c4ce0440000e4508b26aedf200120bebf0ff2321e4712f09de0bd3b,9829c71eda4b3d68,False
img_005369,e:\Final_Project\Pnuemonia_Detection\data\raw_datasets\dataset_1\train\PNEUMONIA\VIRUS-6614470-0003.jpeg,dataset_1,PNEUMONIA,VIRAL,2,d39bdc74bc9e21b551f7b7f67700e9b37508772638f40d9b3dcea59c97dea032,906be73aab0b3943,False
img_002384,e:\Final_Project\Pnuemonia_Detection\data\raw_datasets\dataset_1\train\PNEUMONIA\BACTERIA-2516070-0001.jpeg,dataset_1,PNEUMONIA,BACTERIAL,1,b156cd11df0d3011d1962e216b4a4e710413490736bc58316fbd14f52cd8c026,9178e778c65e4896,False
img_004087,e:\Final_Project\Pnuemonia_Detection\data\raw_datasets\dataset_1\train\PNEUMONIA\BACTERIA-8446523-0001.jpeg,dataset_1,PNEUMONIA,BACTERIAL,1,b2879ba68d9bd33c646a78e9333a02220cfdeb91828824170ec9f9fc1b6bf9f6,c12fe6d29b166961,False
img_003440,e:\Final_Project\Pnuemonia_Detection\data\raw_datasets\dataset_1\train\PNEUMONIA\BACTERIA-6108651-0001.jpeg,dataset_1,PNEUMONIA,BACTERIAL,1,d917109e2e1f0dfb003ea6454537f4a60f21909d850923cae7010000a4d1b2b4,902b471eda5a3c6d,False
img_000691,e:\Final_Project\Pnuemonia_Detection\data\raw_datasets\dataset_1\train\NORMAL\NORMAL-1528760-0001.jpeg,dataset_1,NORMAL,NORMAL,0,4ca90d07580106c57c089fe8b2e86387d6bbc3ac4368d29ceeb6a940f3d2c594,d07cc73d8d0d1ccc,False
img_002148,e:\Final_Project\Pnuemonia_Detection\data\raw_datasets\dataset_1\train\PNEUMONIA\BACTERIA-1683999-0001.jpeg,dataset_1,PNEUMONIA,BACTERIAL,1,9caae9fe986faa233691e2a37db545a8dc59a89408ccc8713435751713320f83,942ee71fd14b9d40,False
img_002413,e:\Final_Project\Pnuemonia_Detection\data\raw_datasets\dataset_1\train\PNEUMONIA\BACTERIA-2609929-0003.jpeg,dataset_1,PNEUMONIA,BACTERIAL,1,acac5b74c5c9bed6989f8843936d61f8b68b7f012a327881be78f77fa9971334,d07fd31a18933d94,False
img_005473,e:\Final_Project\Pnuemonia_Detection\data\raw_datasets\dataset_1\train\PNEUMONIA\VIRUS-7363826-0002.jpeg,dataset_1,PNEUMONIA,VIRAL,2,8e713ae12ebc592bc3b0841d9a92843061551e245076e114751fc43d7b7985c7,d47fa71e8a0b1c45,False
img_004210,e:\Final_Project\Pnuemonia_Detection\data\raw_datasets\dataset_1\train\PNEUMONIA\BACTERIA-8775500-0001.jpeg,dataset_1,PNEUMONIA,BACTERIAL,1,2ac4e209115b4f59cf6a85a5c3c1217f4ed67db15200826b2f8de7661cc9b67d,d07ee71b1b432934,False
img_001564,e:\Final_Project\Pnuemonia_Detection\data\raw_datasets\dataset_1\train\NORMAL\NORMAL-7252162-0001.jpeg,dataset_1,NORMAL,NORMAL,0,d0b6a0294e31ea6c45f62e399eac3d6fa6ab4fdc3c3415c8649e54e6bb8293ad,917cc71acd4f2994,False
img_000802,e:\Final_Project\Pnuemonia_Detection\data\raw_datasets\dataset_1\train\NORMAL\NORMAL-230877-0001.jpeg,dataset_1,NORMAL,NORMAL,0,42ef05086fc8a75f41897adc3e7fd1c21009d41ab5660332b095c1e9811f5574,d0eec74bc9c169e0,False
img_000170,e:\Final_Project\Pnuemonia_Detection\data\raw_datasets\dataset_1\test\NORMAL\NORMAL-6983998-0001.jpeg,dataset_1,NORMAL,NORMAL,0,b1c317066405ebebe9c1f1dc687d5dc7a7f0198b86c35328df6b809d25d2ae95,d4f4c30bc30fb147,False
img_004201,e:\Final_Project\Pnuemonia_Detection\data\raw_datasets\dataset_1\train\PNEUMONIA\BACTERIA-8738712-0008.jpeg,dataset_1,PNEUMONIA,BACTERIAL,1,51d4f9b5e369db5ed73affb0dfbdf51c313139c6be3e027b965d5f479a04533d,947aab8f011d3d2d,False
img_004019,e:\Final_Project\Pnuemonia_Detection\data\raw_datasets\dataset_1\train\PNEUMONIA\BACTERIA-8285719-0002.jpeg,dataset_1,PNEUMONIA,BACTERIAL,1,82c1a0e0e33b622f8dc96a473395f7d05c02c5d12bd9b348fc500579217ccfec,94ebaa288718877f,False
img_005488,e:\Final_Project\Pnuemonia_Detection\data\raw_datasets\dataset_1\train\PNEUMONIA\VIRUS-7450111-0001.jpeg,dataset_1,PNEUMONIA,VIRAL,2,a936126e36493e051118f49bf62c006e0d1dab02a8de12c183783dd63b2bafdd,90aecf5f540a3ac3,False
img_002072,e:\Final_Project\Pnuemonia_Detection\data\raw_datasets\dataset_1\train\PNEUMONIA\BACTERIA-134339-0001.jpeg,dataset_1,PNEUMONIA,BACTERIAL,1,1b5bb84918937b7850c75370a8df51f7e8cd77f82d73b6980f3cf4d640c510dc,983be7965c435d50,False
img_003582,e:\Final_Project\Pnuemonia_Detection\data\raw_datasets\dataset_1\train\PNEUMONIA\BACTERIA-65696-0001.jpeg,dataset_1,PNEUMONIA,BACTERIAL,1,432ddaaa5daed241fdcb61ac9a259db92afe1fa15380493fa168a29cebc6d647,80ffd53a810879cf,False
img_001717,e:\Final_Project\Pnuemonia_Detection\data\raw_datasets\dataset_1\train\NORMAL\NORMAL-831813-0002.jpeg,dataset_1,NORMAL,NORMAL,0,51b5a7f9ebd0b2adc43dc04762f8a539fd21bdf547855352f4f1c89115e8b192,9929c63ad86d7949,False
img_003310,e:\Final_Project\Pnuemonia_Detection\data\raw_datasets\dataset_1\train\PNEUMONIA\BACTERIA-5619191-0001.jpeg,dataset_1,PNEUMONIA,BACTERIAL,1,fcf1a51c29c3ef7eb2125eb45f3f5113f9750c38d36a02a38f757030cbef1a74,9123e31efa4a3969,False
img_000470,e:\Final_Project\Pnuemonia_Detection\data\raw_datasets\dataset_1\test\PNEUMONIA\BACTERIA-9857270-0001.jpeg,dataset_1,PNEUMONIA,BACTERIAL,1,b96cb1aeba6de3bc19cf2b99de695b62a9022d88675c57d6bd5ebaf811208148,913fe21ad469344f,False
img_004862,e:\Final_Project\Pnuemonia_Detection\data\raw_datasets\dataset_1\train\PNEUMONIA\VIRUS-3523856-0003.jpeg,dataset_1,PNEUMONIA,VIRAL,2,d35e351ee82992e0bd0a395d750fad81c36a9386d7e6a7579565cb0c6e263f1b,d078c739ec3c3c8c,False
img_005745,e:\Final_Project\Pnuemonia_Detection\data\raw_datasets\dataset_1\train\PNEUMONIA\VIRUS-9248466-0001.jpeg,dataset_1,PNEUMONIA,VIRAL,2,97d778ffd1ec7971f5d9cd3de240a88d3ba09e58e6782ca106925d2f2a670f96,9435c31ad64abcc7,False
img_001151,e:\Final_Project\Pnuemonia_Detection\data\raw_datasets\dataset_1\train\NORMAL\NORMAL-4515478-0001.jpeg,dataset_1,NORMAL,NORMAL,0,e2430c5da73120b4442fbbcc0e2df9a317178b2ceaf214153c3c7addfdcb7a02,9169c75ac94959cd,False
img_000543,e:\Final_Project\Pnuemonia_Detection\data\raw_datasets\dataset_1\test\PNEUMONIA\VIRUS-4655012-0001.jpeg,dataset_1,PNEUMONIA,VIRAL,2,1e4137cb15e026882232f71d00691c8dd3f140a76dc6f8812103f9fd99740259,9174c65a914bb997,False
img_005588,e:\Final_Project\Pnuemonia_Detection\data\raw_datasets\dataset_1\train\PNEUMONIA\VIRUS-8144515-0001.jpeg,dataset_1,PNEUMONIA,VIRAL,2,a27cb3e298b3f25c16c0f213711fae13b49c8dc57d4934ae5b0e8082f6f6ae69,9074c61ac74f29cf,False
img_000136,e:\Final_Project\Pnuemonia_Detection\data\raw_datasets\dataset_1\test\NORMAL\NORMAL-5893138-0001.jpeg,dataset_1,NORMAL,NORMAL,0,ae7f1ef7dee6d9c2469ae395875cc7157220e58f7fbeacccd6d4c7b143483432,c16fc75acd4960c3,False
img_002374,e:\Final_Project\Pnuemonia_Detection\data\raw_datasets\dataset_1\train\PNEUMONIA\BACTERIA-2474652-0008.jpeg,dataset_1,PNEUMONIA,BACTERIAL,1,0c73920c3ed7438716ed49c382b79a64d5f9ca784effbfd679b34a8c45250497,9069c71ee27ab04f,False
img_005610,e:\Final_Project\Pnuemonia_Detection\data\raw_datasets\dataset_1\train\PNEUMONIA\VIRUS-8286558-0001.jpeg,dataset_1,PNEUMONIA,VIRAL,2,4061e097b81c13cfd8010041e9e90e749883a545e4d270b3e287862318566b3d,d00ba3abbee82b1c,False
img_002292,e:\Final_Project\Pnuemonia_Detection\data\raw_datasets\dataset_1\train\PNEUMONIA\BACTERIA-215369-0010.jpeg,dataset_1,PNEUMONIA,BACTERIAL,1,8d1007a10ad7352b0474e4ea914f313611036a5ef748508be6b1dbfdd8b896d1,912fc71eca39c11b,False
img_001919,e:\Final_Project\Pnuemonia_Detection\data\raw_datasets\dataset_1\train\NORMAL\NORMAL-9697349-0001.jpeg,dataset_1,NORMAL,NORMAL,0,930d4a62fc9cf3bf3984c523173ba5d707feeaccac07e21e07e21afb53394736,9129e63af8693971,False
img_003782,e:\Final_Project\Pnuemonia_Detection\data\raw_datasets\dataset_1\train\PNEUMONIA\BACTERIA-7435285-0003.jpeg,dataset_1,PNEUMONIA,BACTERIAL,1,3d4122d437f56d421b81272bdf2c61e5a2ccf0a8680ec518fe51eec68d2cc87f,9839e139b7e33548,False
img_000486,e:\Final_Project\Pnuemonia_Detection\data\raw_datasets\dataset_1\test\PNEUMONIA\VIRUS-1352878-0006.jpeg,dataset_1,PNEUMONIA,VIRAL,2,c44e31f621d18430fda4d08865074228876e5ef6e26ae253f3ae09a7f39196af,907fe31cd24f304b,False
img_001138,e:\Final_Project\Pnuemonia_Detection\data\raw_datasets\dataset_1\train\NORMAL\NORMAL-4418958-0003.jpeg,dataset_1,NORMAL,NORMAL,0,2dc3d470743ea5e547c77a4cd071b2e528d11b8c7c9d42f632fe269402077697,d56f871b8d0d0cc6,False
img_004286,e:\Final_Project\Pnuemonia_Detection\data\raw_datasets\dataset_1\train\PNEUMONIA\BACTERIA-9120067-0001.jpeg,dataset_1,PNEUMONIA,BACTERIAL,1,a618f22c301dca6dc0d661b504255fe3a2f2670e309705fec9d1b33085754ef7,902bef5e94c03d3c,False
img_004321,e:\Final_Project\Pnuemonia_Detection\data\raw_datasets\dataset_1\train\PNEUMONIA\BACTERIA-92115-0003.jpeg,dataset_1,PNEUMONIA,BACTERIAL,1,c9ff696cde3ef190e237c24aba927261d4924de7257e0e795e883e86f2c12e2c,cabd910fd22e922d,False
img_000784,e:\Final_Project\Pnuemonia_Detection\data\raw_datasets\dataset_1\train\NORMAL\NORMAL-2233981-0001.jpeg,dataset_1,NORMAL,NORMAL,0,07372d2b5d65639f4e1f882e432779ae53b40bc62ee2b4d230db5ec564fc7067,810ae71bf8c54bd3,False
img_004231,e:\Final_Project\Pnuemonia_Detection\data\raw_datasets\dataset_1\train\PNEUMONIA\BACTERIA-886684-0001.jpeg,dataset_1,PNEUMONIA,BACTERIAL,1,a5c4735626c7f312528e08f2393b0f368bf6d3e7f732ad121573e5973e7a53e0,d1feee5a50405a5a,False
img_005472,e:\Final_Project\Pnuemonia_Detection\data\raw_datasets\dataset_1\train\PNEUMONIA\VIRUS-7362515-0001.jpeg,dataset_1,PNEUMONIA,VIRAL,2,400460b10bee946df43917cf764abf3de0e4ef83f9a9dbb61424891cbbe5b507,c137e21b9e69b0ca,False
img_001097,e:\Final_Project\Pnuemonia_Detection\data\raw_datasets\dataset_1\train\NORMAL\NORMAL-4122298-0001.jpeg,dataset_1,NORMAL,NORMAL,0,1cbd59a62e224f7f86204d3f2768a29ece1553720943a7cb50604476d043db3f,d046c71fcd4d4cc6,False
img_005970,e:\Final_Project\Pnuemonia_Detection\data\raw_datasets\dataset_2\test\NORMAL\NORMAL2-IM-0145-0001.jpeg,dataset_2,NORMAL,NORMAL,0,6e88184bd28ba8cc47a2ae8f6de3a39fb464e8cc84564813a67c7209940f2ea8,9179c71a465e584f,False
img_003324,e:\Final_Project\Pnuemonia_Detection\data\raw_datasets\dataset_1\train\PNEUMONIA\BACTERIA-5628383-0008.jpeg,dataset_1,PNEUMONIA,BACTERIAL,1,9f4d638b56ef312c407f02739b39abcde3cb2fd0dd84df1b7b3ba44743c96000,807f567e5a4a1a4b,False
img_005159,e:\Final_Project\Pnuemonia_Detection\data\raw_datasets\dataset_1\train\PNEUMONIA\VIRUS-5315109-0002.jpeg,dataset_1,PNEUMONIA,VIRAL,2,ba14be9e935c910e8683b4d9013770e0f7d77f1e9aa6e4e7cc9faf0ae98b2632,c06ea719836de569,False
img_005794,e:\Final_Project\Pnuemonia_Detection\data\raw_datasets\dataset_1\train\PNEUMONIA\VIRUS-9551241-0006.jpeg,dataset_1,PNEUMONIA,VIRAL,2,b55c89e0972ca7b9ead4b601b262ba3e5e7da57623d795c3c3ef5447eb3688fb,d5286ce2232b6ee6,False
img_000808,e:\Final_Project\Pnuemonia_Detection\data\raw_datasets\dataset_1\train\NORMAL\NORMAL-2333546-0004.jpeg,dataset_1,NORMAL,NORMAL,0,a6f5d96c79428abbfe11b4aba65c2ba5e4b391a26efbaa30eb78631d3eb401b2,9d6f870b890f4c4d,False
img_002752,e:\Final_Project\Pnuemonia_Detection\data\raw_datasets\dataset_1\train\PNEUMONIA\BACTERIA-3828519-0004.jpeg,dataset_1,PNEUMONIA,BACTERIAL,1,c33ecb1652aebd310822b842bfd5069d7288b4d9b557049f589ea323929b13a2,c06da73a934b0f87,False
img_006030,e:\Final_Project\Pnuemonia_Detection\data\raw_datasets\dataset_2\test\NORMAL\NORMAL2-IM-0304-0001.jpeg,dataset_2,NORMAL,NORMAL,0,977e6a879b2a07248904895f985acab7b1cff96cc3479f1f2ffbc99bc5233347,d4f0831bc779b10e,False
img_000403,e:\Final_Project\Pnuemonia_Detection\data\raw_datasets\dataset_1\test\PNEUMONIA\BACTERIA-7257218-0002.jpeg,dataset_1,PNEUMONIA,BACTERIAL,1,b7a0e60ebc0ebd71fdf14f5a11f1631410a2385c3ae14d859282d37d3c095eef,910bf7565e5a1a58,False
img_000985,e:\Final_Project\Pnuemonia_Detection\data\raw_datasets\dataset_1\train\NORMAL\NORMAL-3482198-0003.jpeg,dataset_1,NORMAL,NORMAL,0,b348758b91ac3890f050777dbe8d76661bbba9f1345b33de9e23d7710cd6b9b3,91fc9e388978b84d,False
img_003496,e:\Final_Project\Pnuemonia_Detection\data\raw_datasets\dataset_1\train\PNEUMONIA\BACTERIA-6295192-0008.jpeg,dataset_1,PNEUMONIA,BACTERIAL,1,2ba3bfdb9eccaae4c11fccda3314abd3dc0e2e13c902510098bfd1d692330269,912be75ed4c23cd0,False
img_000320,e:\Final_Project\Pnuemonia_Detection\data\raw_datasets\dataset_1\test\PNEUMONIA\BACTERIA-4167818-0002.jpeg,dataset_1,PNEUMONIA,BACTERIAL,1,6dd4b9a8b4e255e2f926cacfee5d1bde3955a553e78fdcdb86de2087afc7783f,943b6b1e5c493d58,False
img_002017,e:\Final_Project\Pnuemonia_Detection\data\raw_datasets\dataset_1\train\PNEUMONIA\BACTERIA-1083680-0027.jpeg,dataset_1,PNEUMONIA,BACTERIAL,1,590393a57c4ebabc646c0110ee3e54e483ead13dcaa28183f1ec71898d093eb1,952be34f1ce01e3a,False
img_001059,e:\Final_Project\Pnuemonia_Detection\data\raw_datasets\dataset_1\train\NORMAL\NORMAL-3873301-0002.jpeg,dataset_1,NORMAL,NORMAL,0,291c3de3e86110cb49f0d3f4c66565e4a0438c7a4cec9b13101e51d3e080e552,9568ce1a99cf6985,False
img_005375,e:\Final_Project\Pnuemonia_Detection\data\raw_datasets\dataset_1\train\PNEUMONIA\VIRUS-6666172-0001.jpeg,dataset_1,PNEUMONIA,VIRAL,2,e52330d9f7ad469d24a760089968a2e1f510bb3692be7b6eeeadcb34cbf0e2cc,942bef1e98c31e58,False
img_005589,e:\Final_Project\Pnuemonia_Detection\data\raw_datasets\dataset_1\train\PNEUMONIA\VIRUS-8161653-0002.jpeg,dataset_1,PNEUMONIA,VIRAL,2,7e8e2da262feb1fb19e75172ee01eab1c4754378f4c0f131a615a487543daa3a,9069c21e425e6f7d,False
img_000313,e:\Final_Project\Pnuemonia_Detection\data\raw_datasets\dataset_1\test\PNEUMONIA\BACTERIA-4130801-0001.jpeg,dataset_1,PNEUMONIA,BACTERIAL,1,f1dcf91e1a2e7dc1560376a030b7aec076ad71cad2f98fdb84ff90e75eba0ae5,d06bc22a433b1b5f,False
img_000241,e:\Final_Project\Pnuemonia_Detection\data\raw_datasets\dataset_1\test\PNEUMONIA\BACTERIA-1351146-0002.jpeg,dataset_1,PNEUMONIA,BACTERIAL,1,ae7d1e6fb914590f4fddcfde63fc7cdc4483e8d4deeb8ab542a05dc76a3c4e2f,947a6b3ec21cf0c3,False
img_001179,e:\Final_Project\Pnuemonia_Detection\data\raw_datasets\dataset_1\train\NORMAL\NORMAL-4688588-0001.jpeg,dataset_1,NORMAL,NORMAL,0,8bc41068df1e13a35ffd274abb17f666ca8c3947361a6aee093429e7754882af,d100f70afd0d793c,False
img_005744,e:\Final_Project\Pnuemonia_Detection\data\raw_datasets\dataset_1\train\PNEUMONIA\VIRUS-9243857-0001.jpeg,dataset_1,PNEUMONIA,VIRAL,2,edb5485ca35186b6f3f1fcfa0c944c3432709886004a9e5175c6b37d6c311763,80eaef589719171e,False
img_001341,e:\Final_Project\Pnuemonia_Detection\data\raw_datasets\dataset_1\train\NORMAL\NORMAL-5816980-0001.jpeg,dataset_1,NORMAL,NORMAL,0,e5c46bac2ebc311c4cb7ba1c43568e7fae236724e0074b3a0692e0e732825ff8,917cc71a9d4d19cc,False
img_004964,e:\Final_Project\Pnuemonia_Detection\data\raw_datasets\dataset_1\train\PNEUMONIA\VIRUS-4074119-0002.jpeg,dataset_1,PNEUMONIA,VIRAL,2,f80f286b57946f5b1647564247dd1a93471da877baf069826c42349d15cd4cb3,d13bf7923838213b,False
img_000064,e:\Final_Project\Pnuemonia_Detection\data\raw_datasets\dataset_1\test\NORMAL\NORMAL-3397442-0001.jpeg,dataset_1,NORMAL,NORMAL,0,8060f372fac1fb77a5a8b7d3c289cf0dd86c97ead772adbdc3ba8963b8ce147f,d474971b8339963a,False
img_005557,e:\Final_Project\Pnuemonia_Detection\data\raw_datasets\dataset_1\train\PNEUMONIA\VIRUS-7952682-0001.jpeg,dataset_1,PNEUMONIA,VIRAL,2,ca0f15adcb1627c853243e8ecc0b0d8d3d01d74304ea4b7c56ce6e78ec3bbd1f,803561c7377c36cb,False
img_001946,e:\Final_Project\Pnuemonia_Detection\data\raw_datasets\dataset_1\train\NORMAL\NORMAL-9847458-0001.jpeg,dataset_1,NORMAL,NORMAL,0,09f17dbd7c20fe86146e167972a8277e387e6519a0be294e078a5220e6192488,d1bee68e38c51c29,False
img_001133,e:\Final_Project\Pnuemonia_Detection\data\raw_datasets\dataset_1\train\NORMAL\NORMAL-4358449-0001.jpeg,dataset_1,NORMAL,NORMAL,0,75a44643979ef091b63aa7652a33b369777ae696f0b2084a1ab853914a72170b,9174c73acb3d7884,False
img_005163,e:\Final_Project\Pnuemonia_Detection\data\raw_datasets\dataset_1\train\PNEUMONIA\VIRUS-5346693-0002.jpeg,dataset_1,PNEUMONIA,VIRAL,2,58e8b7eb5a517fa1a48bcae06b833a22e7cdd97cd66c7ca9e4e0ee5b50ff23a9,d0bdc23dec3c382c,False
img_005184,e:\Final_Project\Pnuemonia_Detection\data\raw_datasets\dataset_1\train\PNEUMONIA\VIRUS-5442456-0002.jpeg,dataset_1,PNEUMONIA,VIRAL,2,cc78619120c1bfb24119d67bcc8c6e9be6c902a55f70ce24d28987398182187c,d5ffe602185f5a10,False
img_000979,e:\Final_Project\Pnuemonia_Detection\data\raw_datasets\dataset_1\train\NORMAL\NORMAL-3411116-0003.jpeg,dataset_1,NORMAL,NORMAL,0,6096d28d6ea4715767ad9c914261d0e4684d14b36c31b00789a5a40ffa9a15d4,9128ce38c97999d7,False
img_001821,e:\Final_Project\Pnuemonia_Detection\data\raw_datasets\dataset_1\train\NORMAL\NORMAL-9020082-0001.jpeg,dataset_1,NORMAL,NORMAL,0,84ea579cdedc3088768bce765d4ce81bd6e37432ca172768cda009e87d78c2ee,c06fcf1acd492ac3,False
img_000542,e:\Final_Project\Pnuemonia_Detection\data\raw_datasets\dataset_1\test\PNEUMONIA\VIRUS-4533169-0001.jpeg,dataset_1,PNEUMONIA,VIRAL,2,782b845f006fad195cb73ad5ed49d29ed82bc2c7f0eb4858ff3e29eaf713ca4f,90ade63aea3bb049,False
img_000604,e:\Final_Project\Pnuemonia_Detection\data\raw_datasets\dataset_1\test\PNEUMONIA\VIRUS-8427429-0001.jpeg,dataset_1,PNEUMONIA,VIRAL,2,c2812aff83b83795a1b77eeca9927f6bd3ab7d74b71ec4657b524f192ecc8473,d06ac37ae93da886,False
img_004373,e:\Final_Project\Pnuemonia_Detection\data\raw_datasets\dataset_1\train\PNEUMONIA\BACTERIA-9438146-0001.jpeg,dataset_1,PNEUMONIA,BACTERIAL,1,a735b73503c3fe9fcb32e1e406df50ddc081160e1220ed390fdee3a12c4e4f56,d46fe71e38413d24,False
img_003080,e:\Final_Project\Pnuemonia_Detection\data\raw_datasets\dataset_1\train\PNEUMONIA\BACTERIA-4973842-0006.jpeg,dataset_1,PNEUMONIA,BACTERIAL,1,28263b246042adfcb032db6ddfc69863318a227c5d0c486bcbda0d2b4fbc341d,8821e53fb54e3f90,False
img_005335,e:\Final_Project\Pnuemonia_Detection\data\raw_datasets\dataset_1\train\PNEUMONIA\VIRUS-6398913-0002.jpeg,dataset_1,PNEUMONIA,VIRAL,2,75633e55e860ff89baaf6c3418bda8bc5cf46cb774df5e3188e4c0f66805bc96,d127c31bc6693c63,False
img_000081,e:\Final_Project\Pnuemonia_Detection\data\raw_datasets\dataset_1\test\NORMAL\NORMAL-3983280-0001.jpeg,dataset_1,NORMAL,NORMAL,0,aa0d938780b50b9a8aeb01eef7909e217002f864d76f285b305387bb90c4bca7,9d2f861a454e5c4f,False
img_003833,e:\Final_Project\Pnuemonia_Detection\data\raw_datasets\dataset_1\train\PNEUMONIA\BACTERIA-7631316-0001.jpeg,dataset_1,PNEUMONIA,BACTERIAL,1,b7e429f0d5c2ff9107b99165e3d76c02dd88eba2b607d9767ec32d7b91710826,946ea75cc31f6886,False
img_001250,e:\Final_Project\Pnuemonia_Detection\data\raw_datasets\dataset_1\train\NORMAL\NORMAL-5288174-0001.jpeg,dataset_1,NORMAL,NORMAL,0,206e011a680b5a314c40538ba1dc491476c33fbe1d41ecc80a065d1bc3cffe88,997ac65a5d5d1905,False
img_004309,e:\Final_Project\Pnuemonia_Detection\data\raw_datasets\dataset_1\train\PNEUMONIA\BACTERIA-9176919-0010.jpeg,dataset_1,PNEUMONIA,BACTERIAL,1,fadcd4168d8d91984cd7090309f6b62d2ac882014be8436c72b5121ef58d5b79,913ff33f96c09414,False
img_001080,e:\Final_Project\Pnuemonia_Detection\data\raw_datasets\dataset_1\train\NORMAL\NORMAL-3982198-0001.jpeg,dataset_1,NORMAL,NORMAL,0,3539ad45db3061d4e3064b0064386ef79f7844f1f3371385e2a2ddf50f338d13,903fab1a0d591dd5,False
img_003604,e:\Final_Project\Pnuemonia_Detection\data\raw_datasets\dataset_1\train\PNEUMONIA\BACTERIA-6660769-0003.jpeg,dataset_1,PNEUMONIA,BACTERIAL,1,f7f1568b12da30d188b267e18874fd790ce7c3b6c086c2c19e7e24a528362dde,816f871a835f3b07,False
img_002479,e:\Final_Project\Pnuemonia_Detection\data\raw_datasets\dataset_1\train\PNEUMONIA\BACTERIA-2897609-0001.jpeg,dataset_1,PNEUMONIA,BACTERIAL,1,94d44b01d34992e28089512fd52c787f2218cffe32dbd613b0590bee9245e65d,91afe6bab0e134a1,False
img_000132,e:\Final_Project\Pnuemonia_Detection\data\raw_datasets\dataset_1\test\NORMAL\NORMAL-5661793-0002.jpeg,dataset_1,NORMAL,NORMAL,0,81018bcf16f72ca7ad770f76c1a3e591df43d14ea870fe0f0720bbf101eabcdd,d4f4977a873a203c,False
img_002633,e:\Final_Project\Pnuemonia_Detection\data\raw_datasets\dataset_1\train\PNEUMONIA\BACTERIA-3399638-0004.jpeg,dataset_1,PNEUMONIA,BACTERIAL,1,94ca7ffb3d7520a21273d1e31b050e28a13b0940a35d45ffc35f0f3becb57da0,d03eda1c1c166f96,False
img_005384,e:\Final_Project\Pnuemonia_Detection\data\raw_datasets\dataset_1\train\PNEUMONIA\VIRUS-671100-0002.jpeg,dataset_1,PNEUMONIA,VIRAL,2,2d77a1a4729ca9bcc0711a4655ae89d06126dd4cd4af94789a372e4fe7e22db4,9185e31ed2cbb8c9,False
img_002298,e:\Final_Project\Pnuemonia_Detection\data\raw_datasets\dataset_1\train\PNEUMONIA\BACTERIA-2182520-0001.jpeg,dataset_1,PNEUMONIA,BACTERIAL,1,00a7f3549893e45cee5623c67e248f78f66c211285d73d55781c2d368b476451,d46e2210535de37e,False
img_001859,e:\Final_Project\Pnuemonia_Detection\data\raw_datasets\dataset_1\train\NORMAL\NORMAL-9235070-0002.jpeg,dataset_1,NORMAL,NORMAL,0,34235b336a24c0e78bf42a1aae6667315a01f61a6ade202eef5310a2f5ca8dea,d46f8f1b8d0d80c7,False
img_003327,e:\Final_Project\Pnuemonia_Detection\data\raw_datasets\dataset_1\train\PNEUMONIA\BACTERIA-5628383-0011.jpeg,dataset_1,PNEUMONIA,BACTERIAL,1,8128417cf9d7293b6fd7d18d017e2341ecbe16531e1a74a3534c2490bf963e94,c0155a5afe683a3d,False
img_002936,e:\Final_Project\Pnuemonia_Detection\data\raw_datasets\dataset_1\train\PNEUMONIA\BACTERIA-4456962-0001.jpeg,dataset_1,PNEUMONIA,BACTERIAL,1,708d83d5adaec38e52d635ad5c0639a8b6dfacea561c73600a98bceb8d975074,d03b435e1e78693c,False
img_004583,e:\Final_Project\Pnuemonia_Detection\data\raw_datasets\dataset_1\train\PNEUMONIA\VIRUS-1393486-0003.jpeg,dataset_1,PNEUMONIA,VIRAL,2,258f4e12844153425628b85975b875524bd002dbb55e027746dda5d1be7cbab4,d03ce69bbf890b0c,False
img_000089,e:\Final_Project\Pnuemonia_Detection\data\raw_datasets\dataset_1\test\NORMAL\NORMAL-4511610-0001.jpeg,dataset_1,NORMAL,NORMAL,0,2043b944727b1573ee323bb8066fda38ea53fcf4d85f9d2d72829f0bc27e6827,9178071a5b6d78e5,False
img_000761,e:\Final_Project\Pnuemonia_Detection\data\raw_datasets\dataset_1\train\NORMAL\NORMAL-2031622-0001.jpeg,dataset_1,NORMAL,NORMAL,0,cdf5f89ae502ef9c356ec68a8f8f2780e51be837d27f9a08309e04cb1c98d943,91e8ce78d9393925,False
img_004810,e:\Final_Project\Pnuemonia_Detection\data\raw_datasets\dataset_1\train\PNEUMONIA\VIRUS-3049393-0002.jpeg,dataset_1,PNEUMONIA,VIRAL,2,29710462699df4a0732251e4da3253da696dc6edd64b6d635baefaac5e5d0024,d07ac779819a6996,False
img_000491,e:\Final_Project\Pnuemonia_Detection\data\raw_datasets\dataset_1\test\PNEUMONIA\VIRUS-1540910-0001.jpeg,dataset_1,PNEUMONIA,VIRAL,2,463874182bc08239eb7508b56ae337e7445a7015e1d3e5db0a28e31c64003ef3,d034c61bdd4b3c4e,False
img_000494,e:\Final_Project\Pnuemonia_Detection\data\raw_datasets\dataset_1\test\PNEUMONIA\VIRUS-2040583-0001.jpeg,dataset_1,PNEUMONIA,VIRAL,2,e4898ae7f2100dc6af1e441576f56a66e59711809c48161d7bdb2f4035a5fbd9,9174e63aaa3b2a87,False
img_001147,e:\Final_Project\Pnuemonia_Detection\data\raw_datasets\dataset_1\train\NORMAL\NORMAL-4499436-0001.jpeg,dataset_1,NORMAL,NORMAL,0,f14236763d14795bd327dd9187c8de6f324c1a2be5c8effee077f0d247a2d31f,916cc71a99ed38e4,False
img_004911,e:\Final_Project\Pnuemonia_Detection\data\raw_datasets\dataset_1\train\PNEUMONIA\VIRUS-3732874-0001.jpeg,dataset_1,PNEUMONIA,VIRAL,2,a4c5148e27cf1b0a7292911376e45d0fc403e2a09f9e104cd68ca437c5490e52,d105c71ae56bbc61,False
img_002473,e:\Final_Project\Pnuemonia_Detection\data\raw_datasets\dataset_1\train\PNEUMONIA\BACTERIA-2858069-0001.jpeg,dataset_1,PNEUMONIA,BACTERIAL,1,09512ed238a25201211219a31271d0591075194d6c74e3f4f529624397b8a67e,91a7c21ad04ebcdb,False
img_005524,e:\Final_Project\Pnuemonia_Detection\data\raw_datasets\dataset_1\train\PNEUMONIA\VIRUS-7760029-0001.jpeg,dataset_1,PNEUMONIA,VIRAL,2,c266d5097f62667de257cad3cf206e24c6bd158b97761098534269b355ef9cda,d46be39ed25a4845,False
img_000234,e:\Final_Project\Pnuemonia_Detection\data\raw_datasets\dataset_1\test\NORMAL\NORMAL-9896495-0001.jpeg,dataset_1,NORMAL,NORMAL,0,ed111227fc363b2717d298723594874430947004b86d31f419ae7530d3c774e3,906ee73a854b39c6,False
img_005398,e:\Final_Project\Pnuemonia_Detection\data\raw_datasets\dataset_1\train\PNEUMONIA\VIRUS-6760822-0006.jpeg,dataset_1,PNEUMONIA,VIRAL,2,2d78ade9e689df8aaf0823795b82e0dbf648e32388bce28446cc97b04237c204,d47cf40afbc54aa0,False
img_003823,e:\Final_Project\Pnuemonia_Detection\data\raw_datasets\dataset_1\train\PNEUMONIA\BACTERIA-7620642-0004.jpeg,dataset_1,PNEUMONIA,BACTERIAL,1,2f7a9819d75764795cd58c4f0c365648a4c591f6a26daa156827167473da777a,89b5f77aee394008,False
img_004313,e:\Final_Project\Pnuemonia_Detection\data\raw_datasets\dataset_1\train\PNEUMONIA\BACTERIA-9197445-0001.jpeg,dataset_1,PNEUMONIA,BACTERIAL,1,a16d914bfc31466ffeb68c97fe9fc21c90b089eae89168523a78371e8ffe20e5,c03fc71b054b1ccf,False
img_002297,e:\Final_Project\Pnuemonia_Detection\data\raw_datasets\dataset_1\train\PNEUMONIA\BACTERIA-2172741-0003.jpeg,dataset_1,PNEUMONIA,BACTERIAL,1,e848d328c3bf0b047189411ff5ce4892ff0941259bfb5aad1b39fd26f628cbfd,91e8e63bc64b38c3,False
img_004277,e:\Final_Project\Pnuemonia_Detection\data\raw_datasets\dataset_1\train\PNEUMONIA\BACTERIA-9072988-0006.jpeg,dataset_1,PNEUMONIA,BACTERIAL,1,9534bb9441cfa0c53f9bc89159cac853d586deee2e3cbcb62cb3ec7419a39713,d02fe71a554b3d41,False
img_001644,e:\Final_Project\Pnuemonia_Detection\data\raw_datasets\dataset_1\train\NORMAL\NORMAL-7764332-0001.jpeg,dataset_1,NORMAL,NORMAL,0,5a2f7a1af48a0d35e930b8d31f7b30ec073a201bed15de1baddf45361cdd627c,817fc65e18c94f15,False
img_005140,e:\Final_Project\Pnuemonia_Detection\data\raw_datasets\dataset_1\train\PNEUMONIA\VIRUS-5207669-0006.jpeg,dataset_1,PNEUMONIA,VIRAL,2,05db377c4bd2f368acfc9e8a1c02a021dca4a9c5c1f59ea368a639bb27f0fb31,c13dd20b904ffce2,False
img_005748,e:\Final_Project\Pnuemonia_Detection\data\raw_datasets\dataset_1\train\PNEUMONIA\VIRUS-9269035-0002.jpeg,dataset_1,PNEUMONIA,VIRAL,2,aa6158987fb6dc81d98509e557c91931f7bd4b82bd1e41dcbb9feb6e6ee28dd1,8937c616d44eb4ea,False
img_003592,e:\Final_Project\Pnuemonia_Detection\data\raw_datasets\dataset_1\train\PNEUMONIA\BACTERIA-6614470-0002.jpeg,dataset_1,PNEUMONIA,BACTERIAL,1,7050cbc5324c38a8afafb2cb3c1eaa553ed7b6a8b5d7098252c71844f0cba099,9568861a195f7d1d,False
img_001526,e:\Final_Project\Pnuemonia_Detection\data\raw_datasets\dataset_1\train\NORMAL\NORMAL-7061169-0001.jpeg,dataset_1,NORMAL,NORMAL,0,0cc3e7c3b878cbd556b9d2c03e264fe3cd18240fe1e86728f92639dafdb8afb2,9169c65ad86b3969,False
img_003799,e:\Final_Project\Pnuemonia_Detection\data\raw_datasets\dataset_1\train\PNEUMONIA\BACTERIA-7505456-0005.jpeg,dataset_1,PNEUMONIA,BACTERIAL,1,992e928a3acc75ba221a9a63c703666c529a0d99323b89c8c56e9571548daeac,813f6c5438da3a5b,False
img_001307,e:\Final_Project\Pnuemonia_Detection\data\raw_datasets\dataset_1\train\NORMAL\NORMAL-5650764-0002.jpeg,dataset_1,NORMAL,NORMAL,0,1f21e7fff072b578a6630fb3ac8b0f4f94dc1711592501e7c193937bcfdb6d5c,91bac61a9c1ab5d6,False
img_005424,e:\Final_Project\Pnuemonia_Detection\data\raw_datasets\dataset_1\train\PNEUMONIA\VIRUS-6991447-0002.jpeg,dataset_1,PNEUMONIA,VIRAL,2,c16e9e58b537cc206a9ee7c935a9abdd1d2c4dff9cc0a2a2a3ad939df6a392b7,dc2fc21fc11cd44b,False
img_002681,e:\Final_Project\Pnuemonia_Detection\data\raw_datasets\dataset_1\train\PNEUMONIA\BACTERIA-3590786-0001.jpeg,dataset_1,PNEUMONIA,BACTERIAL,1,ab2a73ce218d26d7c432c8cbaa7be324c4bdb09e0e1f5863412c3b79621d093d,903fe71ed45a944c,False
img_001579,e:\Final_Project\Pnuemonia_Detection\data\raw_datasets\dataset_1\train\NORMAL\NORMAL-7323530-0003.jpeg,dataset_1,NORMAL,NORMAL,0,2bebc6296ea5a7a095178430db10c376301cab5f0fd2925b043699676560eeb0,9168c73acb78696c,False
img_002277,e:\Final_Project\Pnuemonia_Detection\data\raw_datasets\dataset_1\train\PNEUMONIA\BACTERIA-213622-0006.jpeg,dataset_1,PNEUMONIA,BACTERIAL,1,4b22bf6ad49b245e4fe8ceae9f5dbbfdc160845cda553118c510808e1fb4e63c,c12f37420f4e5a1f,False
img_001204,e:\Final_Project\Pnuemonia_Detection\data\raw_datasets\dataset_1\train\NORMAL\NORMAL-4859175-0001.jpeg,dataset_1,NORMAL,NORMAL,0,803e0bb693fe3a29cc6c6e1b9972c96b6e02a5ff1251c99e2f9566b7eed1b075,c12dc63aec693d64,False
img_002693,e:\Final_Project\Pnuemonia_Detection\data\raw_datasets\dataset_1\train\PNEUMONIA\BACTERIA-3637528-0001.jpeg,dataset_1,PNEUMONIA,BACTERIAL,1,6515681ea23e7b5d98a25a3244f691fca44a63658976cb6f3119425ecee1e1e3,c0afe11fd22b9e41,False
img_003247,e:\Final_Project\Pnuemonia_Detection\data\raw_datasets\dataset_1\train\PNEUMONIA\BACTERIA-5442456-0001.jpeg,dataset_1,PNEUMONIA,BACTERIAL,1,0f4b546b721832ef1fd8e08fb41c981f3bc163f6fc7ec48b4ef6bbd3a88612ac,d42ad25b57d24e16,False
img_002589,e:\Final_Project\Pnuemonia_Detection\data\raw_datasets\dataset_1\train\PNEUMONIA\BACTERIA-3308986-0001.jpeg,dataset_1,PNEUMONIA,BACTERIAL,1,ff67797b1e0b971261bd42123cdc33a302dca2415f13f03561796d66f04cd4dc,947ee30f870f0b85,False
img_003818,e:\Final_Project\Pnuemonia_Detection\data\raw_datasets\dataset_1\train\PNEUMONIA\BACTERIA-759002-0001.jpeg,dataset_1,PNEUMONIA,BACTERIAL,1,f55af47adba096360dc318222ac77d5cec36c279cf8762900771c554787bd22f,d47ec71b9b0d28c4,False
img_003479,e:\Final_Project\Pnuemonia_Detection\data\raw_datasets\dataset_1\train\PNEUMONIA\BACTERIA-6267582-0001.jpeg,dataset_1,PNEUMONIA,BACTERIAL,1,05c1ee011b73b98c16554e066be9df1a6988a5ed0b3887a0f5a7821fc2246329,c43e171a6e7c6c4a,False
img_000114,e:\Final_Project\Pnuemonia_Detection\data\raw_datasets\dataset_1\test\NORMAL\NORMAL-5401638-0001.jpeg,dataset_1,NORMAL,NORMAL,0,3d4fed2aa62d75904ec26694e3c8dcfda4a4c1e303fe75f92e39a08b51698eb0,8d6e071a871b435f,False
img_001497,e:\Final_Project\Pnuemonia_Detection\data\raw_datasets\dataset_1\train\NORMAL\NORMAL-6971619-0001.jpeg,dataset_1,NORMAL,NORMAL,0,dcc30abc38034cb99a503c1395e4dd7a18129e5547fbe10410e2c8ede47177f7,d47cc31b8dc93cc4,False
img_002539,e:\Final_Project\Pnuemonia_Detection\data\raw_datasets\dataset_1\train\PNEUMONIA\BACTERIA-3099650-0001.jpeg,dataset_1,PNEUMONIA,BACTERIAL,1,958cc5be54a274a1a629c29d27c88cc3835cf8e49148976b29d673ed0dbee3e8,907bef1e96121b52,False
img_004363,e:\Final_Project\Pnuemonia_Detection\data\raw_datasets\dataset_1\train\PNEUMONIA\BACTERIA-9402718-0001.jpeg,dataset_1,PNEUMONIA,BACTERIAL,1,3fef55b2ba3c51c66ad41122ed4f640c19bb549d850d53fbbe3a4f18d9eb4e82,d0afd61a940abfa2,False
img_000050,e:\Final_Project\Pnuemonia_Detection\data\raw_datasets\dataset_1\test\NORMAL\NORMAL-2870844-0001.jpeg,dataset_1,NORMAL,NORMAL,0,f27ddc20a3a6d81520c7640d026680b06dd5961de3b274da35d324df537d07c1,c4eeab6bc44a82c7,False
img_001422,e:\Final_Project\Pnuemonia_Detection\data\raw_datasets\dataset_1\train\NORMAL\NORMAL-6440809-0001.jpeg,dataset_1,NORMAL,NORMAL,0,ef3b5ce221364adef434442cb5448e172820db40f6d58c36cea93b070a729c14,906fe63acf382c2c,False
img_001418,e:\Final_Project\Pnuemonia_Detection\data\raw_datasets\dataset_1\train\NORMAL\NORMAL-6430619-0001.jpeg,dataset_1,NORMAL,NORMAL,0,3f95ebfe82703c026502e396a521555031c4960e46d134791041fd248a8aab2e,947ec31bbc8c3cb0,False
img_000101,e:\Final_Project\Pnuemonia_Detection\data\raw_datasets\dataset_1\test\NORMAL\NORMAL-4921478-0001.jpeg,dataset_1,NORMAL,NORMAL,0,103d92cfc8aff44f98c38813b41ff41e96a7b5c00990dce7834ebef9f25a9b51,903be71e9b0919d9,False
img_005152,e:\Final_Project\Pnuemonia_Detection\data\raw_datasets\dataset_1\train\PNEUMONIA\VIRUS-5268802-0003.jpeg,dataset_1,PNEUMONIA,VIRAL,2,16c70ed39bf9bdbde09be233c4d2f67e6035ea87e873c0d06be3bec55d3d015a,9125c23aff6a3c64,False
img_002059,e:\Final_Project\Pnuemonia_Detection\data\raw_datasets\dataset_1\train\PNEUMONIA\BACTERIA-1254805-0001.jpeg,dataset_1,PNEUMONIA,BACTERIAL,1,bcef587600490e072f397c91afc93cc24c3ed457336960d8f0446db3d24a0305,95a807170f1f0f1f,False
img_002972,e:\Final_Project\Pnuemonia_Detection\data\raw_datasets\dataset_1\train\PNEUMONIA\BACTERIA-4577721-0001.jpeg,dataset_1,PNEUMONIA,BACTERIAL,1,1e6797aaa64326c91d358472046d42b04ac9768289e21357612fef6107ddd847,91eeaf3a0719184f,False
img_001455,e:\Final_Project\Pnuemonia_Detection\data\raw_datasets\dataset_1\train\NORMAL\NORMAL-6710847-0002.jpeg,dataset_1,NORMAL,NORMAL,0,a792c7b0c633733eae67c008ffbf4d80710a58f1fb946519a19f4cb9b1fdc366,8129c67ad87939cd,False
img_003130,e:\Final_Project\Pnuemonia_Detection\data\raw_datasets\dataset_1\train\PNEUMONIA\BACTERIA-513140-0004.jpeg,dataset_1,PNEUMONIA,BACTERIAL,1,82f5883710dc267475d38bfb1450794de3f79e6c2cfaa5c1842ba944e614135e,8866279a8bababa6,False
img_005213,e:\Final_Project\Pnuemonia_Detection\data\raw_datasets\dataset_1\train\PNEUMONIA\VIRUS-5628383-0014.jpeg,dataset_1,PNEUMONIA,VIRAL,2,53dfb2d58533af9c646f103852f9b6fae99ffddf716aadb9c273a74f0263bdc5,9527e71a92cab8c6,False
img_002104,e:\Final_Project\Pnuemonia_Detection\data\raw_datasets\dataset_1\train\PNEUMONIA\BACTERIA-1546263-0004.jpeg,dataset_1,PNEUMONIA,BACTERIAL,1,7daa99354b257182764e2ad34b9626e9f74a8dbd6e88361e9fb8a65701e0c962,9121e33ee9693ce1,False
img_001331,e:\Final_Project\Pnuemonia_Detection\data\raw_datasets\dataset_1\train\NORMAL\NORMAL-5740995-0002.jpeg,dataset_1,NORMAL,NORMAL,0,d8768350a077be5b03c8b10608e4d0f09e049c2b0f3ff964422954ac8019392c,d0ecc739cc6c38c6,False
img_000315,e:\Final_Project\Pnuemonia_Detection\data\raw_datasets\dataset_1\test\PNEUMONIA\BACTERIA-4130801-0003.jpeg,dataset_1,PNEUMONIA,BACTERIAL,1,d37b22926539a026feacff794cfa34a1c27142738acfeb67d6de7fddc5de049b,91eeef3c51794124,False
img_002837,e:\Final_Project\Pnuemonia_Detection\data\raw_datasets\dataset_1\train\PNEUMONIA\BACTERIA-4163667-0001.jpeg,dataset_1,PNEUMONIA,BACTERIAL,1,432d168ac169bd1b2050fdf3b5cb21724f669a52c870bf94d188ab0fbd2d6982,d07f050a873b871f,False
img_004796,e:\Final_Project\Pnuemonia_Detection\data\raw_datasets\dataset_1\train\PNEUMONIA\VIRUS-2964867-0002.jpeg,dataset_1,PNEUMONIA,VIRAL,2,fc2b6bcaf8f2e11e038dcabf41e284ceb369a6f6c6a1848de5c7c6ee10b9cd6a,d424c20bb5e93cf6,False
img_002266,e:\Final_Project\Pnuemonia_Detection\data\raw_datasets\dataset_1\train\PNEUMONIA\BACTERIA-2111525-0001.jpeg,dataset_1,PNEUMONIA,BACTERIAL,1,bab5b14925ddaef4c6a2a031a2f8ca998135bc4aca27369141ed4d84ab0a9f1a,80eaf34dc44a5cdb,False
img_005261,e:\Final_Project\Pnuemonia_Detection\data\raw_datasets\dataset_1\train\PNEUMONIA\VIRUS-5965088-0005.jpeg,dataset_1,PNEUMONIA,VIRAL,2,92b313bb59bd444de2200473bfb6b6c5048d14fe76399bef09d0d57492ed8abc,803dc63ebac23771,False
img_002606,e:\Final_Project\Pnuemonia_Detection\data\raw_datasets\dataset_1\train\PNEUMONIA\BACTERIA-3322717-0005.jpeg,dataset_1,PNEUMONIA,BACTERIAL,1,eae0ce5e0f689119d80f73d313bd947dd74feb42fb8aa6b12397da059174318d,d4fea66a861ce294,False
img_003845,e:\Final_Project\Pnuemonia_Detection\data\raw_datasets\dataset_1\train\PNEUMONIA\BACTERIA-7700975-0002.jpeg,dataset_1,PNEUMONIA,BACTERIAL,1,c64ac3c8aedddf9ad33a413367eeb0126f0018c8609453f793fc614bb57a915e,d12fe67a74483c58,False
img_004297,e:\Final_Project\Pnuemonia_Detection\data\raw_datasets\dataset_1\train\PNEUMONIA\BACTERIA-9175020-0002.jpeg,dataset_1,PNEUMONIA,BACTERIAL,1,64dfa4210609027d92585afe5520033fef75e4ac105f07cfa48ed8bb515a794a,916fc61a51593d4b,False
img_004477,e:\Final_Project\Pnuemonia_Detection\data\raw_datasets\dataset_1\train\PNEUMONIA\BACTERIA-9867917-0001.jpeg,dataset_1,PNEUMONIA,BACTERIAL,1,eb7233ec9ecd3efd0212772b24f50dd769838d03d3bb17396f1e146e174aa4d5,9069e71eca0bb94e,False
img_003089,e:\Final_Project\Pnuemonia_Detection\data\raw_datasets\dataset_1\train\PNEUMONIA\BACTERIA-4991468-0007.jpeg,dataset_1,PNEUMONIA,BACTERIAL,1,25263d882037cfa8dbb0d4ead2b0777373b9a0d37f9724b43fa8f753da05b008,9171b64ee63c6135,False
img_004118,e:\Final_Project\Pnuemonia_Detection\data\raw_datasets\dataset_1\train\PNEUMONIA\BACTERIA-8528032-0003.jpeg,dataset_1,PNEUMONIA,BACTERIAL,1,99e636ac4cb22b11ffc80575105ef37f4906663c7999970a5f0e1d31958cb37c,9139e1662ece4e3c,False
img_005747,e:\Final_Project\Pnuemonia_Detection\data\raw_datasets\dataset_1\train\PNEUMONIA\VIRUS-9257521-0001.jpeg,dataset_1,PNEUMONIA,VIRAL,2,1aabba2bf0e24358cdb5f368c393f8b29045edb1ad3429de27a32a8a6dc8b9f2,c0feaf0dc04d154f,False
img_004434,e:\Final_Project\Pnuemonia_Detection\data\raw_datasets\dataset_1\train\PNEUMONIA\BACTERIA-960851-0001.jpeg,dataset_1,PNEUMONIA,BACTERIAL,1,63a605fc2aff8e1a9ae14bc91665b7bb3d06a322d378f984a1e200169e03ed8c,d4614f9eca1a894f,False
img_004493,e:\Final_Project\Pnuemonia_Detection\data\raw_datasets\dataset_1\train\PNEUMONIA\BACTERIA-9922025-0001.jpeg,dataset_1,PNEUMONIA,BACTERIAL,1,f9d5247182412c3910b23ae86c29d1af491144e498d65432dd07d2f0df8b8fba,d07de73f870b2902,False
img_003602,e:\Final_Project\Pnuemonia_Detection\data\raw_datasets\dataset_1\train\PNEUMONIA\BACTERIA-6660769-0001.jpeg,dataset_1,PNEUMONIA,BACTERIAL,1,e879f77ad0dcdedd89f743b2ce3ed54f4d5881cd59deee78d1f3ef7fc5fe9200,d52fd75e5c481d40,False
img_003068,e:\Final_Project\Pnuemonia_Detection\data\raw_datasets\dataset_1\train\PNEUMONIA\BACTERIA-4943496-0001.jpeg,dataset_1,PNEUMONIA,BACTERIAL,1,09487465038de98fffada6b60dc8e7c8208f99148c1ef92fc83347a204341e05,d02d56021f5f2ead,False
img_000417,e:\Final_Project\Pnuemonia_Detection\data\raw_datasets\dataset_1\test\PNEUMONIA\BACTERIA-8190872-0004.jpeg,dataset_1,PNEUMONIA,BACTERIAL,1,d4584b439945298631fc0086440bfe5b1fd35ee80817fe550643a7fc401c36e5,d46f270f450d6cc6,False
img_001701,e:\Final_Project\Pnuemonia_Detection\data\raw_datasets\dataset_1\train\NORMAL\NORMAL-8242242-0001.jpeg,dataset_1,NORMAL,NORMAL,0,265b82c78ce180f9dfb35f4ed354497efcc828f062b0d43929b6bb19aaba3d2d,907fc61e1e491d5c,False
img_002165,e:\Final_Project\Pnuemonia_Detection\data\raw_datasets\dataset_1\train\PNEUMONIA\BACTERIA-1754515-0001.jpeg,dataset_1,PNEUMONIA,BACTERIAL,1,e7be94db6105f5eb91005e31d10c265aa60a7f14c04ddba2bf00c1c1ef2bda69,9061e71ee23b3d45,False
img_004887,e:\Final_Project\Pnuemonia_Detection\data\raw_datasets\dataset_1\train\PNEUMONIA\VIRUS-3627124-0002.jpeg,dataset_1,PNEUMONIA,VIRAL,2,6ae30454d535342ca5eb532db08661f3235621a64dae9d72413008b975a2fd39,d0f4c77bb539a102,False
img_000360,e:\Final_Project\Pnuemonia_Detection\data\raw_datasets\dataset_1\test\PNEUMONIA\BACTERIA-5489623-0003.jpeg,dataset_1,PNEUMONIA,BACTERIAL,1,641574da21bd5a350f056e9e1d7bec15455d2f4836afb8aff4e58ef29d6fe7ce,951fda9a90d11579,False
img_004537,e:\Final_Project\Pnuemonia_Detection\data\raw_datasets\dataset_1\train\PNEUMONIA\VIRUS-1140922-0001.jpeg,dataset_1,PNEUMONIA,VIRAL,2,73bf9a457ec4bd8f5e855cd522d7258a5e0e952848366373e04973ba0f282f3b,d1a5e61ae40fbcc1,False
img_004816,e:\Final_Project\Pnuemonia_Detection\data\raw_datasets\dataset_1\train\PNEUMONIA\VIRUS-3098348-0001.jpeg,dataset_1,PNEUMONIA,VIRAL,2,4533bde66eaf1d774e7da53e31b4da424418c80603001bcb6273bfea022e5742,d46fa70f8d2e4446,False
img_004627,e:\Final_Project\Pnuemonia_Detection\data\raw_datasets\dataset_1\train\PNEUMONIA\VIRUS-1765128-0001.jpeg,dataset_1,PNEUMONIA,VIRAL,2,f9ca3c70d20ac435cad4c3b37c73030420a6b2e67beb178e578e9896e676013d,d47f0a195f5d0a0e,False
img_000534,e:\Final_Project\Pnuemonia_Detection\data\raw_datasets\dataset_1\test\PNEUMONIA\VIRUS-4190128-0001.jpeg,dataset_1,PNEUMONIA,VIRAL,2,f0debcc8a899ed5fc0f52068c93d8bda2dab8d257b247544b350a5b3de912cb6,917fe73aa9692c08,False
img_004717,e:\Final_Project\Pnuemonia_Detection\data\raw_datasets\dataset_1\train\PNEUMONIA\VIRUS-249618-0002.jpeg,dataset_1,PNEUMONIA,VIRAL,2,8b904916cd64fb69948ad703c73a6f4b4fe87cba5f286c796c26ed89347a5ed4,982de51eb2c33bb0,False
img_003638,e:\Final_Project\Pnuemonia_Detection\data\raw_datasets\dataset_1\train\PNEUMONIA\BACTERIA-6791804-0002.jpeg,dataset_1,PNEUMONIA,BACTERIAL,1,4eadfc1ea3c38c788f7766b1d83f4733f1c93dcdee4da9a679414f0189e110dc,d03bc21e19591bdb,False
img_000852,e:\Final_Project\Pnuemonia_Detection\data\raw_datasets\dataset_1\train\NORMAL\NORMAL-2550592-0003.jpeg,dataset_1,NORMAL,NORMAL,0,69fd86d43512422179bb47655fcf1f2f497e9da232bb31a4402cbb4a56fcc65e,946f870f8d4d6cc4,False
img_000767,e:\Final_Project\Pnuemonia_Detection\data\raw_datasets\dataset_1\train\NORMAL\NORMAL-2076945-0001.jpeg,dataset_1,NORMAL,NORMAL,0,c75326d89eafb6e0d2d0236f6406984d61b8469fb6f0ca5d426780dded2ab3a2,d47c873a8d4d38ac,False
img_003577,e:\Final_Project\Pnuemonia_Detection\data\raw_datasets\dataset_1\train\PNEUMONIA\BACTERIA-6565531-0001.jpeg,dataset_1,PNEUMONIA,BACTERIAL,1,7c5916ca7310d03cf7252e7ac2020b8bb1de8e87b3d0c78c1e0d96986c295034,d57fef3ec20a1440,False
img_002916,e:\Final_Project\Pnuemonia_Detection\data\raw_datasets\dataset_1\train\PNEUMONIA\BACTERIA-4394900-0005.jpeg,dataset_1,PNEUMONIA,BACTERIAL,1,c09827ed15d4c4f35c4ebba0fd1ffad703ffaf8580ba59fcaa6280ab8d27056f,c06f2f0d456d64e6,False
img_005978,e:\Final_Project\Pnuemonia_Detection\data\raw_datasets\dataset_2\test\NORMAL\NORMAL2-IM-0198-0001.jpeg,dataset_2,NORMAL,NORMAL,0,ae69f58992cc54a9300b3c4d62f2665d5a1aa9586a884d12005275402ef64f38,98edd71e821ac51e,False
img_005332,e:\Final_Project\Pnuemonia_Detection\data\raw_datasets\dataset_1\train\PNEUMONIA\VIRUS-6386500-0005.jpeg,dataset_1,PNEUMONIA,VIRAL,2,57783565830a65840ff2b8b2e3de59a2767319f9a1fd1ddfebf4f901780c3ee7,d46fe31a834b4f41,False
img_003866,e:\Final_Project\Pnuemonia_Detection\data\raw_datasets\dataset_1\train\PNEUMONIA\BACTERIA-7726171-0001.jpeg,dataset_1,PNEUMONIA,BACTERIAL,1,6981394b784027216d67764854c893a70668f6886bea774f537c83391b8dea1f,906faf16471d611e,False
img_002065,e:\Final_Project\Pnuemonia_Detection\data\raw_datasets\dataset_1\train\PNEUMONIA\BACTERIA-1332623-0001.jpeg,dataset_1,PNEUMONIA,BACTERIAL,1,63e44b89242d3b8b0b27df894e58ddc562b1e8bf451bbc4a53ddd904a4c886a0,d46ac71fc31d4943,False
img_000174,e:\Final_Project\Pnuemonia_Detection\data\raw_datasets\dataset_1\test\NORMAL\NORMAL-71002-0001.jpeg,dataset_1,NORMAL,NORMAL,0,6b3ca6c9dd04f1a9fe9f314aca48c53371b2523d242ecdcf2b095a24e4c3b38d,9c6e435b4b4f084f,False
img_003997,e:\Final_Project\Pnuemonia_Detection\data\raw_datasets\dataset_1\train\PNEUMONIA\BACTERIA-8188709-0002.jpeg,dataset_1,PNEUMONIA,BACTERIAL,1,192da05228b47a6ae8ae133e790840559aaf5f127f9b6de5ec21c251593b1a24,d02ff75b1e40351c,False
img_002675,e:\Final_Project\Pnuemonia_Detection\data\raw_datasets\dataset_1\train\PNEUMONIA\BACTERIA-3575331-0002.jpeg,dataset_1,PNEUMONIA,BACTERIAL,1,8d698188862c82328421b4a16b870815383d3c148cbc3974bb0c72a2639af6fd,986bc75e58595951,False
img_004384,e:\Final_Project\Pnuemonia_Detection\data\raw_datasets\dataset_1\train\PNEUMONIA\BACTERIA-9496210-0003.jpeg,dataset_1,PNEUMONIA,BACTERIAL,1,19b20e591413f65bf9587b24847de37ea130ba791289bd37e26bfe1b9ac1c8e6,d528ef6f484c3c4c,False
img_000972,e:\Final_Project\Pnuemonia_Detection\data\raw_datasets\dataset_1\train\NORMAL\NORMAL-3399582-0001.jpeg,dataset_1,NORMAL,NORMAL,0,0371451b49cda67c0b579267053456e17e592dba62a9564e9dfe8641cd69a52c,986f871a831b4d5d,False
img_001856,e:\Final_Project\Pnuemonia_Detection\data\raw_datasets\dataset_1\train\NORMAL\NORMAL-9213108-0001.jpeg,dataset_1,NORMAL,NORMAL,0,06aab296e151fd735935abb00974f1904920561a76199ee217c446f3b89bec5e,813ec63aed4b2cc5,False
img_001149,e:\Final_Project\Pnuemonia_Detection\data\raw_datasets\dataset_1\train\NORMAL\NORMAL-4507677-0001.jpeg,dataset_1,NORMAL,NORMAL,0,4ac30d48391de9aa4ec3693df90d898fd63bdfe864041275aa271af3fc1a7e78,917bee3a4b193905,False
img_004523,e:\Final_Project\Pnuemonia_Detection\data\raw_datasets\dataset_1\train\PNEUMONIA\VIRUS-1075775-0001.jpeg,dataset_1,PNEUMONIA,VIRAL,2,a4334f8c0fc905d9d708bd641f638cd89e679ae12eac03be9ce0b98f6887e28f,d02fe30bad693c64,False
img_004719,e:\Final_Project\Pnuemonia_Detection\data\raw_datasets\dataset_1\train\PNEUMONIA\VIRUS-2516070-0002.jpeg,dataset_1,PNEUMONIA,VIRAL,2,042378ae878708ab08fa22334fbaa8bb0ee5ac8b17a8976f0d2a6e55f2fa177c,822ad25e3cb83d97,False
img_000125,e:\Final_Project\Pnuemonia_Detection\data\raw_datasets\dataset_1\test\NORMAL\NORMAL-5538803-0001.jpeg,dataset_1,NORMAL,NORMAL,0,00a87cc00b02c4a95ddb8afd5deaa0304f6f46c6d4e828045b1b184b6f717415,91e8ae38cd79694c,False
img_002611,e:\Final_Project\Pnuemonia_Detection\data\raw_datasets\dataset_1\train\PNEUMONIA\BACTERIA-336122-0001.jpeg,dataset_1,PNEUMONIA,BACTERIAL,1,c510ef581d0da00c46f5b2172b606e185668d0f18813308e75e178175de0fc25,d46f0709457c7574,False
img_003905,e:\Final_Project\Pnuemonia_Detection\data\raw_datasets\dataset_1\train\PNEUMONIA\BACTERIA-7847892-0004.jpeg,dataset_1,PNEUMONIA,BACTERIAL,1,af07f5e45f624ae755c13ced18e0787ee5a840a043958920e20a628d63083d3f,d53f0a1e7f4b104a,False
img_005829,e:\Final_Project\Pnuemonia_Detection\data\raw_datasets\dataset_1\train\PNEUMONIA\VIRUS-9737718-0001.jpeg,dataset_1,PNEUMONIA,VIRAL,2,9972876846cef702b660fce7a9aa28c09554f6e632bbae6071dc523d86b235a7,d47dc71e85293c0e,False
img_004328,e:\Final_Project\Pnuemonia_Detection\data\raw_datasets\dataset_1\train\PNEUMONIA\BACTERIA-9250380-0001.jpeg,dataset_1,PNEUMONIA,BACTERIAL,1,c5896b690ca3f08370fdeb0c75bb765a7751260f38cd5aac2966874fd1ff0475,d03d471e884fd4cb,False
img_005622,e:\Final_Project\Pnuemonia_Detection\data\raw_datasets\dataset_1\train\PNEUMONIA\VIRUS-8352680-0003.jpeg,dataset_1,PNEUMONIA,VIRAL,2,c3be07c00abd0a79036aa5023074c59b4395ccb3ae013e06b67b680a8943ba9b,d47ce6aa1aa0875e,False
img_005259,e:\Final_Project\Pnuemonia_Detection\data\raw_datasets\dataset_1\train\PNEUMONIA\VIRUS-5943537-0004.jpeg,dataset_1,PNEUMONIA,VIRAL,2,ace0b67bcf7049399daaf4268d018d72aaabef051693a236204c9bc52adb9d4e,d42eaf5b1d534914,False
img_000936,e:\Final_Project\Pnuemonia_Detection\data\raw_datasets\dataset_1\train\NORMAL\NORMAL-3175147-0002.jpeg,dataset_1,NORMAL,NORMAL,0,3d51640e33bafcac2452d681ca6004d151b08f0416297594de8ac67aa619032e,c05fef0d0acd5a49,False
img_001615,e:\Final_Project\Pnuemonia_Detection\data\raw_datasets\dataset_1\train\NORMAL\NORMAL-7575347-0001.jpeg,dataset_1,NORMAL,NORMAL,0,3f2a81d5bf8adaca26f2f97963b26ada06115d8aaf00ca56ed56fe07e34a0ab8,d12ad25a5d591d59,False
img_002506,e:\Final_Project\Pnuemonia_Detection\data\raw_datasets\dataset_1\train\PNEUMONIA\BACTERIA-2982529-0001.jpeg,dataset_1,PNEUMONIA,BACTERIAL,1,7a69f96b4faf090a3c495a8b23855b6b7958ec97bc786c00ff945557165fa43a,d42aa31d951d1d1f,False
img_004656,e:\Final_Project\Pnuemonia_Detection\data\raw_datasets\dataset_1\train\PNEUMONIA\VIRUS-1980593-0001.jpeg,dataset_1,PNEUMONIA,VIRAL,2,a7ad29fe1b84d38692deefb7610b744d8fe24aa30d0e05d5d8a28e56e6f101c1,9165e33fe05ba468,False
img_002213,e:\Final_Project\Pnuemonia_Detection\data\raw_datasets\dataset_1\train\PNEUMONIA\BACTERIA-1926740-0001.jpeg,dataset_1,PNEUMONIA,BACTERIAL,1,9ead641501c84d4d272a931b172c7f95ab1e9d1a643d4253254d5f8d38fbf918,916a4e584d49edc7,False
img_005743,e:\Final_Project\Pnuemonia_Detection\data\raw_datasets\dataset_1\train\PNEUMONIA\VIRUS-9237186-0002.jpeg,dataset_1,PNEUMONIA,VIRAL,2,c2ea2f4efdfdf506bc9f4cc0509dfa00fd55c6973cd5a752a5823ae3de103f4c,9165a77ae40e6987,False
img_002175,e:\Final_Project\Pnuemonia_Detection\data\raw_datasets\dataset_1\train\PNEUMONIA\BACTERIA-1777631-0003.jpeg,dataset_1,PNEUMONIA,BACTERIAL,1,e27818bd58155760e4075a3885152dc4049fd2f9c611ff623ee8beddbb38a2c3,d13bf65e1e383830,False
img_000393,e:\Final_Project\Pnuemonia_Detection\data\raw_datasets\dataset_1\test\PNEUMONIA\BACTERIA-6950003-0004.jpeg,dataset_1,PNEUMONIA,BACTERIAL,1,0267d78a39cae2c3712d164db1e8cf595d9bb7849c571099cc58506f0d83ab9b,906ae70f871e701f,False
img_003507,e:\Final_Project\Pnuemonia_Detection\data\raw_datasets\dataset_1\train\PNEUMONIA\BACTERIA-6340005-0004.jpeg,dataset_1,PNEUMONIA,BACTERIAL,1,9c7e9a8aae2f1052ae59c58e8cac84f80cbc6c7456a80895e14845555e9a84e8,906be63eda4a38ca,False
img_002315,e:\Final_Project\Pnuemonia_Detection\data\raw_datasets\dataset_1\train\PNEUMONIA\BACTERIA-2229606-0002.jpeg,dataset_1,PNEUMONIA,BACTERIAL,1,a50c331ee2b740d1cc53d0be57de3b7babd3206de55178c0f30202c97a7d881a,c02eebafaa2ba30a,False
img_004663,e:\Final_Project\Pnuemonia_Detection\data\raw_datasets\dataset_1\train\PNEUMONIA\VIRUS-2044599-0002.jpeg,dataset_1,PNEUMONIA,VIRAL,2,6f0bf0d5e0644aeb1bbe0eab851ff228774ac077d73fcdc643d7cad73b432f77,d474a77aa21e6887,False
img_000197,e:\Final_Project\Pnuemonia_Detection\data\raw_datasets\dataset_1\test\NORMAL\NORMAL-8014191-0001.jpeg,dataset_1,NORMAL,NORMAL,0,4fa4357d575682ca62170cbeb9c6a4808517851c18f57f8afff2435b0852c2c6,d47f870b8d4d09c6,False
img_004499,e:\Final_Project\Pnuemonia_Detection\data\raw_datasets\dataset_1\train\PNEUMONIA\BACTERIA-9942581-0001.jpeg,dataset_1,PNEUMONIA,BACTERIAL,1,aeae2e8398d5a7a8d6ae4592c30701b44864c52097cb3abb1958ce0782ebc39a,d03fd3484a693d55,False
img_004954,e:\Final_Project\Pnuemonia_Detection\data\raw_datasets\dataset_1\train\PNEUMONIA\VIRUS-397009-0002.jpeg,dataset_1,PNEUMONIA,VIRAL,2,c923a2adaae43f6e924ab6c83b9f2f15c0725bc0b5992966aa106d5caf16784c,9125c61ef84bbcca,False
img_002648,e:\Final_Project\Pnuemonia_Detection\data\raw_datasets\dataset_1\train\PNEUMONIA\BACTERIA-345112-0003.jpeg,dataset_1,PNEUMONIA,BACTERIAL,1,23baeb49607556b47a1f238ea62e19b08660b137a2a56dd70aa5d3112a17249d,dffe803aeb1a280a,False
img_000729,e:\Final_Project\Pnuemonia_Detection\data\raw_datasets\dataset_1\train\NORMAL\NORMAL-183773-0001.jpeg,dataset_1,NORMAL,NORMAL,0,23b6acafde0f387d7b0570ddd24b4acb927183c851e2db937e66dd51f19515ec,d56ec34fec6028e4,False
img_002090,e:\Final_Project\Pnuemonia_Detection\data\raw_datasets\dataset_1\train\PNEUMONIA\BACTERIA-1488062-0001.jpeg,dataset_1,PNEUMONIA,BACTERIAL,1,9d1c83c5f511956933682a37295bb694c43b932f5ae5dd30830559af299c7a29,d06a5f5eca2a3c83,False
img_004144,e:\Final_Project\Pnuemonia_Detection\data\raw_datasets\dataset_1\train\PNEUMONIA\BACTERIA-8597098-0001.jpeg,dataset_1,PNEUMONIA,BACTERIAL,1,f1aec5a2a0cb51f3c04c15b9bc96add361a836b0721960f631cc751ab7847821,913bd71c949a1dca,False
img_003240,e:\Final_Project\Pnuemonia_Detection\data\raw_datasets\dataset_1\train\PNEUMONIA\BACTERIA-5437440-0001.jpeg,dataset_1,PNEUMONIA,BACTERIAL,1,ed731fc021bd3f7b2567dad76003dec6667054eac4f5476d1c4ae5eaf68192fb,d474e11a974b3dc4,False
img_001503,e:\Final_Project\Pnuemonia_Detection\data\raw_datasets\dataset_1\train\NORMAL\NORMAL-6977054-0001.jpeg,dataset_1,NORMAL,NORMAL,0,f90cf048b3557188f48e4c2202d159fd688c30f96bb87fdd5228e6bf7764ec3d,903fc61a9d5515c7,False
img_005055,e:\Final_Project\Pnuemonia_Detection\data\raw_datasets\dataset_1\train\PNEUMONIA\VIRUS-463487-0014.jpeg,dataset_1,PNEUMONIA,VIRAL,2,cc17bc2e8e80e0b738ac7592159483115c87065bbfa728420c156b707828bc98,947e430f2f3c2c6c,False
img_004587,e:\Final_Project\Pnuemonia_Detection\data\raw_datasets\dataset_1\train\PNEUMONIA\VIRUS-149498-0002.jpeg,dataset_1,PNEUMONIA,VIRAL,2,9371b39faff39117a88d796f536ef111ca8095b978ff5334764910034e654b9f,c03ec21bad693ccb,False
img_003755,e:\Final_Project\Pnuemonia_Detection\data\raw_datasets\dataset_1\train\PNEUMONIA\BACTERIA-7418831-0004.jpeg,dataset_1,PNEUMONIA,BACTERIAL,1,ac62febd993c0351989ab8d1f46a7cfac807aba86933ae8d15bfbdeb3f032185,c46b271fa53ca24e,False
img_001102,e:\Final_Project\Pnuemonia_Detection\data\raw_datasets\dataset_1\train\NORMAL\NORMAL-4175731-0001.jpeg,dataset_1,NORMAL,NORMAL,0,bf93d57239c9e0fc554cc42f966e421fb9e5be7bd8393f1a3a376fd0629dd42d,d96dc20bcd493d68,False
img_000398,e:\Final_Project\Pnuemonia_Detection\data\raw_datasets\dataset_1\test\PNEUMONIA\BACTERIA-7051071-0001.jpeg,dataset_1,PNEUMONIA,BACTERIAL,1,c66174afaa07be98858960b1e602b038a84c206e84b1cfdbf27cac25506279da,d46f0a1a0f79c55a,False
img_001736,e:\Final_Project\Pnuemonia_Detection\data\raw_datasets\dataset_1\train\NORMAL\NORMAL-8416635-0001.jpeg,dataset_1,NORMAL,NORMAL,0,3663ddae005638f2355612b01d5cbd56366bd9fc85e89174ffbda181461df8c9,c16be70ae96969c1,False
img_002012,e:\Final_Project\Pnuemonia_Detection\data\raw_datasets\dataset_1\train\PNEUMONIA\BACTERIA-1083680-0022.jpeg,dataset_1,PNEUMONIA,BACTERIAL,1,b7570f40361a846ac24c684b39070430bae402e3b3ba568d0e848cd9f4792ec9,946ae30fc10f99c7,False
img_002229,e:\Final_Project\Pnuemonia_Detection\data\raw_datasets\dataset_1\train\PNEUMONIA\BACTERIA-1982399-0001.jpeg,dataset_1,PNEUMONIA,BACTERIAL,1,f075080c0a8b063b9d08ecab6009ca5dda48efab48edeeb05e5e32b332f1834b,992fd65e51585958,False
img_005027,e:\Final_Project\Pnuemonia_Detection\data\raw_datasets\dataset_1\train\PNEUMONIA\VIRUS-4464623-0002.jpeg,dataset_1,PNEUMONIA,VIRAL,2,ecccfc37ae21929d90849f7c257c29a4565cb914cced858266f806ba3b169c8f,912b571e5d491d1d,False
img_000216,e:\Final_Project\Pnuemonia_Detection\data\raw_datasets\dataset_1\test\NORMAL\NORMAL-8907762-0001.jpeg,dataset_1,NORMAL,NORMAL,0,cc2b511eb5a8dc4e87ffd1eafa7ce91958140d4467e942cdc32dc6f35e49d864,992dc61b464b1f47,False
img_003280,e:\Final_Project\Pnuemonia_Detection\data\raw_datasets\dataset_1\train\PNEUMONIA\BACTERIA-5510638-0011.jpeg,dataset_1,PNEUMONIA,BACTERIAL,1,4c30f30afe3053ac119c146986a679a2a6d5b73a00ae5de16dc22061768bdf2c,d064e73e971b844b,False
img_002734,e:\Final_Project\Pnuemonia_Detection\data\raw_datasets\dataset_1\train\PNEUMONIA\BACTERIA-3724089-0004.jpeg,dataset_1,PNEUMONIA,BACTERIAL,1,0000bc512ff226ba235973907ee8d7c492975a023d1ad9436f9ee1e19b3f8932,903bef1d6c0a39d2,False
img_003574,e:\Final_Project\Pnuemonia_Detection\data\raw_datasets\dataset_1\train\PNEUMONIA\BACTERIA-6559742-0001.jpeg,dataset_1,PNEUMONIA,BACTERIAL,1,0ae352f7c5f2fea54d97e4ea232cd65e32accd7ff68049c2c2bc607393f0b9b1,802ae33edf4f1ce0,False
img_002892,e:\Final_Project\Pnuemonia_Detection\data\raw_datasets\dataset_1\train\PNEUMONIA\BACTERIA-4342499-0001.jpeg,dataset_1,PNEUMONIA,BACTERIAL,1,23834d05d3190a25e8231781e39435e7fd19ab3ba69f4c64909920b980092e98,d02ff77858431a1e,False
img_004152,e:\Final_Project\Pnuemonia_Detection\data\raw_datasets\dataset_1\train\PNEUMONIA\BACTERIA-8629313-0001.jpeg,dataset_1,PNEUMONIA,BACTERIAL,1,fd830ccd1949e50852fa62fd3e63e418190ece49e55ed4da6410662626d307ee,912beb5e5e520e58,False
img_002152,e:\Final_Project\Pnuemonia_Detection\data\raw_datasets\dataset_1\train\PNEUMONIA\BACTERIA-1718141-0002.jpeg,dataset_1,PNEUMONIA,BACTERIAL,1,ddcf64c7faefedef9403af658245256f642662ad3ab2ea9cfd42cb0ca80abcad,946fef1d461b600e,False
img_001879,e:\Final_Project\Pnuemonia_Detection\data\raw_datasets\dataset_1\train\NORMAL\NORMAL-9382452-0001.jpeg,dataset_1,NORMAL,NORMAL,0,3da64dd91ef89be4dc64e58c606b5b146be38acf4de9666693320a7981d78e9e,916dc61acd49b9c3,False
img_001537,e:\Final_Project\Pnuemonia_Detection\data\raw_datasets\dataset_1\train\NORMAL\NORMAL-7133593-0001.jpeg,dataset_1,NORMAL,NORMAL,0,5178a78d9fb846389c62dcc377311bc7f9862c80786c27d58171e39bf1bbee13,d574873bad2d2c24,False
img_002966,e:\Final_Project\Pnuemonia_Detection\data\raw_datasets\dataset_1\train\PNEUMONIA\BACTERIA-4531690-0004.jpeg,dataset_1,PNEUMONIA,BACTERIAL,1,4f9adf02837de0e719b4db00bee294a9924cc24c315a9dca29234244e827ebd0,907b571a435f5c49,False
img_001913,e:\Final_Project\Pnuemonia_Detection\data\raw_datasets\dataset_1\train\NORMAL\NORMAL-9628481-0001.jpeg,dataset_1,NORMAL,NORMAL,0,e9eea0882f2d758573164595b8d2eb5c7a19d5814e0d3cc57ce2baf95577928e,d06ec759c5e078d2,False
img_004901,e:\Final_Project\Pnuemonia_Detection\data\raw_datasets\dataset_1\train\PNEUMONIA\VIRUS-3705661-0006.jpeg,dataset_1,PNEUMONIA,VIRAL,2,e5da064f9391da2fde5b360b61627423a62c1b862ed218fc45d8f3aac74646e1,9560c31e831be33f,False
img_002410,e:\Final_Project\Pnuemonia_Detection\data\raw_datasets\dataset_1\train\PNEUMONIA\BACTERIA-2609557-0001.jpeg,dataset_1,PNEUMONIA,BACTERIAL,1,2e783667edc7b3da6968a0c1dba6e0b7eca51785c92edd378ad6d9115ce7ab94,c07fa71e2a411f5a,False
img_003056,e:\Final_Project\Pnuemonia_Detection\data\raw_datasets\dataset_1\train\PNEUMONIA\BACTERIA-4849157-0001.jpeg,dataset_1,PNEUMONIA,BACTERIAL,1,751448cedcb12b6716f517ad81aeb2832cdd3ebb7716a85652ff785bafab138d,9440e71adb8f5b85,False
img_000919,e:\Final_Project\Pnuemonia_Detection\data\raw_datasets\dataset_1\train\NORMAL\NORMAL-3037101-0001.jpeg,dataset_1,NORMAL,NORMAL,0,dd4286f4248313870b7883a290cc8bf9a01c2a1c7239a0fdb7fbefaedadcbcc8,816ac65ad85939db,False
img_004706,e:\Final_Project\Pnuemonia_Detection\data\raw_datasets\dataset_1\train\PNEUMONIA\VIRUS-2427242-0004.jpeg,dataset_1,PNEUMONIA,VIRAL,2,f583a646fa0b736d7d2e8402128544eaa13db62f1ac18c04cb1b91f9713f0d40,98f1e73ea44e300f,False
img_000948,e:\Final_Project\Pnuemonia_Detection\data\raw_datasets\dataset_1\train\NORMAL\NORMAL-3229887-0001.jpeg,dataset_1,NORMAL,NORMAL,0,a2533dfc8afd1e0eacd5e5c330b993e89b0aecc100dbe0589b2a0305c614246f,902fce5e5d4d1d44,False
img_004708,e:\Final_Project\Pnuemonia_Detection\data\raw_datasets\dataset_1\train\PNEUMONIA\VIRUS-2441003-0002.jpeg,dataset_1,PNEUMONIA,VIRAL,2,ceb320715e55a585a8e0d125e8141a43a59f23563a72a1577c18c801d8eb9812,956ae63abaca2aa8,False
img_000163,e:\Final_Project\Pnuemonia_Detection\data\raw_datasets\dataset_1\test\NORMAL\NORMAL-6569259-0001.jpeg,dataset_1,NORMAL,NORMAL,0,09243f360dc56f8b5513afb152c348f41a2af0b47dd42c4e1f17713e6b6c36b3,d426c32dcc6d1bc3,False
img_004951,e:\Final_Project\Pnuemonia_Detection\data\raw_datasets\dataset_1\train\PNEUMONIA\VIRUS-3960255-0002.jpeg,dataset_1,PNEUMONIA,VIRAL,2,462aaa78454989fa3d4fc48da8562c736db26784ae0da85321cddac5594b3b4c,947cc15e3a855ef0,False
img_000293,e:\Final_Project\Pnuemonia_Detection\data\raw_datasets\dataset_1\test\PNEUMONIA\BACTERIA-3436159-0003.jpeg,dataset_1,PNEUMONIA,BACTERIAL,1,9d6f4fa9ea33c9f09017c47c20d6c56016936ee8553d0a197fbaa2e577be1ac5,9137c638f84b3dc2,False
img_002046,e:\Final_Project\Pnuemonia_Detection\data\raw_datasets\dataset_1\train\PNEUMONIA\BACTERIA-1199786-0001.jpeg,dataset_1,PNEUMONIA,BACTERIAL,1,ddbd7d06b87fb4bc5dec292e07987d0d3a3749a2daf91cba09c6c506032016c9,907be71e704738d1,False
img_000768,e:\Final_Project\Pnuemonia_Detection\data\raw_datasets\dataset_1\train\NORMAL\NORMAL-2140240-0001.jpeg,dataset_1,NORMAL,NORMAL,0,6605db7789b5e2b4347e99957b50462275011b627ac4954f1389f4870e9bddd9,957f8f1a8d0cc8c3,False
img_002129,e:\Final_Project\Pnuemonia_Detection\data\raw_datasets\dataset_1\train\PNEUMONIA\BACTERIA-1620679-0003.jpeg,dataset_1,PNEUMONIA,BACTERIAL,1,c187b2db324537c01250515e7c380560fadd92c3a7982c88ab6bf9848286cfd9,913fe51e7c4a3a18,False
img_002768,e:\Final_Project\Pnuemonia_Detection\data\raw_datasets\dataset_1\train\PNEUMONIA\BACTERIA-3874552-0001.jpeg,dataset_1,PNEUMONIA,BACTERIAL,1,a2b9f7df8431fb09f9145c2f621cd0091a796453319d150f18ad88d33ceeac4f,91ffee5e5419020b,False
img_004358,e:\Final_Project\Pnuemonia_Detection\data\raw_datasets\dataset_1\train\PNEUMONIA\BACTERIA-9372391-0001.jpeg,dataset_1,PNEUMONIA,BACTERIAL,1,c1bf9f0b857a98213efcd9d3ec32cdec9b9ef6e1d96abab167726fea4cc4e71a,9829c61eda793d4a,False
img_004788,e:\Final_Project\Pnuemonia_Detection\data\raw_datasets\dataset_1\train\PNEUMONIA\VIRUS-289775-0001.jpeg,dataset_1,PNEUMONIA,VIRAL,2,81b3e141ba6be4db61f9f065d5eb421ce1f1241a53eeadf758fa79757cf57539,9029e2bee26ee04f,False
img_005437,e:\Final_Project\Pnuemonia_Detection\data\raw_datasets\dataset_1\train\PNEUMONIA\VIRUS-7082458-0002.jpeg,dataset_1,PNEUMONIA,VIRAL,2,48a00a5137a035cebcdfd752865ffbfe0d0f77fb6997d8d2c5cf3b94b5fe902a,d4f4a238874af32e,False
img_005660,e:\Final_Project\Pnuemonia_Detection\data\raw_datasets\dataset_1\train\PNEUMONIA\VIRUS-8590556-0001.jpeg,dataset_1,PNEUMONIA,VIRAL,2,f9eb60f20c89415f89c3cdb71dc9b6bd6c45cd7874627e904839c93cfafe0068,c02fea4fde491d48,False
img_004480,e:\Final_Project\Pnuemonia_Detection\data\raw_datasets\dataset_1\train\PNEUMONIA\BACTERIA-9887625-0001.jpeg,dataset_1,PNEUMONIA,BACTERIAL,1,443b1625f36ba16b07ec2cf4337785870b20a6f675ddd137475969e84b882c04,d46de13e921f3941,False
img_002997,e:\Final_Project\Pnuemonia_Detection\data\raw_datasets\dataset_1\train\PNEUMONIA\BACTERIA-4617189-0004.jpeg,dataset_1,PNEUMONIA,BACTERIAL,1,96b0d55fba699626ffdb5cfaf55f307184732504594ada4279920b52b779579c,c47eaf1b81595515,False
img_005784,e:\Final_Project\Pnuemonia_Detection\data\raw_datasets\dataset_1\train\PNEUMONIA\VIRUS-9496210-0005.jpeg,dataset_1,PNEUMONIA,VIRAL,2,14e58a41340ce6bc2088ec6facf04b341c1958937045367408be8f0f4b35fb01,912fe65c1c4a395d,False
img_005280,e:\Final_Project\Pnuemonia_Detection\data\raw_datasets\dataset_1\train\PNEUMONIA\VIRUS-6144452-0001.jpeg,dataset_1,PNEUMONIA,VIRAL,2,f97d18d51d74ed9de833cee3a202424f61ab6923fe91067a1eee16f93a002dc3,c06c64dcdadbc30b,False
img_005028,e:\Final_Project\Pnuemonia_Detection\data\raw_datasets\dataset_1\train\PNEUMONIA\VIRUS-4467110-0002.jpeg,dataset_1,PNEUMONIA,VIRAL,2,cbaa78c182dad66b0f5190a75b92e3689e7447e43a9c291afa3cdb37c46515df,912bc61ed64b3c4b,False
img_000913,e:\Final_Project\Pnuemonia_Detection\data\raw_datasets\dataset_1\train\NORMAL\NORMAL-2986373-0001.jpeg,dataset_1,NORMAL,NORMAL,0,c1b43b9a4cc2945fe8197620c53bfca70b7762b4b466662e3e332c0a692e98a7,d47cc31f8d0c1cce,False
img_005376,e:\Final_Project\Pnuemonia_Detection\data\raw_datasets\dataset_1\train\PNEUMONIA\VIRUS-6669017-0002.jpeg,dataset_1,PNEUMONIA,VIRAL,2,4e08ba82d05313a09c8624a1c885d9984cf52855493771000490e1bec14f691a,95fa10555e1a5f1a,False
img_003201,e:\Final_Project\Pnuemonia_Detection\data\raw_datasets\dataset_1\train\PNEUMONIA\BACTERIA-5272604-0001.jpeg,dataset_1,PNEUMONIA,BACTERIAL,1,4d4c83e3aba8e3134a8ef899cdecd6a9d0fc0c822c3f434ae2cf3c2272e274ba,953e0f1e0d0d5d65,False
img_001483,e:\Final_Project\Pnuemonia_Detection\data\raw_datasets\dataset_1\train\NORMAL\NORMAL-6931624-0001.jpeg,dataset_1,NORMAL,NORMAL,0,10fc5a1b1a7d495efeb54bfd681c9b194d8776f27f483b0cc91225b7f709e990,d03cc73b9d4e3990,False
img_004649,e:\Final_Project\Pnuemonia_Detection\data\raw_datasets\dataset_1\train\PNEUMONIA\VIRUS-1906200-0001.jpeg,dataset_1,PNEUMONIA,VIRAL,2,75f25bf779b644390320b6ff65cd779cad990ca3fa384ac8aa95c2e49ccdcd4a,8125c61ee66abc6b,False
img_000077,e:\Final_Project\Pnuemonia_Detection\data\raw_datasets\dataset_1\test\NORMAL\NORMAL-3782395-0001.jpeg,dataset_1,NORMAL,NORMAL,0,2a9b9fafd5000ad7478cd55f50c2492feae5f59c8f83e5ad2614e944a20556ee,d0fdc259534f1a4a,False
img_001191,e:\Final_Project\Pnuemonia_Detection\data\raw_datasets\dataset_1\train\NORMAL\NORMAL-4758820-0003.jpeg,dataset_1,NORMAL,NORMAL,0,22074fb15584fa6d3859b9611ea60c43b6186a32fbf28ff369381955d2eaa2d3,906ac63ac94d7ccd,False
img_001559,e:\Final_Project\Pnuemonia_Detection\data\raw_datasets\dataset_1\train\NORMAL\NORMAL-7230473-0002.jpeg,dataset_1,NORMAL,NORMAL,0,85fb4fc9a60fe9c62eee7a781bdfe9912936bdb6d3d00788530e8a8814d87c08,916fc61ece0d18cd,False
img_002663,e:\Final_Project\Pnuemonia_Detection\data\raw_datasets\dataset_1\train\PNEUMONIA\BACTERIA-3504519-0003.jpeg,dataset_1,PNEUMONIA,BACTERIAL,1,4683a810b302c490c364f28d43af23a9f0327ef699100d39a786eba758b9520a,9074e31b876b3c66,False
img_004337,e:\Final_Project\Pnuemonia_Detection\data\raw_datasets\dataset_1\train\PNEUMONIA\BACTERIA-9291784-0001.jpeg,dataset_1,PNEUMONIA,BACTERIAL,1,b383b69bf177fa70ee4d431af0f0ff45774f423477b38feb51dc398fd985489b,d47ea71ba11d2817,False
img_002619,e:\Final_Project\Pnuemonia_Detection\data\raw_datasets\dataset_1\train\PNEUMONIA\BACTERIA-3371316-0005.jpeg,dataset_1,PNEUMONIA,BACTERIAL,1,a7fd163d2ac8640a08712146f5cc204f75959e01513dbf4e168eb56b480a8077,946a6b0dc73ce22b,False
img_003489,e:\Final_Project\Pnuemonia_Detection\data\raw_datasets\dataset_1\train\PNEUMONIA\BACTERIA-6295192-0001.jpeg,dataset_1,PNEUMONIA,BACTERIAL,1,93c2cedf144fb82e5750b3ff24f516b3a989eeb450c0e8ed4b6c4bd967ea1884,d5ffe808923cb229,False
img_000884,e:\Final_Project\Pnuemonia_Detection\data\raw_datasets\dataset_1\train\NORMAL\NORMAL-2728496-0001.jpeg,dataset_1,NORMAL,NORMAL,0,187336f6dcc53c983a951508b25be6115040cda47ea14c75139c51828f32bd77,9139c61aed79b8c1,False
img_000037,e:\Final_Project\Pnuemonia_Detection\data\raw_datasets\dataset_1\test\NORMAL\NORMAL-2298727-0001.jpeg,dataset_1,NORMAL,NORMAL,0,a1187ae41fd3e6afff2298d5a1a460809ae535e001b11e6234108c8ec14c34cf,956c6e1869c73ac3,False
img_003441,e:\Final_Project\Pnuemonia_Detection\data\raw_datasets\dataset_1\train\PNEUMONIA\BACTERIA-6108651-0002.jpeg,dataset_1,PNEUMONIA,BACTERIAL,1,61f788ef708aaecd75a3ac3398aa7575208e5b72f8bec293fbd6f327c39ae36c,942af21e5ed23dd0,False
img_003517,e:\Final_Project\Pnuemonia_Detection\data\raw_datasets\dataset_1\train\PNEUMONIA\BACTERIA-6386500-0001.jpeg,dataset_1,PNEUMONIA,BACTERIAL,1,68397e578cc0920f56f208d5a85c5c1acc58ebd39a3eb6116b5fd65247e4a0fd,c02df21c506b3e7b,False
img_000888,e:\Final_Project\Pnuemonia_Detection\data\raw_datasets\dataset_1\train\NORMAL\NORMAL-2768393-0002.jpeg,dataset_1,NORMAL,NORMAL,0,bc98cb241731af7288cdc429c397c34ed844efba0727ead896b024a59a81689c,9029c71e9e6a39e9,False
img_004856,e:\Final_Project\Pnuemonia_Detection\data\raw_datasets\dataset_1\train\PNEUMONIA\VIRUS-3448702-0001.jpeg,dataset_1,PNEUMONIA,VIRAL,2,8e218c06b317cd29b9f64616255ea174f47e7fb04f8f0ade85dcda54c832781f,91a9c23eca3bd44b,False
img_002351,e:\Final_Project\Pnuemonia_Detection\data\raw_datasets\dataset_1\train\PNEUMONIA\BACTERIA-2426822-0001.jpeg,dataset_1,PNEUMONIA,BACTERIAL,1,fc860d0cff8bddabdbb71e9998568b8ac1cf4c935a9f3029b1c77041b564b615,d43bd31f503a1cd1,False
img_000367,e:\Final_Project\Pnuemonia_Detection\data\raw_datasets\dataset_1\test\PNEUMONIA\BACTERIA-5660566-0007.jpeg,dataset_1,PNEUMONIA,BACTERIAL,1,5a83e6bc4d54782dc8ca49d88535c8f687ba30e7256563ab8d0eea73a0af8eb9,913be21ad21a9afa,False
img_003019,e:\Final_Project\Pnuemonia_Detection\data\raw_datasets\dataset_1\train\PNEUMONIA\BACTERIA-4687423-0002.jpeg,dataset_1,PNEUMONIA,BACTERIAL,1,ca083e6fbd862caec218a0686248c3c501b08c21eebb571a629769174edc54c0,812b4c425d4b6fcf,False
img_002339,e:\Final_Project\Pnuemonia_Detection\data\raw_datasets\dataset_1\train\PNEUMONIA\BACTERIA-2361522-0001.jpeg,dataset_1,PNEUMONIA,BACTERIAL,1,a1b7e1ef2c7f0fb2dc6a4bb4b662d400fd366fa7942e0458561ad802ff2e19df,d0af574356425a5e,False
img_005353,e:\Final_Project\Pnuemonia_Detection\data\raw_datasets\dataset_1\train\PNEUMONIA\VIRUS-6518955-0003.jpeg,dataset_1,PNEUMONIA,VIRAL,2,58e84a75e33ece79836684d330876ed9da9d5faf9623dd6aee6eb68f0d6b0087,c027c31bed6d2cc6,False
img_004526,e:\Final_Project\Pnuemonia_Detection\data\raw_datasets\dataset_1\train\PNEUMONIA\VIRUS-1077882-0001.jpeg,dataset_1,PNEUMONIA,VIRAL,2,8e8c596637280b16a3931c4c885cd93c3c9db2df8a219108ce91392e7fee6587,d068c69edac65ab1,False
img_000595,e:\Final_Project\Pnuemonia_Detection\data\raw_datasets\dataset_1\test\PNEUMONIA\VIRUS-7822291-0001.jpeg,dataset_1,PNEUMONIA,VIRAL,2,8f7fbff3f9d8b2f584b291ed8a89ff9a7f4d649021f792b1a002c1000fd48a10,d476c31bc50d9cc3,False
img_001593,e:\Final_Project\Pnuemonia_Detection\data\raw_datasets\dataset_1\train\NORMAL\NORMAL-7419206-0001.jpeg,dataset_1,NORMAL,NORMAL,0,6a0de7c5977442909c37fc34b017029a5975bbbfb6e0e323770fac011cd0bbe8,d47e870bc1a568e5,False
img_003144,e:\Final_Project\Pnuemonia_Detection\data\raw_datasets\dataset_1\train\PNEUMONIA\BACTERIA-5150733-0013.jpeg,dataset_1,PNEUMONIA,BACTERIAL,1,5c1f7f853fb19f5b011938d2f172bc966ef97049de815d486d5c70ddc0f0cca2,c06ae769c5169f92,False
img_001465,e:\Final_Project\Pnuemonia_Detection\data\raw_datasets\dataset_1\train\NORMAL\NORMAL-6830488-0001.jpeg,dataset_1,NORMAL,NORMAL,0,cd2fde0c6b6cf4e532ac496a00a852211c9de8e9ccc42d4142d0083aa932b30f,d57f871b8d0d0c4c,False
img_002758,e:\Final_Project\Pnuemonia_Detection\data\raw_datasets\dataset_1\train\PNEUMONIA\BACTERIA-385176-0003.jpeg,dataset_1,PNEUMONIA,BACTERIAL,1,caf02191f1eb87d5861c5a166ea521101dfe544e15a2369ab27f48f28c6bae72,d83de55fd84918c8,False
img_001460,e:\Final_Project\Pnuemonia_Detection\data\raw_datasets\dataset_1\train\NORMAL\NORMAL-673276-0001.jpeg,dataset_1,NORMAL,NORMAL,0,4db5ab57e8b5fd1e1fb53885e74329edb5145f98d996d3381c5cf8c406db8a9f,d46cef2f0d4d1c44,False
img_004570,e:\Final_Project\Pnuemonia_Detection\data\raw_datasets\dataset_1\train\PNEUMONIA\VIRUS-1335423-0009.jpeg,dataset_1,PNEUMONIA,VIRAL,2,88c259e252b7fbb3a6ad7f8b11f9ba1341b6064f4cfc2b052df31105445d9c58,957e6f46a6171215,False
img_001880,e:\Final_Project\Pnuemonia_Detection\data\raw_datasets\dataset_1\train\NORMAL\NORMAL-9386779-0001.jpeg,dataset_1,NORMAL,NORMAL,0,c73276aa65f8627b0a4ea89594ea19d930692840bde45afa446c137b2799619f,9d6d871aad2d3c24,False
img_001712,e:\Final_Project\Pnuemonia_Detection\data\raw_datasets\dataset_1\train\NORMAL\NORMAL-8311712-0002.jpeg,dataset_1,NORMAL,NORMAL,0,7cd1eef31db8416b8c4ac53050bf25a3905c2ad64e822ad3e2cc46d927a64b1f,912bc21ada7939d9,False
img_000921,e:\Final_Project\Pnuemonia_Detection\data\raw_datasets\dataset_1\train\NORMAL\NORMAL-3054452-0001.jpeg,dataset_1,NORMAL,NORMAL,0,4806cd56e94280f627ede0d3f07e4be9887a38e77c545dcf2500d9aeed624108,9129c61afce939c5,False
img_000186,e:\Final_Project\Pnuemonia_Detection\data\raw_datasets\dataset_1\test\NORMAL\NORMAL-7519498-0001.jpeg,dataset_1,NORMAL,NORMAL,0,1298f1c5bf8a5f46161ed7d2431792e729866a169db38cd72a086134dc0bc3e8,9174875a8d0df8a7,False
img_005719,e:\Final_Project\Pnuemonia_Detection\data\raw_datasets\dataset_1\train\PNEUMONIA\VIRUS-9035476-0001.jpeg,dataset_1,PNEUMONIA,VIRAL,2,ae8b56a9b502a71a2ea823db6739e3b1ce3e7aee23302a22e5b96a7b1acb8a2f,c06f971b4b87c343,False
img_001342,e:\Final_Project\Pnuemonia_Detection\data\raw_datasets\dataset_1\train\NORMAL\NORMAL-5816980-0002.jpeg,dataset_1,NORMAL,NORMAL,0,7c9113d516a845003e13fbba9a5b079e478c5d09c61442767a368d8e0ae948bc,d475a31fad0c0cc7,False
img_002020,e:\Final_Project\Pnuemonia_Detection\data\raw_datasets\dataset_1\train\PNEUMONIA\BACTERIA-1083680-0030.jpeg,dataset_1,PNEUMONIA,BACTERIAL,1,4801067a9f030f57c6d2a4defffa42dd77426ff23cc8bd94dd04d7f619601c2a,d03fe23c90433cf9,False
img_000723,e:\Final_Project\Pnuemonia_Detection\data\raw_datasets\dataset_1\train\NORMAL\NORMAL-177055-0002.jpeg,dataset_1,NORMAL,NORMAL,0,c4138ef109093ac54e1442ba2c6e6b70daec657ae10852e43b7d4c7ba05efce0,90abc61ade493dd1,False
img_003428,e:\Final_Project\Pnuemonia_Detection\data\raw_datasets\dataset_1\train\PNEUMONIA\BACTERIA-6076468-0002.jpeg,dataset_1,PNEUMONIA,BACTERIAL,1,885804f19eba96453468a4e51e216e13006baa238bcb066101260df4dd9f09f5,d03fe31f98583cc1,False
img_005435,e:\Final_Project\Pnuemonia_Detection\data\raw_datasets\dataset_1\train\PNEUMONIA\VIRUS-7075658-0002.jpeg,dataset_1,PNEUMONIA,VIRAL,2,48f0d840f9036cf629bd38878bbe1d8a2d060780eeceacf90a618b242f60b6ef,956e2f3b0f09091f,False
img_002516,e:\Final_Project\Pnuemonia_Detection\data\raw_datasets\dataset_1\train\PNEUMONIA\BACTERIA-3015897-0001.jpeg,dataset_1,PNEUMONIA,BACTERIAL,1,e5ea52f578f873c65b3c631bbffb18d9664d1971738c935f49c5b4c2c8a7603b,9414eb4bb5c22fb4,False
img_000984,e:\Final_Project\Pnuemonia_Detection\data\raw_datasets\dataset_1\train\NORMAL\NORMAL-3482198-0002.jpeg,dataset_1,NORMAL,NORMAL,0,bb538b8e53a7646e69756dbc91f9bb3f1c6682eb33223acd480c579660b7dd2f,d57f871e890d2887,False
img_000010,e:\Final_Project\Pnuemonia_Detection\data\raw_datasets\dataset_1\test\NORMAL\NORMAL-1368583-0001.jpeg,dataset_1,NORMAL,NORMAL,0,f9ddce356c7b9e14b16d97b96a7a1a6019db0cb2b89a3feae0431318c1d0213c,887f8f3a092d5c4d,False
img_002238,e:\Final_Project\Pnuemonia_Detection\data\raw_datasets\dataset_1\train\PNEUMONIA\BACTERIA-1984461-0006.jpeg,dataset_1,PNEUMONIA,BACTERIAL,1,46099acd5075ad464d488bb2b113dd195dabc3a83acda49ef9fcdf37ac2a1178,882be51eaa2b3dc5,False
img_003989,e:\Final_Project\Pnuemonia_Detection\data\raw_datasets\dataset_1\train\PNEUMONIA\BACTERIA-8161224-0001.jpeg,dataset_1,PNEUMONIA,BACTERIAL,1,7377dcbd94cde8ea4d5265179eb2b365ed68aaa04eb8752f691c5842907d7b85,805ca7d29a9b9b3a,False
img_005081,e:\Final_Project\Pnuemonia_Detection\data\raw_datasets\dataset_1\train\PNEUMONIA\VIRUS-4811350-0002.jpeg,dataset_1,PNEUMONIA,VIRAL,2,63becb2afc8e5bfa5a33e6bd3f7fb3661beecdf2a7acde47f3242dbfd692ef5b,d42ec31b994a5cd6,False
img_003272,e:\Final_Project\Pnuemonia_Detection\data\raw_datasets\dataset_1\train\PNEUMONIA\BACTERIA-5510638-0003.jpeg,dataset_1,PNEUMONIA,BACTERIAL,1,3a90466b3165b9c0d432957ce498b99fd7daaa5340c117f433ca3a4293baca4a,ca6a85fd8c406d6e,False
img_001602,e:\Final_Project\Pnuemonia_Detection\data\raw_datasets\dataset_1\train\NORMAL\NORMAL-7461661-0001.jpeg,dataset_1,NORMAL,NORMAL,0,090002b93b85abd7b736d413d4f8767293c09a6d1dc9dd993b0490ccc1fd0563,952f871e0b1d6c4d,False
img_005837,e:\Final_Project\Pnuemonia_Detection\data\raw_datasets\dataset_1\train\PNEUMONIA\VIRUS-9829865-0002.jpeg,dataset_1,PNEUMONIA,VIRAL,2,2be6dc0ac35b4fb41fc04cc72350352ebdea295027f1d476a77c6472b303ef82,d4e6c73bc70b814a,False
img_004204,e:\Final_Project\Pnuemonia_Detection\data\raw_datasets\dataset_1\train\PNEUMONIA\BACTERIA-8738712-0011.jpeg,dataset_1,PNEUMONIA,BACTERIAL,1,2834815ccc91e0234ae80c835c0923f4b4d8eceb270c2b8e54aa07aa5ecbbcd2,957fa70e082d3d64,False
img_000032,e:\Final_Project\Pnuemonia_Detection\data\raw_datasets\dataset_1\test\NORMAL\NORMAL-217318-0001.jpeg,dataset_1,NORMAL,NORMAL,0,042b1112a30ab548765daa5ef839e2f114a009e01034003ab1118c483990fee3,913be63a68593c69,False
img_004436,e:\Final_Project\Pnuemonia_Detection\data\raw_datasets\dataset_1\train\PNEUMONIA\BACTERIA-960851-0003.jpeg,dataset_1,PNEUMONIA,BACTERIAL,1,f5207daec1b7152e6d718a5013ee71381c6e77ded53a157a138bb5d0708319d3,816ae13bd24b9eca,False
img_003229,e:\Final_Project\Pnuemonia_Detection\data\raw_datasets\dataset_1\train\PNEUMONIA\BACTERIA-5401887-0003.jpeg,dataset_1,PNEUMONIA,BACTERIAL,1,8fc7554cb24770eeca8aa38ff390ccf3f4cacf2466054d7173aa8fc7ad5b1d74,de7fd01abae030b0,False
img_001479,e:\Final_Project\Pnuemonia_Detection\data\raw_datasets\dataset_1\train\NORMAL\NORMAL-6901859-0002.jpeg,dataset_1,NORMAL,NORMAL,0,8c228b2eafb1932746c3d39232aff11f965e7315536b5bfa1e470bbf7dbcd12e,917e861ad93d2987,False
img_001818,e:\Final_Project\Pnuemonia_Detection\data\raw_datasets\dataset_1\train\NORMAL\NORMAL-9015145-0001.jpeg,dataset_1,NORMAL,NORMAL,0,1a58c9da48e8a1d953b7f492854cabefc716bb52523daa002c40711ebbaf4caa,d57f870f8d4d0c84,False
img_005701,e:\Final_Project\Pnuemonia_Detection\data\raw_datasets\dataset_1\train\PNEUMONIA\VIRUS-886684-0002.jpeg,dataset_1,PNEUMONIA,VIRAL,2,cb5b8140f577cf1e6bc15ee8b582e979707d055ce605fa8bb6f5cd57b05f53f3,c0629758853de73e,False
img_005586,e:\Final_Project\Pnuemonia_Detection\data\raw_datasets\dataset_1\train\PNEUMONIA\VIRUS-8133734-0002.jpeg,dataset_1,PNEUMONIA,VIRAL,2,06d4a12cc146e678c7f380b094a5e6dadc1284438136ec5933edb66708523c6d,9139e31abaca3d38,False
img_004490,e:\Final_Project\Pnuemonia_Detection\data\raw_datasets\dataset_1\train\PNEUMONIA\BACTERIA-990412-0007.jpeg,dataset_1,PNEUMONIA,BACTERIAL,1,6af2d83862ed33b0f7df85e96bfdc2417aea239d004010117a73c1b1b98b5fcd,946f2f3e8b18c31c,False
img_001198,e:\Final_Project\Pnuemonia_Detection\data\raw_datasets\dataset_1\train\NORMAL\NORMAL-4824082-0001.jpeg,dataset_1,NORMAL,NORMAL,0,62727467953b3194e15f6103da0fe8629789fe9e07770a9c627388cfafe00c8c,816ac67a58797d45,False
img_000870,e:\Final_Project\Pnuemonia_Detection\data\raw_datasets\dataset_1\train\NORMAL\NORMAL-2675017-0001.jpeg,dataset_1,NORMAL,NORMAL,0,d692178d116e7af125c6cbabf001be61cfae03a7aca4cf1d4573c43491d082d1,916f8f1a0f4d1c4d,False
img_004990,e:\Final_Project\Pnuemonia_Detection\data\raw_datasets\dataset_1\train\PNEUMONIA\VIRUS-428676-0002.jpeg,dataset_1,PNEUMONIA,VIRAL,2,4fb885081aab63dc9cfa42fa812adae8983180424b6c03985df5812219266329,98e1c578c6798769,False
img_002094,e:\Final_Project\Pnuemonia_Detection\data\raw_datasets\dataset_1\train\PNEUMONIA\BACTERIA-1511047-0001.jpeg,dataset_1,PNEUMONIA,BACTERIAL,1,d09b9c0aafcba7e96a5d4b6c9de30914937c46251f09b20dff20917a26f6d42f,ca3becda1a5a6492,False
img_002561,e:\Final_Project\Pnuemonia_Detection\data\raw_datasets\dataset_1\train\PNEUMONIA\BACTERIA-3194796-0002.jpeg,dataset_1,PNEUMONIA,BACTERIAL,1,1eb9c484df638aa6ed8c54d0fdae515e82b01368039b5df2ee6bcb2d4367fb6e,9165c69ecf38c338,False
img_002597,e:\Final_Project\Pnuemonia_Detection\data\raw_datasets\dataset_1\train\PNEUMONIA\BACTERIA-330954-0001.jpeg,dataset_1,PNEUMONIA,BACTERIAL,1,f9667a37642c026b115066456ef3499a8fa6ba485444118e3bd2d99e4f3b0f85,dd74a67aa1966825,False
img_002199,e:\Final_Project\Pnuemonia_Detection\data\raw_datasets\dataset_1\train\PNEUMONIA\BACTERIA-1867881-0001.jpeg,dataset_1,PNEUMONIA,BACTERIAL,1,23145d7e090d3526d2938020d8cbc629c858b84620f100c5f6592aa211792e77,950fe31ece4a3ce0,False
img_005378,e:\Final_Project\Pnuemonia_Detection\data\raw_datasets\dataset_1\train\PNEUMONIA\VIRUS-667894-0001.jpeg,dataset_1,PNEUMONIA,VIRAL,2,b714e09b36eb805aba6957c187b722405eb9eff610be2ea8e43d94a685572d4f,d042c25bc73fc14f,False
img_005045,e:\Final_Project\Pnuemonia_Detection\data\raw_datasets\dataset_1\train\PNEUMONIA\VIRUS-463487-0004.jpeg,dataset_1,PNEUMONIA,VIRAL,2,4e9bde1cefd8e8cad9bd8239ed87a57567f5c3cdf70f3120dbe69eedabab2b7c,9179c71ed64a345a,False
img_005703,e:\Final_Project\Pnuemonia_Detection\data\raw_datasets\dataset_1\train\PNEUMONIA\VIRUS-8888277-0001.jpeg,dataset_1,PNEUMONIA,VIRAL,2,2e3fae54a09bec212b631bbcfc2deb73672ced6a705cd1c68812db94b78f0adc,90efd67ac21ac51c,False
img_001065,e:\Final_Project\Pnuemonia_Detection\data\raw_datasets\dataset_1\train\NORMAL\NORMAL-3902817-0001.jpeg,dataset_1,NORMAL,NORMAL,0,6fb6cf28378499be844dc936fb531405d9a7059deb6666db129d612f7ff019e7,916dc61a9e4b3d68,False
img_003767,e:\Final_Project\Pnuemonia_Detection\data\raw_datasets\dataset_1\train\PNEUMONIA\BACTERIA-7430292-0001.jpeg,dataset_1,PNEUMONIA,BACTERIAL,1,16931b33609f76893ff296900675e68b7c195a6daad08ad921ea2e0cda6448ed,d0af6a56524b394b,False
img_000172,e:\Final_Project\Pnuemonia_Detection\data\raw_datasets\dataset_1\test\NORMAL\NORMAL-706052-0001.jpeg,dataset_1,NORMAL,NORMAL,0,78dd3d634befda8b66d269ec8a9e31c68674720c321833188bd388152ddb0b24,dd3a4f1a491c4d1d,False
img_000862,e:\Final_Project\Pnuemonia_Detection\data\raw_datasets\dataset_1\train\NORMAL\NORMAL-2568157-0001.jpeg,dataset_1,NORMAL,NORMAL,0,92ab4ef4a3b0fa57c47624214c4efd8ca940bce53115e007c201efc89f275f90,8d0e0759cd61e3c7,False
img_005456,e:\Final_Project\Pnuemonia_Detection\data\raw_datasets\dataset_1\train\PNEUMONIA\VIRUS-7218018-0002.jpeg,dataset_1,PNEUMONIA,VIRAL,2,698a23a53b75cbcbdcde728da4a8ac135b694fc6dd56da7163d00a38282c45ba,9125c73ec23ed44e,False
img_000594,e:\Final_Project\Pnuemonia_Detection\data\raw_datasets\dataset_1\test\PNEUMONIA\VIRUS-7788460-0001.jpeg,dataset_1,PNEUMONIA,VIRAL,2,d5d0163bb1348a88c27381367751bd45f24818059e38fd874934156a3dfcbe0e,dc668329873c473d,False
img_004383,e:\Final_Project\Pnuemonia_Detection\data\raw_datasets\dataset_1\train\PNEUMONIA\BACTERIA-9496210-0002.jpeg,dataset_1,PNEUMONIA,BACTERIAL,1,d84dc4fb26c37b302d6525f14e1fbf925865c30282327d717b4b79b44253ad7f,956e430f0e4d5c7c,False
img_005722,e:\Final_Project\Pnuemonia_Detection\data\raw_datasets\dataset_1\train\PNEUMONIA\VIRUS-9044719-0004.jpeg,dataset_1,PNEUMONIA,VIRAL,2,ba6c3be6e0fe0d36cc807a35d258912425c1e0ddebc0259e3eddf312014dc737,9129e62af86a396d,False
img_003864,e:\Final_Project\Pnuemonia_Detection\data\raw_datasets\dataset_1\train\PNEUMONIA\BACTERIA-772356-0001.jpeg,dataset_1,PNEUMONIA,BACTERIAL,1,2ff7bc1aa3a6e1f2dcfac4e09c029f6abe8a47c8a48ad832105214cce6d8b0bd,9137c7b8c729862d,False
img_002532,e:\Final_Project\Pnuemonia_Detection\data\raw_datasets\dataset_1\train\PNEUMONIA\BACTERIA-30629-0001.jpeg,dataset_1,PNEUMONIA,BACTERIAL,1,8528145b6f23a2cd56afff473480a0d43bd729db0657750553f5ddfdb0e06f2d,9474b77b8729213c,False
img_004459,e:\Final_Project\Pnuemonia_Detection\data\raw_datasets\dataset_1\train\PNEUMONIA\BACTERIA-9727803-0001.jpeg,dataset_1,PNEUMONIA,BACTERIAL,1,e1f657f9bc68112e52d830018bf83a604b9eeb8a5de32f1591a4027977cc9855,c0eea73ac14d1557,False
img_005188,e:\Final_Project\Pnuemonia_Detection\data\raw_datasets\dataset_1\train\PNEUMONIA\VIRUS-546032-0002.jpeg,dataset_1,PNEUMONIA,VIRAL,2,d6060138825197adf99f02bfda84dab42ca8b852b34600d725a598cdccc10096,d829e14bb7c085fa,False
img_002982,e:\Final_Project\Pnuemonia_Detection\data\raw_datasets\dataset_1\train\PNEUMONIA\BACTERIA-4609274-0001.jpeg,dataset_1,PNEUMONIA,BACTERIAL,1,0b26d63549dc431c7f989688d269c2f279f0b35d61afdc6bebb4999606b8b0eb,913be30a9c4a1ede,False
img_005372,e:\Final_Project\Pnuemonia_Detection\data\raw_datasets\dataset_1\train\PNEUMONIA\VIRUS-6641294-0001.jpeg,dataset_1,PNEUMONIA,VIRAL,2,b3ab9341370ad06d5a8ea9764653b2c5d9091fd930334867c5a260162c7eb207,d06ca73abf0b290e,False
img_002252,e:\Final_Project\Pnuemonia_Detection\data\raw_datasets\dataset_1\train\PNEUMONIA\BACTERIA-206525-0001.jpeg,dataset_1,PNEUMONIA,BACTERIAL,1,75fcd71983f3ad6cf017e7e82b825a81fdf13045479af13ac199c7c0505d1f8a,8125c61ee33ee569,False
img_005317,e:\Final_Project\Pnuemonia_Detection\data\raw_datasets\dataset_1\train\PNEUMONIA\VIRUS-6286822-0002.jpeg,dataset_1,PNEUMONIA,VIRAL,2,290fe6ffe98e97de01fb8648015cd3d0fd215114e1b99765502b70ca07c895b8,94a0e31ed25bf44b,False
img_003844,e:\Final_Project\Pnuemonia_Detection\data\raw_datasets\dataset_1\train\PNEUMONIA\BACTERIA-7700975-0001.jpeg,dataset_1,PNEUMONIA,BACTERIAL,1,858279bedc7e50a242840cff08feb06bf35f99a2cd45000a3ee618c03656b40e,c02ee79ac5c765c2,False
img_004891,e:\Final_Project\Pnuemonia_Detection\data\raw_datasets\dataset_1\train\PNEUMONIA\VIRUS-3645285-0002.jpeg,dataset_1,PNEUMONIA,VIRAL,2,9816168504512300e3e001904bc7ba933e12d5cd9475b0a009cd757efcc3012f,807ab41eb23f0d3d,False
img_003759,e:\Final_Project\Pnuemonia_Detection\data\raw_datasets\dataset_1\train\PNEUMONIA\BACTERIA-741892-0001.jpeg,dataset_1,PNEUMONIA,BACTERIAL,1,d4d754b104db34336d7b5281c2dd209475311ba7c274d00b552bfefe9b16a774,d42ea71d455f2507,False
img_002831,e:\Final_Project\Pnuemonia_Detection\data\raw_datasets\dataset_1\train\PNEUMONIA\BACTERIA-4133607-0003.jpeg,dataset_1,PNEUMONIA,BACTERIAL,1,e7bd30765cd7326d58cadeb5501d85eb24151b56396ffa5166f9e8b5b7742792,822aef7da50f3d40,False
img_004230,e:\Final_Project\Pnuemonia_Detection\data\raw_datasets\dataset_1\train\PNEUMONIA\BACTERIA-8865659-0001.jpeg,dataset_1,PNEUMONIA,BACTERIAL,1,5df026495f41337c2b132c5182db3304b16ac05eeb89b4aa30857fb06a2a04cf,9568ae3b2b0d0f8e,False
img_002300,e:\Final_Project\Pnuemonia_Detection\data\raw_datasets\dataset_1\train\PNEUMONIA\BACTERIA-2190092-0002.jpeg,dataset_1,PNEUMONIA,BACTERIAL,1,3f4baa975118f7cf331c2c43deaa62304b78d8c0b4f152b9b780ceef7b760d42,902bcb1eca0b3cf6,False
img_002950,e:\Final_Project\Pnuemonia_Detection\data\raw_datasets\dataset_1\train\PNEUMONIA\BACTERIA-4469305-0001.jpeg,dataset_1,PNEUMONIA,BACTERIAL,1,e7e14f8df0c9a372c3a2bc54ebc0d2ef348d72dd28abae1e6bc81905f7887517,913f961c1d1b3939,False
img_000517,e:\Final_Project\Pnuemonia_Detection\data\raw_datasets\dataset_1\test\PNEUMONIA\VIRUS-3439481-0001.jpeg,dataset_1,PNEUMONIA,VIRAL,2,381f2366b3646702b95997e0fe8def6a30abd4b905564f58188aa3422945c072,d035c75ed04f38c6,False
img_000492,e:\Final_Project\Pnuemonia_Detection\data\raw_datasets\dataset_1\test\PNEUMONIA\VIRUS-1540910-0002.jpeg,dataset_1,PNEUMONIA,VIRAL,2,09156e5fd095c2e36569fd6eb17f075afc5474736f5ab346d977976f49f2f56a,d501c20bbf6b3de0,False
img_002948,e:\Final_Project\Pnuemonia_Detection\data\raw_datasets\dataset_1\train\PNEUMONIA\BACTERIA-4464623-0001.jpeg,dataset_1,PNEUMONIA,BACTERIAL,1,6e79a9cea552c1e33bc0787eb099d8ac61e6bf396a1d88088ad3046378823797,d075e31ee2875aa1,False
img_005383,e:\Final_Project\Pnuemonia_Detection\data\raw_datasets\dataset_1\train\PNEUMONIA\VIRUS-6709337-0001.jpeg,dataset_1,PNEUMONIA,VIRAL,2,7113be6713b80d5b2a884d68aeccfab4a4d652cd42da899302a51f1a32195a0f,d474f71fec0c2c0c,False
img_002458,e:\Final_Project\Pnuemonia_Detection\data\raw_datasets\dataset_1\train\PNEUMONIA\BACTERIA-2797571-0001.jpeg,dataset_1,PNEUMONIA,BACTERIAL,1,ef6ea9774452a1ff9d947762a76a6e0ec9d3412347484b224936591240dc3281,917bc61ada5b3909,False
img_004764,e:\Final_Project\Pnuemonia_Detection\data\raw_datasets\dataset_1\train\PNEUMONIA\VIRUS-2756379-0002.jpeg,dataset_1,PNEUMONIA,VIRAL,2,02f3e92a21a5e7c1e9ea7f2652c1ffdb0cfcc211f56a7a995a8c50a35165d267,d06bc73ec16d3c44,False
img_005613,e:\Final_Project\Pnuemonia_Detection\data\raw_datasets\dataset_1\train\PNEUMONIA\VIRUS-8302418-0001.jpeg,dataset_1,PNEUMONIA,VIRAL,2,c53cc03aa36cde52b7a5540b1b563c1ecdfea7e65cf9a5b99fdec0818ad7a5d5,9165c61a87cf3cc6,False
img_000329,e:\Final_Project\Pnuemonia_Detection\data\raw_datasets\dataset_1\test\PNEUMONIA\BACTERIA-4269599-0008.jpeg,dataset_1,PNEUMONIA,BACTERIAL,1,49cd860731316213f4918762f6aee8e1d8c2e2865e75532746d8980cb4d5349c,946aaa1f4f1da52a,False
img_000107,e:\Final_Project\Pnuemonia_Detection\data\raw_datasets\dataset_1\test\NORMAL\NORMAL-5200363-0001.jpeg,dataset_1,NORMAL,NORMAL,0,f2fce9977273b2ae4eeacdb287fe3cfaf0d94cbca0f4b90600a4a3d8861a74d7,d07cc73a8d6d38c4,False
img_000801,e:\Final_Project\Pnuemonia_Detection\data\raw_datasets\dataset_1\train\NORMAL\NORMAL-229022-0001.jpeg,dataset_1,NORMAL,NORMAL,0,62b87dd3b65a9cda0a34627b1959089380908cf9d9a18c9084def143b8ab9605,816ace5a5d4d585d,False
img_005066,e:\Final_Project\Pnuemonia_Detection\data\raw_datasets\dataset_1\train\PNEUMONIA\VIRUS-4728998-0002.jpeg,dataset_1,PNEUMONIA,VIRAL,2,6242f2ef200267d6407877e7a1bec6c1dd95ddfe230c1697f18459e0750577eb,d42be61edf491d40,False
img_003243,e:\Final_Project\Pnuemonia_Detection\data\raw_datasets\dataset_1\train\PNEUMONIA\BACTERIA-5437440-0004.jpeg,dataset_1,PNEUMONIA,BACTERIAL,1,ea0c7d31ae3078e8609a4896254d469b5a05199093d8a3de75298f180f6268d7,d02b635b1e493d3c,False
img_002151,e:\Final_Project\Pnuemonia_Detection\data\raw_datasets\dataset_1\train\PNEUMONIA\BACTERIA-1718141-0001.jpeg,dataset_1,PNEUMONIA,BACTERIAL,1,617c227234562700975dc7bff5f3eb80ad8fc33e6376ef8cd7cdd707bfdb50f5,8a2acd1c8a3a9dcf,False
img_005282,e:\Final_Project\Pnuemonia_Detection\data\raw_datasets\dataset_1\train\PNEUMONIA\VIRUS-6144452-0003.jpeg,dataset_1,PNEUMONIA,VIRAL,2,2509b15d31f7141c7bd2308a2b343dc19b9b712162a530182486cd181592f44b,c22fac09994b3f3c,False
img_005110,e:\Final_Project\Pnuemonia_Detection\data\raw_datasets\dataset_1\train\PNEUMONIA\VIRUS-5080455-0002.jpeg,dataset_1,PNEUMONIA,VIRAL,2,e9ee7f351cfca744be40b079fc331bc93a3e95300f12b2f016c4ff2673a3ff1d,c0bfab0b0d0d2d3e,False
img_001202,e:\Final_Project\Pnuemonia_Detection\data\raw_datasets\dataset_1\train\NORMAL\NORMAL-4843653-0001.jpeg,dataset_1,NORMAL,NORMAL,0,b6ced9b7053e0c304dd6968ea94b3517c23876bc588efac8ce96b0b0dd5ff888,91b5c63ac87939c3,False
img_003872,e:\Final_Project\Pnuemonia_Detection\data\raw_datasets\dataset_1\train\PNEUMONIA\BACTERIA-7764644-0001.jpeg,dataset_1,PNEUMONIA,BACTERIAL,1,54447007dabbcd6c9e4f88d6f82e205a024c4f44772574f2e32d4b0e561ca6ed,947de13de542b5c0,False
img_000004,e:\Final_Project\Pnuemonia_Detection\data\raw_datasets\dataset_1\test\NORMAL\NORMAL-115218-0001.jpeg,dataset_1,NORMAL,NORMAL,0,6586452700f58d262e1d972be70d7f6abf8d8691056864cec3073a7f9af7bf69,9129c278787b7953,False
img_000141,e:\Final_Project\Pnuemonia_Detection\data\raw_datasets\dataset_1\test\NORMAL\NORMAL-6112608-0001.jpeg,dataset_1,NORMAL,NORMAL,0,f17a003185299f171440c2cb408c2e5bacea90376971ed81ecc9812465e209fb,996e471a4e7a4768,False
img_005116,e:\Final_Project\Pnuemonia_Detection\data\raw_datasets\dataset_1\train\PNEUMONIA\VIRUS-5121478-0003.jpeg,dataset_1,PNEUMONIA,VIRAL,2,4ae5e8e026569745d018103f64a2bbb072e1a308a44c8bc8c4b95272267d691f,91f4c71e864bb8c3,False
img_001654,e:\Final_Project\Pnuemonia_Detection\data\raw_datasets\dataset_1\train\NORMAL\NORMAL-7885137-0001.jpeg,dataset_1,NORMAL,NORMAL,0,58106499442ea66a48801062ae73a895ab88095f83f9be42364940f4b6959f46,907c873bbd4d183c,False
img_003571,e:\Final_Project\Pnuemonia_Detection\data\raw_datasets\dataset_1\train\PNEUMONIA\BACTERIA-6552287-0001.jpeg,dataset_1,PNEUMONIA,BACTERIAL,1,c11e87cdb27c73f6469b094fdceebb04a970be5cad11b5c0154cc0fa6a3578a6,9429e21f464f1e5b,False
img_004605,e:\Final_Project\Pnuemonia_Detection\data\raw_datasets\dataset_1\train\PNEUMONIA\VIRUS-1591633-0002.jpeg,dataset_1,PNEUMONIA,VIRAL,2,a681fddf19d4d83b07b9cf97eb4c88c71e6c2b0e1f9ee4d11bf3e04d1b9a7536,c06a865aed2d6d87,False
img_000481,e:\Final_Project\Pnuemonia_Detection\data\raw_datasets\dataset_1\test\PNEUMONIA\VIRUS-1352878-0001.jpeg,dataset_1,PNEUMONIA,VIRAL,2,8803d2037c4c73e3589c79714365cc023d898e969d9dda2f1d54a97757220bbf,942beb3ef00f3449,False
img_006052,e:\Final_Project\Pnuemonia_Detection\data\raw_datasets\dataset_2\test\NORMAL\NORMAL2-IM-0332-0001.jpeg,dataset_2,NORMAL,NORMAL,0,eba5deb1db1eb91956efadf16afa8c3e429a308073e71f2e5080d20aee959dbd,d42cc31fc31b92e3,False
img_005990,e:\Final_Project\Pnuemonia_Detection\data\raw_datasets\dataset_2\test\NORMAL\NORMAL2-IM-0232-0001.jpeg,dataset_2,NORMAL,NORMAL,0,4a76bf98637ae1b06f849b5dfc3b2d23d66310ed5a5739c583ede3a814e0bd8a,d07ee73fa109b841,False
img_000905,e:\Final_Project\Pnuemonia_Detection\data\raw_datasets\dataset_1\train\NORMAL\NORMAL-2890238-0001.jpeg,dataset_1,NORMAL,NORMAL,0,01762c0ff72af646d5f0bc4b48359e98121148830653da845ae6ee43bf666a67,8129c75af8693979,False
img_004340,e:\Final_Project\Pnuemonia_Detection\data\raw_datasets\dataset_1\train\PNEUMONIA\BACTERIA-9307399-0002.jpeg,dataset_1,PNEUMONIA,BACTERIAL,1,8c14db09fce280a4d2c64b717e7e24c1ddfcb22f47bc15314988473bad7dd998,812bc71f3cc2973a,False
img_002350,e:\Final_Project\Pnuemonia_Detection\data\raw_datasets\dataset_1\train\PNEUMONIA\BACTERIA-2422671-0001.jpeg,dataset_1,PNEUMONIA,BACTERIAL,1,7504996355b1b9bc863c2882881e0aeaf0e3b9552d58fe107d3e6db880b1ca81,d46fa73a8329c06e,False
img_002234,e:\Final_Project\Pnuemonia_Detection\data\raw_datasets\dataset_1\train\PNEUMONIA\BACTERIA-1984461-0002.jpeg,dataset_1,PNEUMONIA,BACTERIAL,1,13569babc122f7181ed1ef57db1781608ccc7fdf64329ded82a37996849a4e3d,c46ea752971f291c,False
img_004249,e:\Final_Project\Pnuemonia_Detection\data\raw_datasets\dataset_1\train\PNEUMONIA\BACTERIA-8995112-0001.jpeg,dataset_1,PNEUMONIA,BACTERIAL,1,e170259a19940b5c4bd950833b445767ec298368374edf84e8005f4d4c8df58b,913fe41a9c5b98ca,False
img_004718,e:\Final_Project\Pnuemonia_Detection\data\raw_datasets\dataset_1\train\PNEUMONIA\VIRUS-249675-0002.jpeg,dataset_1,PNEUMONIA,VIRAL,2,d4193c98b4bb827a9bdf1efb7f4fe5ccfc0fe97b7272d9dde490420fd2e97aed,9469ef9ec318c31a,False
img_004030,e:\Final_Project\Pnuemonia_Detection\data\raw_datasets\dataset_1\train\PNEUMONIA\BACTERIA-8288061-0001.jpeg,dataset_1,PNEUMONIA,BACTERIAL,1,377b9133faf8ecfa010a1d8bbb167c1df76ff63533b8b375bad557c54390812b,95aa0015575b3d5f,False
img_005525,e:\Final_Project\Pnuemonia_Detection\data\raw_datasets\dataset_1\train\PNEUMONIA\VIRUS-7776636-0001.jpeg,dataset_1,PNEUMONIA,VIRAL,2,62f474d619dd93c8f1add8a9499a173dc311e0a58c62e9a5057e41b7c54550fd,9161a73af04e7996,False
img_003892,e:\Final_Project\Pnuemonia_Detection\data\raw_datasets\dataset_1\train\PNEUMONIA\BACTERIA-781305-0002.jpeg,dataset_1,PNEUMONIA,BACTERIAL,1,70a1359fd4122e2ca162955af7e92ab8126643bd46b0a385ccbdfc343db34ef1,950fee0a3e4a427e,False
img_002318,e:\Final_Project\Pnuemonia_Detection\data\raw_datasets\dataset_1\train\PNEUMONIA\BACTERIA-2245040-0002.jpeg,dataset_1,PNEUMONIA,BACTERIAL,1,bfe7a0f7309cb9b6fa45799122aa3b7cf6f1f504f3cc6bd0b805c9f1028faacf,9968861acf3d6d16,False
img_005231,e:\Final_Project\Pnuemonia_Detection\data\raw_datasets\dataset_1\train\PNEUMONIA\VIRUS-5715030-0001.jpeg,dataset_1,PNEUMONIA,VIRAL,2,a643e24b1aaa21cca2b93311d636c9197ebeeaa8a2ca952501195158468f0220,d06ae23be9792869,False
img_003254,e:\Final_Project\Pnuemonia_Detection\data\raw_datasets\dataset_1\train\PNEUMONIA\BACTERIA-5454799-0002.jpeg,dataset_1,PNEUMONIA,BACTERIAL,1,bb912b9436e127315ebd24fd59c9cb4a7912ea076af18cc343c6ae00e2cf31da,c02ee37fd24b384a,False
img_000067,e:\Final_Project\Pnuemonia_Detection\data\raw_datasets\dataset_1\test\NORMAL\NORMAL-3464500-0001.jpeg,dataset_1,NORMAL,NORMAL,0,4d7f97dd0bf482641c39670ca503283d2d420c1c0d9265b246efe5dfb361091f,897ec712914f924f,False
img_001776,e:\Final_Project\Pnuemonia_Detection\data\raw_datasets\dataset_1\train\NORMAL\NORMAL-8733593-0001.jpeg,dataset_1,NORMAL,NORMAL,0,d8c57d67095f745516eabb2711d33eca4f5e63ac665301f622462afe9c93d6a2,917e8e1a0d5959c7,False
img_000722,e:\Final_Project\Pnuemonia_Detection\data\raw_datasets\dataset_1\train\NORMAL\NORMAL-177055-0001.jpeg,dataset_1,NORMAL,NORMAL,0,67572205c324b3e0dffd2420ea115f48e411b92463c09951d64bec5c886ac1bb,813ec71f4d487c4d,False
img_004955,e:\Final_Project\Pnuemonia_Detection\data\raw_datasets\dataset_1\train\PNEUMONIA\VIRUS-3971909-0002.jpeg,dataset_1,PNEUMONIA,VIRAL,2,e9ed5617adead9a4eab64864e62447bb6e3a4762a42b60da39444124316e1731,d12ae25ed64f1dc0,False
img_000435,e:\Final_Project\Pnuemonia_Detection\data\raw_datasets\dataset_1\test\PNEUMONIA\BACTERIA-8846908-0001.jpeg,dataset_1,PNEUMONIA,BACTERIAL,1,d83dc895ecb121be2e9496f528eeee0d673ff53683864ebeed508f543a46e35c,9469e73e873b301a,False
img_002021,e:\Final_Project\Pnuemonia_Detection\data\raw_datasets\dataset_1\train\PNEUMONIA\BACTERIA-1086099-0001.jpeg,dataset_1,PNEUMONIA,BACTERIAL,1,2089ee89faf0dee73091d4aebc992fb54cfe7ef16335861fd0162e67223d64ff,956ffe184139604f,False
img_003333,e:\Final_Project\Pnuemonia_Detection\data\raw_datasets\dataset_1\train\PNEUMONIA\BACTERIA-564683-0003.jpeg,dataset_1,PNEUMONIA,BACTERIAL,1,55306dfdb9a4235d21a71a40d836df1478b9ef0729c86a746206aeb2377b26db,847f035b4f4f0a4d,False
img_003288,e:\Final_Project\Pnuemonia_Detection\data\raw_datasets\dataset_1\train\PNEUMONIA\BACTERIA-556216-0004.jpeg,dataset_1,PNEUMONIA,BACTERIAL,1,afedb1428ebba6fbd7fea0f5b8d7fb6a02bb1a856a8b7df0789cf4002ddffef0,952ff71ed04e14c4,False
img_004763,e:\Final_Project\Pnuemonia_Detection\data\raw_datasets\dataset_1\train\PNEUMONIA\VIRUS-2756379-0001.jpeg,dataset_1,PNEUMONIA,VIRAL,2,5a119f502374eee65f775bf284dbb0e19e2417f9ced8d7d70e3922494e5fc86a,d47f471e194d1c46,False
img_000835,e:\Final_Project\Pnuemonia_Detection\data\raw_datasets\dataset_1\train\NORMAL\NORMAL-2469830-0001.jpeg,dataset_1,NORMAL,NORMAL,0,12a15b45a41f98f3eef020f4e26935174266dc93820a7f2f5b0c51d88222c1de,982dc21ecf4f3dc0,False
img_001589,e:\Final_Project\Pnuemonia_Detection\data\raw_datasets\dataset_1\train\NORMAL\NORMAL-7389271-0001.jpeg,dataset_1,NORMAL,NORMAL,0,de46540a0b406426b219ce97a0e5dc0459bc7d27c122c7d63ba8590f6eb326a5,9c7d871a8b1b3c4c,False
img_002845,e:\Final_Project\Pnuemonia_Detection\data\raw_datasets\dataset_1\train\PNEUMONIA\BACTERIA-417263-0004.jpeg,dataset_1,PNEUMONIA,BACTERIAL,1,cf9cc426c12d5485a52464ee94f05706c6460be4bfd805947bead99e665f6ecb,883dc73ec60eb4c6,False
img_005731,e:\Final_Project\Pnuemonia_Detection\data\raw_datasets\dataset_1\train\PNEUMONIA\VIRUS-9130179-0003.jpeg,dataset_1,PNEUMONIA,VIRAL,2,1e273d0058cfb3cf5fb401b74797903a3e66c75fd2dbd8d14f4ef0890013d7c4,d46aaf1dc52dc143,False
img_001959,e:\Final_Project\Pnuemonia_Detection\data\raw_datasets\dataset_1\train\NORMAL\NORMAL-9902588-0001.jpeg,dataset_1,NORMAL,NORMAL,0,42d0353a6603dd33f8717607b80c0de6e70e6ad88ceb1fcf45880fc4ca657455,99bfc71a8c581dc4,False
img_002887,e:\Final_Project\Pnuemonia_Detection\data\raw_datasets\dataset_1\train\PNEUMONIA\BACTERIA-4333878-0001.jpeg,dataset_1,PNEUMONIA,BACTERIAL,1,e1c54d99b4131cebcc406c7145c2c2942ec979ec6b3d2f75629e46b46932f459,953a435faa4d1569,False
img_006028,e:\Final_Project\Pnuemonia_Detection\data\raw_datasets\dataset_2\test\NORMAL\NORMAL2-IM-0302-0001.jpeg,dataset_2,NORMAL,NORMAL,0,3ddfa97eada5de67995b4688843f1040eb6e463047ca3ca99ea88c8feb6009f6,9921e71ec25abc4e,False
img_000193,e:\Final_Project\Pnuemonia_Detection\data\raw_datasets\dataset_1\test\NORMAL\NORMAL-786023-0001.jpeg,dataset_1,NORMAL,NORMAL,0,d45c9ed8961a3f8a7b17c82d81a13c98133a7a645d224aeab51f9f956d6b0ab1,d029c71ebe6b3cc0,False
img_001206,e:\Final_Project\Pnuemonia_Detection\data\raw_datasets\dataset_1\train\NORMAL\NORMAL-4900810-0001.jpeg,dataset_1,NORMAL,NORMAL,0,5e2feaf3ebd59b366e313e466991ca6e9ee480a1afc5da44b132a0ca40218e36,913b863a9859b9cb,False
img_004479,e:\Final_Project\Pnuemonia_Detection\data\raw_datasets\dataset_1\train\PNEUMONIA\BACTERIA-9877615-0001.jpeg,dataset_1,PNEUMONIA,BACTERIAL,1,9ae80355a7a63b6c70c3c145e82f651d9d87664ef9120c17991885d2534bd6e2,d838e5c53fa1c44e,False
img_004096,e:\Final_Project\Pnuemonia_Detection\data\raw_datasets\dataset_1\train\PNEUMONIA\BACTERIA-8462046-0001.jpeg,dataset_1,PNEUMONIA,BACTERIAL,1,1f001a98a3b83e60c59b2875c6e3fd99d979d12a50d3a287c47807385801475e,856e653d4d472aca,False
img_003131,e:\Final_Project\Pnuemonia_Detection\data\raw_datasets\dataset_1\train\PNEUMONIA\BACTERIA-5132924-0001.jpeg,dataset_1,PNEUMONIA,BACTERIAL,1,ec02b1ade775ee1029b61d00601bec8d6c3043d8bf9f6655b62ee7eb559fde00,9127e63ae86b3c4a,False
img_001911,e:\Final_Project\Pnuemonia_Detection\data\raw_datasets\dataset_1\train\NORMAL\NORMAL-9608945-0001.jpeg,dataset_1,NORMAL,NORMAL,0,01d107818bc025aa6c6b20f252e4421293c25ee988dd387c418816e30104c06f,d01fc71a9cc136b6,False
img_003202,e:\Final_Project\Pnuemonia_Detection\data\raw_datasets\dataset_1\train\PNEUMONIA\BACTERIA-5284146-0001.jpeg,dataset_1,PNEUMONIA,BACTERIAL,1,a693c2eab8ae9939140106759576981fea574d0cde0d88594de7b4deea93b676,d43f651b4c0b3e49,False
img_004919,e:\Final_Project\Pnuemonia_Detection\data\raw_datasets\dataset_1\train\PNEUMONIA\VIRUS-3807574-0006.jpeg,dataset_1,PNEUMONIA,VIRAL,2,bba98e29accb6c901c4339d0c657bac893f83ac59eb399a7dc53b4a7d4d0479f,947be33ab20a399c,False
img_003107,e:\Final_Project\Pnuemonia_Detection\data\raw_datasets\dataset_1\train\PNEUMONIA\BACTERIA-5063219-0002.jpeg,dataset_1,PNEUMONIA,BACTERIAL,1,77346b1f7d0d44e2d0a703d4e8fa7c7d58b713405f9f663170f7bc95c6998f07,91e56b3ce738423c,False
img_003625,e:\Final_Project\Pnuemonia_Detection\data\raw_datasets\dataset_1\train\PNEUMONIA\BACTERIA-6738888-0001.jpeg,dataset_1,PNEUMONIA,BACTERIAL,1,86e84925961d16fdc227ac60d1244296cf3263fcdeb9795ccfedfded31002f9f,816f5e5e070b05eb,False
img_002443,e:\Final_Project\Pnuemonia_Detection\data\raw_datasets\dataset_1\train\PNEUMONIA\BACTERIA-2784562-0001.jpeg,dataset_1,PNEUMONIA,BACTERIAL,1,4e014cc1c922e71738af4715b539287470aad133a3746a2f98558f8203ab0e79,956a6b3ec20a1acf,False
img_001672,e:\Final_Project\Pnuemonia_Detection\data\raw_datasets\dataset_1\train\NORMAL\NORMAL-8040230-0001.jpeg,dataset_1,NORMAL,NORMAL,0,a3912c13e31a0be607c9eb30a7068e8128c50c5cf57184150e672ad98456ca93,d07ec65b9d4c2c94,False
img_000575,e:\Final_Project\Pnuemonia_Detection\data\raw_datasets\dataset_1\test\PNEUMONIA\VIRUS-6682185-0001.jpeg,dataset_1,PNEUMONIA,VIRAL,2,47f8621a6792945a17afc16025aa1e27688bd8ff536d58e223da7fe14af6ef9f,d402af3daa3e3a0e,False
img_002048,e:\Final_Project\Pnuemonia_Detection\data\raw_datasets\dataset_1\train\PNEUMONIA\BACTERIA-1213217-0001.jpeg,dataset_1,PNEUMONIA,BACTERIAL,1,328930f36d6255e9400e55f84487a57691e8a094469dc7530456d45e5e45a8bc,d02fef1e4a1dc04e,False
img_001062,e:\Final_Project\Pnuemonia_Detection\data\raw_datasets\dataset_1\train\NORMAL\NORMAL-388586-0002.jpeg,dataset_1,NORMAL,NORMAL,0,2bff16b4b6dea4677f33e41caf4fc6196ec6a92d3c622ad4dd8b99d7c9b98e6a,913dc71a984939f9,False
img_001735,e:\Final_Project\Pnuemonia_Detection\data\raw_datasets\dataset_1\train\NORMAL\NORMAL-8413357-0001.jpeg,dataset_1,NORMAL,NORMAL,0,fa09a9f00bca5e9c6c3656b87256f931cdd444f0a81a4c475943a0f2dc6277fa,917ace5a58597951,False
img_004235,e:\Final_Project\Pnuemonia_Detection\data\raw_datasets\dataset_1\train\PNEUMONIA\BACTERIA-8910951-0001.jpeg,dataset_1,PNEUMONIA,BACTERIAL,1,4eeda8d08314a3a439772353a39e575f792dd21fc77dc06375b8a8f4c5ef2906,996fa618927bc14e,False
img_004308,e:\Final_Project\Pnuemonia_Detection\data\raw_datasets\dataset_1\train\PNEUMONIA\BACTERIA-9176919-0009.jpeg,dataset_1,PNEUMONIA,BACTERIAL,1,0cd9c7e978c429ab0b70eb35f32e08fc5ae9c06ef6eef5ac9274333910cf92c9,c56ae34fc308c0ef,False
img_004945,e:\Final_Project\Pnuemonia_Detection\data\raw_datasets\dataset_1\train\PNEUMONIA\VIRUS-3920690-0002.jpeg,dataset_1,PNEUMONIA,VIRAL,2,32a3556d309eef2bf7f21cf8be69164f086ba60e67a894ed235ab8afc28b11bb,9168e73a8a6b3d64,False
img_002101,e:\Final_Project\Pnuemonia_Detection\data\raw_datasets\dataset_1\train\PNEUMONIA\BACTERIA-1546263-0001.jpeg,dataset_1,PNEUMONIA,BACTERIAL,1,aaf8b0d77218160d4cdf97f82aa29aaba8430d45a484e8c116b2e2df4402fbc4,99798218185f3ed7,False
img_001345,e:\Final_Project\Pnuemonia_Detection\data\raw_datasets\dataset_1\train\NORMAL\NORMAL-5845895-0001.jpeg,dataset_1,NORMAL,NORMAL,0,a5d72be321e4d3525a312dbd408a7e2f3906c6f9cc1608d76c7b4aa4aa905080,914fc758c16792c7,False
img_001608,e:\Final_Project\Pnuemonia_Detection\data\raw_datasets\dataset_1\train\NORMAL\NORMAL-7478601-0002.jpeg,dataset_1,NORMAL,NORMAL,0,68cc6d7c806ae4f2a6af9bc63477bf3c5a1dc6c4f4b0853004b76e5ec34dd7f8,d43cc21b9dcc3cb4,False
img_000676,e:\Final_Project\Pnuemonia_Detection\data\raw_datasets\dataset_1\train\NORMAL\NORMAL-1455093-0001.jpeg,dataset_1,NORMAL,NORMAL,0,79f82a9068cb3713ad2fa431a1a7ddc8f73a393ab3a53de0e59ca7938d72dc0c,902bc21edcf03db3,False
img_005682,e:\Final_Project\Pnuemonia_Detection\data\raw_datasets\dataset_1\train\PNEUMONIA\VIRUS-8716601-0002.jpeg,dataset_1,PNEUMONIA,VIRAL,2,5e5396c822ee601f54daa94556a19fce787bebc691550afd1320077445e5bc2d,903fd61c1535b497,False
img_002923,e:\Final_Project\Pnuemonia_Detection\data\raw_datasets\dataset_1\train\PNEUMONIA\BACTERIA-4407438-0002.jpeg,dataset_1,PNEUMONIA,BACTERIAL,1,e6703bdecb7d8df5cf76e3e0dfae914618e18a45efff6501430ce57bf9eb155f,913fc25adc493d29,False
img_003342,e:\Final_Project\Pnuemonia_Detection\data\raw_datasets\dataset_1\train\PNEUMONIA\BACTERIA-5718395-0001.jpeg,dataset_1,PNEUMONIA,BACTERIAL,1,7ba95cac43a63191040b7cee8a407dbe2da1b3aaf8b1aa68092db69b8225dd3b,c46e6737d30b1c16,False
img_002000,e:\Final_Project\Pnuemonia_Detection\data\raw_datasets\dataset_1\train\PNEUMONIA\BACTERIA-1083680-0010.jpeg,dataset_1,PNEUMONIA,BACTERIAL,1,6009174faca10e5f3c389c21606d5fa2544fa2adefab6375dcaedf9c53787132,d02fab3a823b3c59,False
img_001861,e:\Final_Project\Pnuemonia_Detection\data\raw_datasets\dataset_1\train\NORMAL\NORMAL-9265482-0001.jpeg,dataset_1,NORMAL,NORMAL,0,f852a8751294f0724a1a26aa7b6ac2ee28f837a04d2f510cd59f6fa5a7e37824,917f861a8d1d5cc5,False
img_005740,e:\Final_Project\Pnuemonia_Detection\data\raw_datasets\dataset_1\train\PNEUMONIA\VIRUS-9208098-0003.jpeg,dataset_1,PNEUMONIA,VIRAL,2,6397e8ba377a28e095602271e2c64be9fb0eedbc99a54ed83d6b0ef12b3267fb,d052c35be57db043,False
img_003894,e:\Final_Project\Pnuemonia_Detection\data\raw_datasets\dataset_1\train\PNEUMONIA\BACTERIA-7823222-0002.jpeg,dataset_1,PNEUMONIA,BACTERIAL,1,d632f0bacc9b1f28efe5e8abc7540ad55a72947e9a7a47c2fc68779c18875ab1,913b631e565a3c4b,False
img_000406,e:\Final_Project\Pnuemonia_Detection\data\raw_datasets\dataset_1\test\PNEUMONIA\BACTERIA-7257218-0005.jpeg,dataset_1,PNEUMONIA,BACTERIAL,1,1d67e98b6eb1bb726181f2d6b4460ebd349609a5d025697375ce738d2ad50f02,80a9e3efd6c35560,False
img_002784,e:\Final_Project\Pnuemonia_Detection\data\raw_datasets\dataset_1\train\PNEUMONIA\BACTERIA-391346-0001.jpeg,dataset_1,PNEUMONIA,BACTERIAL,1,289b96e618abeffaaadcd694d560b7cb2c18ef82cdd06e0c0d5f732cbfc1ba39,913b7a1e121b595b,False
img_003074,e:\Final_Project\Pnuemonia_Detection\data\raw_datasets\dataset_1\train\PNEUMONIA\BACTERIA-4970211-0001.jpeg,dataset_1,PNEUMONIA,BACTERIAL,1,7086f9ee76bda15f3e04bb74b039f5b2287498d269290a6dabc6605acea042a1,942be63e6a6b3c48,False
img_000046,e:\Final_Project\Pnuemonia_Detection\data\raw_datasets\dataset_1\test\NORMAL\NORMAL-283245-0001.jpeg,dataset_1,NORMAL,NORMAL,0,4cebf7eed9aea1c2f47e6d96cd2696082601b2cd4b086939198a5bb274963602,90a5c69ace1ec66e,False
img_003471,e:\Final_Project\Pnuemonia_Detection\data\raw_datasets\dataset_1\train\PNEUMONIA\BACTERIA-6235826-0005.jpeg,dataset_1,PNEUMONIA,BACTERIAL,1,df7587c79fdb594a2c5cbe4abb63e93d47b189ba112efb0829b74a0e0ee25597,d42aab1fc11f930b,False
img_000464,e:\Final_Project\Pnuemonia_Detection\data\raw_datasets\dataset_1\test\PNEUMONIA\BACTERIA-949117-0001.jpeg,dataset_1,PNEUMONIA,BACTERIAL,1,fea046d013a42240a5f33f532730a3c3f55f0ff29e01ddd47ad6ac60bf7cc9bf,c02fd75f6b4a424a,False
img_005639,e:\Final_Project\Pnuemonia_Detection\data\raw_datasets\dataset_1\train\PNEUMONIA\VIRUS-8481308-0001.jpeg,dataset_1,PNEUMONIA,VIRAL,2,190b184fbe037f5262be9d71f4390d204371fb7988847573f599e187d83d0b67,c83f671e2a0f98c3,False
img_004831,e:\Final_Project\Pnuemonia_Detection\data\raw_datasets\dataset_1\train\PNEUMONIA\VIRUS-3189597-0001.jpeg,dataset_1,PNEUMONIA,VIRAL,2,9acec86cea9f711a26c4412964015a2349895b39041f329760a05ad2a370c82e,906de73ea20bba43,False
img_000437,e:\Final_Project\Pnuemonia_Detection\data\raw_datasets\dataset_1\test\PNEUMONIA\BACTERIA-8846908-0003.jpeg,dataset_1,PNEUMONIA,BACTERIAL,1,fda27b13cc2b36f08bb883d2934ed382aa0eb57ce9df6edbba7dc40c0f0455b4,9161c638a278797f,False
img_000461,e:\Final_Project\Pnuemonia_Detection\data\raw_datasets\dataset_1\test\PNEUMONIA\BACTERIA-9364007-0001.jpeg,dataset_1,PNEUMONIA,BACTERIAL,1,5c965aaffa88b7d37436a7d0c748bff9cb2eb06ef4ec03c5f2e96a2729384ce8,c03d535b1c693cbc,False
img_004153,e:\Final_Project\Pnuemonia_Detection\data\raw_datasets\dataset_1\train\PNEUMONIA\BACTERIA-8629313-0002.jpeg,dataset_1,PNEUMONIA,BACTERIAL,1,41fb06966473203be421ebbf5750a3951fca9260177cd8be5c99a31a6bd6fefc,d3ffa0055f4a4aa8,False
img_001007,e:\Final_Project\Pnuemonia_Detection\data\raw_datasets\dataset_1\train\NORMAL\NORMAL-3573766-0004.jpeg,dataset_1,NORMAL,NORMAL,0,fefe0e4757210da0ff095ba68f7e9193efb4bae328b8f9a19db44edfc20c7e3e,d829d71ede4a1e48,False
img_003340,e:\Final_Project\Pnuemonia_Detection\data\raw_datasets\dataset_1\train\PNEUMONIA\BACTERIA-5702325-0001.jpeg,dataset_1,PNEUMONIA,BACTERIAL,1,5a8ef1a5ad28b1659356d284d43869b74724a96d1bd397f052e4f7c8e31cdfa9,9438e16f2eee2e18,False
img_001439,e:\Final_Project\Pnuemonia_Detection\data\raw_datasets\dataset_1\train\NORMAL\NORMAL-6575898-0001.jpeg,dataset_1,NORMAL,NORMAL,0,964a91b579835283271fa79fb3595d217d69689715d6210c0b3e080fb78cc039,916cc6789d6939c6,False
img_004301,e:\Final_Project\Pnuemonia_Detection\data\raw_datasets\dataset_1\train\PNEUMONIA\BACTERIA-9176919-0002.jpeg,dataset_1,PNEUMONIA,BACTERIAL,1,1853ebbd6240762fa537e3f07cb5b6ec1156a5bebd987058bd2436a0f6ea75d0,942fa73cc51d944b,False
img_000683,e:\Final_Project\Pnuemonia_Detection\data\raw_datasets\dataset_1\train\NORMAL\NORMAL-1504793-0001.jpeg,dataset_1,NORMAL,NORMAL,0,0fdd17f9e7ce7a525551e2822a48dda101a034e80c51feb2bb4fb6e8aebd2be8,c06f4758e1e4e8e6,False
img_002535,e:\Final_Project\Pnuemonia_Detection\data\raw_datasets\dataset_1\train\PNEUMONIA\BACTERIA-3076396-0001.jpeg,dataset_1,PNEUMONIA,BACTERIAL,1,ef85007dbfcb6fbcca83aee91756aee3858ecd272b05331229ab511033f01a3c,906aaf3a831b998f,False
img_001881,e:\Final_Project\Pnuemonia_Detection\data\raw_datasets\dataset_1\train\NORMAL\NORMAL-9387592-0001.jpeg,dataset_1,NORMAL,NORMAL,0,f26c65216304c8509cc8695942b38cda0f20a44f0f05aa49142ba8f587f12902,812bc24addc19bde,False
img_001279,e:\Final_Project\Pnuemonia_Detection\data\raw_datasets\dataset_1\train\NORMAL\NORMAL-5488799-0001.jpeg,dataset_1,NORMAL,NORMAL,0,82c538602c5627110b7b96fef7797e25ced9848a1272eca5b22ffe3ddefceb05,917fce1a184b195d,False
img_002115,e:\Final_Project\Pnuemonia_Detection\data\raw_datasets\dataset_1\train\PNEUMONIA\BACTERIA-1584380-0001.jpeg,dataset_1,PNEUMONIA,BACTERIAL,1,baaf39883d3199e319edaf0a56e6181a1f40698c1a46258118b6bf452154fcd9,9065e316c29e9acf,False
img_005221,e:\Final_Project\Pnuemonia_Detection\data\raw_datasets\dataset_1\train\PNEUMONIA\VIRUS-5672000-0002.jpeg,dataset_1,PNEUMONIA,VIRAL,2,50adac1f69a8d8461615c2ed6be0ab98bc70f8605b1b85d0dc9113ec2518a4a1,9c6fe31fc13c242c,False
img_004767,e:\Final_Project\Pnuemonia_Detection\data\raw_datasets\dataset_1\train\PNEUMONIA\VIRUS-2777031-0002.jpeg,dataset_1,PNEUMONIA,VIRAL,2,cef8ef05a1fad64d60a39c2197c79e533ac1b96da8f5def138e703d7ad6570fd,9470e75aa95f6825,False
img_003099,e:\Final_Project\Pnuemonia_Detection\data\raw_datasets\dataset_1\train\PNEUMONIA\BACTERIA-5044617-0001.jpeg,dataset_1,PNEUMONIA,BACTERIAL,1,dd914131a58e6c3e83a2ed84e76098ec3b9cac9cf90143aaca2c4497592a7133,d03b673e66423d49,False
img_002258,e:\Final_Project\Pnuemonia_Detection\data\raw_datasets\dataset_1\train\PNEUMONIA\BACTERIA-2092977-0001.jpeg,dataset_1,PNEUMONIA,BACTERIAL,1,e435aafc96ccbef70e238acb21d04c71020f0d567b73834d8d7b91eedb419081,d078e31fa91ba88b,False
img_003900,e:\Final_Project\Pnuemonia_Detection\data\raw_datasets\dataset_1\train\PNEUMONIA\BACTERIA-7846296-0001.jpeg,dataset_1,PNEUMONIA,BACTERIAL,1,b51dbcbc17890c9f908cfb3810a0879f544ad921298fb1c48b601bd6d08cf278,d0eba51dc11f5117,False
img_003840,e:\Final_Project\Pnuemonia_Detection\data\raw_datasets\dataset_1\train\PNEUMONIA\BACTERIA-7693090-0001.jpeg,dataset_1,PNEUMONIA,BACTERIAL,1,86d7e029f95e59191a2b0202f0dad6cf954e263cf072f0bda342a23f74106889,942aca1e1e5e35d6,False
img_004042,e:\Final_Project\Pnuemonia_Detection\data\raw_datasets\dataset_1\train\PNEUMONIA\BACTERIA-8313249-0001.jpeg,dataset_1,PNEUMONIA,BACTERIAL,1,33466b0bd423e48296eef4f278ee17300b8150dce539735b1073d14c3598e57a,d0ff555050425b5f,False
img_005767,e:\Final_Project\Pnuemonia_Detection\data\raw_datasets\dataset_1\train\PNEUMONIA\VIRUS-9361906-0009.jpeg,dataset_1,PNEUMONIA,VIRAL,2,488cdc49e41993a854c1af44bff6a4c2eecd6c1f6bb802c99ae9cd0c6c4eca97,d06b633e3e535f00,False
img_003461,e:\Final_Project\Pnuemonia_Detection\data\raw_datasets\dataset_1\train\PNEUMONIA\BACTERIA-6173042-0003.jpeg,dataset_1,PNEUMONIA,BACTERIAL,1,72b38db0d2ee2951ba9a7455521c4b70f815ac70e6147c7a51755866e459b376,902fef4f5c4a490d,False
img_004912,e:\Final_Project\Pnuemonia_Detection\data\raw_datasets\dataset_1\train\PNEUMONIA\VIRUS-3736857-0002.jpeg,dataset_1,PNEUMONIA,VIRAL,2,0af58e8d92d1a8cad8b6695e1724886473445f526c599c9686f98557dc657f53,d4aaa31fc55dc42c,False
img_001555,e:\Final_Project\Pnuemonia_Detection\data\raw_datasets\dataset_1\train\NORMAL\NORMAL-7223437-0001.jpeg,dataset_1,NORMAL,NORMAL,0,fa79b7f5754a296fc25ce872bbcafd5427f4608a9e444512e7278a7469bafa57,902de61ecd491dcd,False
img_001553,e:\Final_Project\Pnuemonia_Detection\data\raw_datasets\dataset_1\train\NORMAL\NORMAL-7212555-0001.jpeg,dataset_1,NORMAL,NORMAL,0,09f0cd5d7588e85e6d8318ee5b60781598c618f37b9149251f497235b89b31ae,9129c33af8697965,False
img_002913,e:\Final_Project\Pnuemonia_Detection\data\raw_datasets\dataset_1\train\PNEUMONIA\BACTERIA-4394900-0002.jpeg,dataset_1,PNEUMONIA,BACTERIAL,1,81eb2fa8ced936cc9ff3b1af95ec6b25f3d2654aa68770be8ae914c8cac3a8c9,d5ff8218555d144b,False
img_006064,e:\Final_Project\Pnuemonia_Detection\data\raw_datasets\dataset_2\test\NORMAL\NORMAL2-IM-0347-0001.jpeg,dataset_2,NORMAL,NORMAL,0,06ddc86bac9b0c8b6fdabe8d1b69b6c9cd0dc5f0197a8cf9056d064ee84d8d64,912be23ede4a1cc9,False
img_005029,e:\Final_Project\Pnuemonia_Detection\data\raw_datasets\dataset_1\train\PNEUMONIA\VIRUS-4469305-0002.jpeg,dataset_1,PNEUMONIA,VIRAL,2,8d46b032024c855b814d67729a1563df020241f01b0de7e964bc1d9eedf205f0,812bc71e8eca7cf0,False
img_001381,e:\Final_Project\Pnuemonia_Detection\data\raw_datasets\dataset_1\train\NORMAL\NORMAL-6116579-0001.jpeg,dataset_1,NORMAL,NORMAL,0,cf18233be8397bb6420b60096f6f6ae6db64c66705114541b86fcb161312f141,912bc23ad85b39d3,False
img_000641,e:\Final_Project\Pnuemonia_Detection\data\raw_datasets\dataset_1\train\NORMAL\NORMAL-1070073-0002.jpeg,dataset_1,NORMAL,NORMAL,0,cb559adf6093220c69b6ea910b5919e8a4569cce2055f527dd3305c433fe3ce2,817f071a124f7c3d,False
img_001898,e:\Final_Project\Pnuemonia_Detection\data\raw_datasets\dataset_1\train\NORMAL\NORMAL-9486523-0001.jpeg,dataset_1,NORMAL,NORMAL,0,1182673b3a33ee63dc9bc2d7f89d7d25215243bea54940ba6281f6c057787e17,916fc74bcd4938c2,False
img_003915,e:\Final_Project\Pnuemonia_Detection\data\raw_datasets\dataset_1\train\PNEUMONIA\BACTERIA-7882471-0003.jpeg,dataset_1,PNEUMONIA,BACTERIAL,1,1150966e074e9241de6a952d7840f060403becba47f08fd0d13a441d8f5cf045,8a2e571ac70d856f,False
img_001177,e:\Final_Project\Pnuemonia_Detection\data\raw_datasets\dataset_1\train\NORMAL\NORMAL-4680404-0003.jpeg,dataset_1,NORMAL,NORMAL,0,635381dd1c39554a1cb347193fca81d5853aec24186276285705ee5270aaed75,957e8f1e890c58cd,False
img_000817,e:\Final_Project\Pnuemonia_Detection\data\raw_datasets\dataset_1\train\NORMAL\NORMAL-2386123-0001.jpeg,dataset_1,NORMAL,NORMAL,0,19243b0b27b987e2037eacd2cef819c1eecb7fc2be858a6e27b7c5c564800d06,946e8f1acd0d8c4f,False
img_005465,e:\Final_Project\Pnuemonia_Detection\data\raw_datasets\dataset_1\train\PNEUMONIA\VIRUS-7295688-0001.jpeg,dataset_1,PNEUMONIA,VIRAL,2,df3ae0bb7f8b8e732565e0e4d942c386e627f9a28e04729755ee1e2e260cdd2f,d464c20bc71bb8cf,False
img_005972,e:\Final_Project\Pnuemonia_Detection\data\raw_datasets\dataset_2\test\NORMAL\NORMAL2-IM-0150-0001.jpeg,dataset_2,NORMAL,NORMAL,0,b511e4611bc5a79219b2d8f0499ad35e2bcdfd00a1a78a614384b053a2cec218,94eca71b03171d1f,False
img_002149,e:\Final_Project\Pnuemonia_Detection\data\raw_datasets\dataset_1\train\PNEUMONIA\BACTERIA-1686651-0001.jpeg,dataset_1,PNEUMONIA,BACTERIAL,1,faa1dbc5113fe1cd5227d66cd9973c4d841352f890d1b2bba8e63f5816fb21df,c02fbe7a1a1c4b1d,False
img_003635,e:\Final_Project\Pnuemonia_Detection\data\raw_datasets\dataset_1\train\PNEUMONIA\BACTERIA-6769685-0001.jpeg,dataset_1,PNEUMONIA,BACTERIAL,1,7fd50af2f1471ba98d3728d736df3e992e27a851b4e6043e9143a5e3882a682a,d47ce31e970b2d84,False
img_004305,e:\Final_Project\Pnuemonia_Detection\data\raw_datasets\dataset_1\train\PNEUMONIA\BACTERIA-9176919-0006.jpeg,dataset_1,PNEUMONIA,BACTERIAL,1,64128f3a62501006c8e8f6d254a70f9f4a1e161f081d16ed3330d0761fc9cb49,d5eca00b851ebc1f,False
img_004633,e:\Final_Project\Pnuemonia_Detection\data\raw_datasets\dataset_1\train\PNEUMONIA\VIRUS-1790048-0004.jpeg,dataset_1,PNEUMONIA,VIRAL,2,2a882a481e1ba05f055e1d8ea134d323005c7660c29bbd1b609cf322c0390480,9123c21efe4eb447,False
img_000527,e:\Final_Project\Pnuemonia_Detection\data\raw_datasets\dataset_1\test\PNEUMONIA\VIRUS-3835085-0001.jpeg,dataset_1,PNEUMONIA,VIRAL,2,271a66911654f15b1359187c7053892d31807a60bc0496efe7f2e15556c2923f,d4e4c31bc52bb04f,False
img_004405,e:\Final_Project\Pnuemonia_Detection\data\raw_datasets\dataset_1\train\PNEUMONIA\BACTERIA-9551241-0002.jpeg,dataset_1,PNEUMONIA,BACTERIAL,1,acda8d1cd379c70c2d297af787b68238cb818b0d7b20bcd2abba51f87d044111,842fd75d454b54c3,False
img_005540,e:\Final_Project\Pnuemonia_Detection\data\raw_datasets\dataset_1\train\PNEUMONIA\VIRUS-7811141-0001.jpeg,dataset_1,PNEUMONIA,VIRAL,2,8be776d5c963038e28e7d9117a06409ab7bfae3be02547901725ad93fe2edb03,90aae31bd6cb3ec0,False
img_002240,e:\Final_Project\Pnuemonia_Detection\data\raw_datasets\dataset_1\train\PNEUMONIA\BACTERIA-1984461-0008.jpeg,dataset_1,PNEUMONIA,BACTERIAL,1,e397b0c791a9a1a5d288f099ab0cd5c0c7c2b227f654ebff603348ab13dc4d9d,d02ea3bbc11d54c7,False
img_003397,e:\Final_Project\Pnuemonia_Detection\data\raw_datasets\dataset_1\train\PNEUMONIA\BACTERIA-5965088-0004.jpeg,dataset_1,PNEUMONIA,BACTERIAL,1,e479e53650ba2b2c2660a04367a370b762d78312d7349f0470d453628620c425,906fef3a831aa10f,False
img_002863,e:\Final_Project\Pnuemonia_Detection\data\raw_datasets\dataset_1\train\PNEUMONIA\BACTERIA-4238020-0001.jpeg,dataset_1,PNEUMONIA,BACTERIAL,1,05b2b8ddc36bf5b82216c51fbbf72744d06f97f547a0ae1cb6735c409fa8a8c5,95eb8718471d0b1f,False
img_003036,e:\Final_Project\Pnuemonia_Detection\data\raw_datasets\dataset_1\train\PNEUMONIA\BACTERIA-4749901-0001.jpeg,dataset_1,PNEUMONIA,BACTERIAL,1,c2f0e0abd051d0528c1c0cf8177a9f8c89d7d6b170ca201820590555600fe699,957f52be4a12c21b,False
img_005521,e:\Final_Project\Pnuemonia_Detection\data\raw_datasets\dataset_1\train\PNEUMONIA\VIRUS-772356-0004.jpeg,dataset_1,PNEUMONIA,VIRAL,2,e2f11dbdb74f3205d25bbd1a9797a37db874a84f735e9d8aea2e45c6ab8d20f5,d42fe30bef680c85,False
img_003086,e:\Final_Project\Pnuemonia_Detection\data\raw_datasets\dataset_1\train\PNEUMONIA\BACTERIA-4991468-0004.jpeg,dataset_1,PNEUMONIA,BACTERIAL,1,d2f6cf725aea96ef81e3c0008cb4810ba5363ea7f064f61a0765b3daf393f16d,d13e360f961e312d,False
img_003974,e:\Final_Project\Pnuemonia_Detection\data\raw_datasets\dataset_1\train\PNEUMONIA\BACTERIA-8060977-0001.jpeg,dataset_1,PNEUMONIA,BACTERIAL,1,3fe6a4911f7dda97cd5c32b444f3dd8bafdde600e1bcf74b8cd0ab568544dc2c,807f2f3d15051d4f,False
img_002251,e:\Final_Project\Pnuemonia_Detection\data\raw_datasets\dataset_1\train\PNEUMONIA\BACTERIA-2051633-0001.jpeg,dataset_1,PNEUMONIA,BACTERIAL,1,e920de9db5e581788f7e5f03394e7ea191bcf85ee725a8fcaff422efbcafcc6f,c076c21bd56d3cc6,False
img_004077,e:\Final_Project\Pnuemonia_Detection\data\raw_datasets\dataset_1\train\PNEUMONIA\BACTERIA-8423652-0001.jpeg,dataset_1,PNEUMONIA,BACTERIAL,1,c534e711c18f4c8d52f2b40d2d29f553ec8a37ec6fa427968ad19117cd782a60,9165c63aeb38e469,False
img_003380,e:\Final_Project\Pnuemonia_Detection\data\raw_datasets\dataset_1\train\PNEUMONIA\BACTERIA-5882940-0004.jpeg,dataset_1,PNEUMONIA,BACTERIAL,1,20939f8a5f2b63823d15297cefb2633072cb7d968cfbcaf91109af96050c1042,947eaf3a8f0f2910,False
img_001428,e:\Final_Project\Pnuemonia_Detection\data\raw_datasets\dataset_1\train\NORMAL\NORMAL-6474092-0003.jpeg,dataset_1,NORMAL,NORMAL,0,53dbe0ba422317bef744430bcc09d659b56734e63a061da675c999013d3c09e3,d43ec33e2d383c64,False
img_004164,e:\Final_Project\Pnuemonia_Detection\data\raw_datasets\dataset_1\train\PNEUMONIA\BACTERIA-8660561-0003.jpeg,dataset_1,PNEUMONIA,BACTERIAL,1,b9461f3f40093b63d3c3557eab8880491bc7907a9e72e7160640aa386ea30e5c,c02eee1fd2491e5a,False
img_001282,e:\Final_Project\Pnuemonia_Detection\data\raw_datasets\dataset_1\train\NORMAL\NORMAL-5505017-0001.jpeg,dataset_1,NORMAL,NORMAL,0,d66b93ea2a15f4d95a4ed35d16f5d47c443cc3f7455baf44a317ef86c97de5ec,d12ce23ae96d386c,False
img_001806,e:\Final_Project\Pnuemonia_Detection\data\raw_datasets\dataset_1\train\NORMAL\NORMAL-895844-0002.jpeg,dataset_1,NORMAL,NORMAL,0,2acd2b6ad5a41c25781dce27078ad6e72d90d3d8eb882426009a0afe5be3a6d2,956a8759cd6c68c6,False
img_000749,e:\Final_Project\Pnuemonia_Detection\data\raw_datasets\dataset_1\train\NORMAL\NORMAL-1941666-0001.jpeg,dataset_1,NORMAL,NORMAL,0,6829c462d8051ba278eaa29ee3c1c80f10a10fd1befaeb9a95ab7c2eec536ca5,d46e871b892d3c2d,False
img_004250,e:\Final_Project\Pnuemonia_Detection\data\raw_datasets\dataset_1\train\PNEUMONIA\BACTERIA-8995871-0001.jpeg,dataset_1,PNEUMONIA,BACTERIAL,1,4594bddd6fa6c046a6d7d9e5ff3c686266ab396bc7f529cd3cf4871baa508fe0,cc6f8319453e2c2f,False
img_002481,e:\Final_Project\Pnuemonia_Detection\data\raw_datasets\dataset_1\train\PNEUMONIA\BACTERIA-2898732-0001.jpeg,dataset_1,PNEUMONIA,BACTERIAL,1,b775f6c20d3533cedffc73251e4c9af6a134f247c34fd5ad8005073cbf533523,d0aaeb2fd00ebcc2,False
img_002578,e:\Final_Project\Pnuemonia_Detection\data\raw_datasets\dataset_1\train\PNEUMONIA\BACTERIA-3246536-0005.jpeg,dataset_1,PNEUMONIA,BACTERIAL,1,407ffc1ebd3ec4ea344ac88a406cdcecc71e2f45be6df6258a11fa347801b3b0,d0afeb3b430d504d,False
img_005145,e:\Final_Project\Pnuemonia_Detection\data\raw_datasets\dataset_1\train\PNEUMONIA\VIRUS-5221323-0004.jpeg,dataset_1,PNEUMONIA,VIRAL,2,2e8cb88281c6c39ca33f1c671588467a08f2755effaa8a4a6f9d903d83806c20,9039e15717c217f6,False
img_003605,e:\Final_Project\Pnuemonia_Detection\data\raw_datasets\dataset_1\train\PNEUMONIA\BACTERIA-6660769-0004.jpeg,dataset_1,PNEUMONIA,BACTERIAL,1,81e52de34222e423bc558c4cc6a534f2a09dafb36a7f8234dd9925e0388ae1f1,d02fc34b5e4b1cd2,False
img_004478,e:\Final_Project\Pnuemonia_Detection\data\raw_datasets\dataset_1\train\PNEUMONIA\BACTERIA-987036-0001.jpeg,dataset_1,PNEUMONIA,BACTERIAL,1,d166f41183a533cf8271b7de4ffc495378f89b4d7a76ed3e25aa570a9e6ecdfa,d466e7de8729c504,False
img_003219,e:\Final_Project\Pnuemonia_Detection\data\raw_datasets\dataset_1\train\PNEUMONIA\BACTERIA-5346693-0001.jpeg,dataset_1,PNEUMONIA,BACTERIAL,1,a404402d946d24345c35f05a9e7f3c5d32f1b00a6508a60814b10e9e29d0e0c6,946db79e833ac238,False
img_001721,e:\Final_Project\Pnuemonia_Detection\data\raw_datasets\dataset_1\train\NORMAL\NORMAL-8332111-0002.jpeg,dataset_1,NORMAL,NORMAL,0,89c56fe5647c410a6952e1ac1fffb64a9b7c59326eebdc1f201d960a89a69f04,8c2e071a5d4d3e6d,False
img_001295,e:\Final_Project\Pnuemonia_Detection\data\raw_datasets\dataset_1\train\NORMAL\NORMAL-5575488-0001.jpeg,dataset_1,NORMAL,NORMAL,0,aa95355c6134821a1e73f97c4efe6bf422a2e48cd64b3a49eea59ca631930287,9dbfc20b9a4b3c30,False
img_002156,e:\Final_Project\Pnuemonia_Detection\data\raw_datasets\dataset_1\train\PNEUMONIA\BACTERIA-1721225-0001.jpeg,dataset_1,PNEUMONIA,BACTERIAL,1,0bbea30605450e8c3001d68c031871fd17f7538be6556c4240841062264105fd,8a75ef39da591888,False
img_002713,e:\Final_Project\Pnuemonia_Detection\data\raw_datasets\dataset_1\train\PNEUMONIA\BACTERIA-3694850-0002.jpeg,dataset_1,PNEUMONIA,BACTERIAL,1,221dd351a89e03535c7784b3eec1533d0bee6693dde8626eb35cef01ad58bbee,906fea3e6b1d4c14,False
img_001425,e:\Final_Project\Pnuemonia_Detection\data\raw_datasets\dataset_1\train\NORMAL\NORMAL-6466991-0001.jpeg,dataset_1,NORMAL,NORMAL,0,5e246148f6bed0f5d37269586e94cf3919696526dc2d2a22cca50db18c5a4932,947f8f0f8d0d0cc3,False
img_004556,e:\Final_Project\Pnuemonia_Detection\data\raw_datasets\dataset_1\train\PNEUMONIA\VIRUS-12220-0001.jpeg,dataset_1,PNEUMONIA,VIRAL,2,414d9ef06073abc3ad9bb0705ed8131186900bce34f83134b0801f8c0f863f18,9035e71eee5a38c2,False
img_000606,e:\Final_Project\Pnuemonia_Detection\data\raw_datasets\dataset_1\test\PNEUMONIA\VIRUS-8507816-0001.jpeg,dataset_1,PNEUMONIA,VIRAL,2,47cacfeac82b05aabf20d230924bf4a215b7406febe3be1662dedd7220ec0a8c,c060c31bd3cb9f93,False
img_005032,e:\Final_Project\Pnuemonia_Detection\data\raw_datasets\dataset_1\train\PNEUMONIA\VIRUS-4538599-0001.jpeg,dataset_1,PNEUMONIA,VIRAL,2,18fc6c86bcc4a6ece6c6ba97c040cb9865b9e11c661032048babb5b005bd1010,d035c21a80cbbfeb,False
img_000655,e:\Final_Project\Pnuemonia_Detection\data\raw_datasets\dataset_1\train\NORMAL\NORMAL-1206638-0001.jpeg,dataset_1,NORMAL,NORMAL,0,32a87bb327c7002cc4001a9bb39d45a56b8bf4f0a73ba5e48b0c4d4bfefd190d,917bce5a514e1987,False
img_000764,e:\Final_Project\Pnuemonia_Detection\data\raw_datasets\dataset_1\train\NORMAL\NORMAL-2048417-0001.jpeg,dataset_1,NORMAL,NORMAL,0,3472e4d030ea8cfffaa56462f59049a2545e895f669e0ec17d1ef7636d68c287,d02de638ec693ce1,False
img_000701,e:\Final_Project\Pnuemonia_Detection\data\raw_datasets\dataset_1\train\NORMAL\NORMAL-1566442-0001.jpeg,dataset_1,NORMAL,NORMAL,0,768f1a1e0572291cbf52ab0a5ae5413db774c52757d7d73f897f93bc5ff974a7,917e863a8d2f3a86,False
img_001504,e:\Final_Project\Pnuemonia_Detection\data\raw_datasets\dataset_1\train\NORMAL\NORMAL-6978858-0001.jpeg,dataset_1,NORMAL,NORMAL,0,e1d24b780d1ade2f078a21fdce52f3f3ea74f7989fce0a71f2cd2ae30453a049,945ecf9bcc9238c2,False
img_001380,e:\Final_Project\Pnuemonia_Detection\data\raw_datasets\dataset_1\train\NORMAL\NORMAL-6112892-0002.jpeg,dataset_1,NORMAL,NORMAL,0,368d1e6c91ad077602604c4ab913bf0eb3f68f7a61a63cd847759c0d845ca37b,997b471e160f3a29,False
img_000068,e:\Final_Project\Pnuemonia_Detection\data\raw_datasets\dataset_1\test\NORMAL\NORMAL-3464500-0002.jpeg,dataset_1,NORMAL,NORMAL,0,1083d3e18423959ce021c502dcb732d190b67e33fb2931cb0cf1b9d758f68825,cd3e4317134f1a4d,False
img_001419,e:\Final_Project\Pnuemonia_Detection\data\raw_datasets\dataset_1\train\NORMAL\NORMAL-6432470-0001.jpeg,dataset_1,NORMAL,NORMAL,0,7500e078540912db1113bfd3e7825a81ccefdbc93b50d6ca21e312331d70cb20,c93fe61a7c113919,False
img_002170,e:\Final_Project\Pnuemonia_Detection\data\raw_datasets\dataset_1\train\PNEUMONIA\BACTERIA-1765745-0004.jpeg,dataset_1,PNEUMONIA,BACTERIAL,1,404efd7862431e05f577f38094428e5ece97b288ce6491b903b3bd331638524e,812d875a966b2dd6,False
img_005720,e:\Final_Project\Pnuemonia_Detection\data\raw_datasets\dataset_1\train\PNEUMONIA\VIRUS-9039351-0002.jpeg,dataset_1,PNEUMONIA,VIRAL,2,1629cf278cacaecaacabcb476cc0d9e72246bee8e097a727d099ca952b40f4d6,987b471e1a2b3ca9,False
img_003188,e:\Final_Project\Pnuemonia_Detection\data\raw_datasets\dataset_1\train\PNEUMONIA\BACTERIA-5250831-0002.jpeg,dataset_1,PNEUMONIA,BACTERIAL,1,998e9d58ddbb0212bb3e3b6a8931ef3bdb65f920f00c6f35dad868f16cfb143c,917bc33cc4d6784a,False
img_001063,e:\Final_Project\Pnuemonia_Detection\data\raw_datasets\dataset_1\train\NORMAL\NORMAL-388586-0003.jpeg,dataset_1,NORMAL,NORMAL,0,8cbcdc20feff2e95a6919b2df1e49faceedde96b605bc7239fbe1a890e054952,902de63af9693d48,False
img_003307,e:\Final_Project\Pnuemonia_Detection\data\raw_datasets\dataset_1\train\PNEUMONIA\BACTERIA-5615122-0002.jpeg,dataset_1,PNEUMONIA,BACTERIAL,1,af139c3a53f4df46a56625a6692f9a58ed429aed44fb1075381dd0d39a4544b6,912be21454c29ffe,False
img_005331,e:\Final_Project\Pnuemonia_Detection\data\raw_datasets\dataset_1\train\PNEUMONIA\VIRUS-6386500-0004.jpeg,dataset_1,PNEUMONIA,VIRAL,2,e11b05db97034fa010d99de95b6f9193c37186e2d5b0a92450f319335f5a5bbe,d06be71ee9491d41,False
img_005068,e:\Final_Project\Pnuemonia_Detection\data\raw_datasets\dataset_1\train\PNEUMONIA\VIRUS-4744360-0002.jpeg,dataset_1,PNEUMONIA,VIRAL,2,ada9bb1e0abfb250d88f43f9e252d5ac4dfabfb51044a283abb79ca7a3556d23,d4e5c31ac31f88c7,False
img_006073,e:\Final_Project\Pnuemonia_Detection\data\raw_datasets\dataset_2\test\NORMAL\NORMAL2-IM-0359-0001.jpeg,dataset_2,NORMAL,NORMAL,0,3a4ec11a7d04859abab9b2a1119ac10f1ac59100fa838a8fd78876e9d9238afa,983de33e87031ac7,False
img_002280,e:\Final_Project\Pnuemonia_Detection\data\raw_datasets\dataset_1\train\PNEUMONIA\BACTERIA-2147615-0001.jpeg,dataset_1,PNEUMONIA,BACTERIAL,1,c9debe1405196143fbd375cdc2c25a72a34b8f59533cc2a801ab343b56c92b7a,912ff71a18491d5e,False
img_003715,e:\Final_Project\Pnuemonia_Detection\data\raw_datasets\dataset_1\train\PNEUMONIA\BACTERIA-7201196-0001.jpeg,dataset_1,PNEUMONIA,BACTERIAL,1,49bbe5616e7820877e92b47bbfd35b3c1b6efee55e6e64dc389cef6358627b2c,9472e31fcd0f38c2,False
img_002389,e:\Final_Project\Pnuemonia_Detection\data\raw_datasets\dataset_1\train\PNEUMONIA\BACTERIA-2532094-0001.jpeg,dataset_1,PNEUMONIA,BACTERIAL,1,9fca63142e5e2e41cccdf4679e4b8efe6e136798c79ea6eb8a63c9e4d0b260ee,91a1c71ae32ef865,False
img_000026,e:\Final_Project\Pnuemonia_Detection\data\raw_datasets\dataset_1\test\NORMAL\NORMAL-186900-0001.jpeg,dataset_1,NORMAL,NORMAL,0,ddf72360a66af14c6340c12c0923d500c544274a83f45a5788650cea58e01420,d434c32dbce43cf0,False
img_003654,e:\Final_Project\Pnuemonia_Detection\data\raw_datasets\dataset_1\train\PNEUMONIA\BACTERIA-6870430-0004.jpeg,dataset_1,PNEUMONIA,BACTERIAL,1,75395ff99090a6e1a345f096a04e256adf9caa9166d4eee67eb8e084fdb989b4,906fc71f820b69cb,False
img_003028,e:\Final_Project\Pnuemonia_Detection\data\raw_datasets\dataset_1\train\PNEUMONIA\BACTERIA-4728998-0001.jpeg,dataset_1,PNEUMONIA,BACTERIAL,1,3d8cd5f776a3e0407d0f7bdc2c7a95875afbd6c41bdc20fefb4e656249d1e387,9123f65edc483d58,False
img_001551,e:\Final_Project\Pnuemonia_Detection\data\raw_datasets\dataset_1\train\NORMAL\NORMAL-7181365-0001.jpeg,dataset_1,NORMAL,NORMAL,0,68dfcd16102766b82dadada3e5507c64adb9cb18e54aa26b45e5515c597c1f9d,d12fc21b9cc93d92,False
img_006045,e:\Final_Project\Pnuemonia_Detection\data\raw_datasets\dataset_2\test\NORMAL\NORMAL2-IM-0325-0001.jpeg,dataset_2,NORMAL,NORMAL,0,55fa3dbaaf3bf3adc3a15a3a503cc5b3fb8840c8386ac81d61e7253fc850ff36,d476c35ba53c2c46,False
img_003164,e:\Final_Project\Pnuemonia_Detection\data\raw_datasets\dataset_1\train\PNEUMONIA\BACTERIA-5202325-0001.jpeg,dataset_1,PNEUMONIA,BACTERIAL,1,1d845eda2d1ed8a39b4c9305201b9176b2cf73156432fe59e4bbaf08b90488a8,913fea5858493cda,False
img_002181,e:\Final_Project\Pnuemonia_Detection\data\raw_datasets\dataset_1\train\PNEUMONIA\BACTERIA-1785484-0001.jpeg,dataset_1,PNEUMONIA,BACTERIAL,1,82ad3498e155547013d00d412a509c1322d20f2f1826126b46a0dab68aa8981e,c83fc20d1a6b3d9a,False
img_003557,e:\Final_Project\Pnuemonia_Detection\data\raw_datasets\dataset_1\train\PNEUMONIA\BACTERIA-6518498-0003.jpeg,dataset_1,PNEUMONIA,BACTERIAL,1,88f5dcdb9b8d9e56f609e78a15fe4d4fc4592d32804cdbfdc4484320e0979c4b,d46be73cc638c11c,False
img_002592,e:\Final_Project\Pnuemonia_Detection\data\raw_datasets\dataset_1\train\PNEUMONIA\BACTERIA-3309082-0002.jpeg,dataset_1,PNEUMONIA,BACTERIAL,1,850505c70687b6ffb6506245c8154e35e2c541ee2773e53a3a5522c604c67c22,946a673a071a3d5e,False
img_001974,e:\Final_Project\Pnuemonia_Detection\data\raw_datasets\dataset_1\train\PNEUMONIA\BACTERIA-1008087-0001.jpeg,dataset_1,PNEUMONIA,BACTERIAL,1,a2b8a992f3ad8b7f365b17024f46e1c14e63c956e4c99dd8bfffeaef40e470a8,95786f7a3e1a1911,False
img_004467,e:\Final_Project\Pnuemonia_Detection\data\raw_datasets\dataset_1\train\PNEUMONIA\BACTERIA-9818803-0001.jpeg,dataset_1,PNEUMONIA,BACTERIAL,1,9687c2f47337e00326d0ce3df2b5b8029f39f2c4ce01131d374307bac8abda14,913b5a5859990d9f,False
img_005193,e:\Final_Project\Pnuemonia_Detection\data\raw_datasets\dataset_1\train\PNEUMONIA\VIRUS-5556232-0002.jpeg,dataset_1,PNEUMONIA,VIRAL,2,04e83f0f5f07ed2d0212d0f1d21115809c2e2e4f6592c43d009bcb23efb64f3f,d03de1435acb2f2c,False
img_004672,e:\Final_Project\Pnuemonia_Detection\data\raw_datasets\dataset_1\train\PNEUMONIA\VIRUS-2119679-0002.jpeg,dataset_1,PNEUMONIA,VIRAL,2,336e21664e7101583beac03681d4a8e736373e85715eb8b851765c41778833ff,9059e56f69864e35,False
img_002628,e:\Final_Project\Pnuemonia_Detection\data\raw_datasets\dataset_1\train\PNEUMONIA\BACTERIA-3388808-0001.jpeg,dataset_1,PNEUMONIA,BACTERIAL,1,86f0a31e70c14d11b940fd59c52976a14c3bf0df3402dd13276df1a6808568f2,d4e4973a873dc314,False
img_005617,e:\Final_Project\Pnuemonia_Detection\data\raw_datasets\dataset_1\train\PNEUMONIA\VIRUS-8324394-0010.jpeg,dataset_1,PNEUMONIA,VIRAL,2,1939dcc2f727047108c7435f4618a3ac57854fa82400a48291bb7fc06991b3fc,81a1e63ae8ce78d6,False
img_004734,e:\Final_Project\Pnuemonia_Detection\data\raw_datasets\dataset_1\train\PNEUMONIA\VIRUS-2599665-0002.jpeg,dataset_1,PNEUMONIA,VIRAL,2,9bc74c7ad05017c39e10fbd324d9a8ffae026414938e38c7856522c323037787,80e1875acf3cc33d,False
img_000981,e:\Final_Project\Pnuemonia_Detection\data\raw_datasets\dataset_1\train\NORMAL\NORMAL-3448549-0001.jpeg,dataset_1,NORMAL,NORMAL,0,380103df82659fdd923a778ad47ffc874e6910e85a3bfd5332568a6ecd7860cb,c097d30db460b7e9,False
img_001402,e:\Final_Project\Pnuemonia_Detection\data\raw_datasets\dataset_1\train\NORMAL\NORMAL-6299880-0001.jpeg,dataset_1,NORMAL,NORMAL,0,0eb859b80f3135a91842fe0cfced2ca6737c8bfe9f6320ab3138828621d633bf,9129c638f9793969,False
img_004069,e:\Final_Project\Pnuemonia_Detection\data\raw_datasets\dataset_1\train\PNEUMONIA\BACTERIA-8352680-0002.jpeg,dataset_1,PNEUMONIA,BACTERIAL,1,eac31843aa2abec4a93a30cb4cf02766b159e09646ad4b75e88adbda1a4544e2,942ae31f564657c3,False
img_000825,e:\Final_Project\Pnuemonia_Detection\data\raw_datasets\dataset_1\train\NORMAL\NORMAL-2415019-0001.jpeg,dataset_1,NORMAL,NORMAL,0,0e81b0e3485f47190b362b0166e9698311b685407ecf8e4c588963f2bbe603d8,d929e61ed62aba48,False
img_003766,e:\Final_Project\Pnuemonia_Detection\data\raw_datasets\dataset_1\train\PNEUMONIA\BACTERIA-7428212-0001.jpeg,dataset_1,PNEUMONIA,BACTERIAL,1,5c3b6d5375e134907f84b4ebf873f2a925ac7ffee55ef878a51a48da535901b4,d0b6e33bab29a06a,False
img_003367,e:\Final_Project\Pnuemonia_Detection\data\raw_datasets\dataset_1\train\PNEUMONIA\BACTERIA-5819110-0001.jpeg,dataset_1,PNEUMONIA,BACTERIAL,1,4317316ae0d780c1e249b294c9c7973803e2b64abce01dfd4c2f172204c716a3,9421e33bb54ab55c,False
img_002157,e:\Final_Project\Pnuemonia_Detection\data\raw_datasets\dataset_1\train\PNEUMONIA\BACTERIA-1721225-0002.jpeg,dataset_1,PNEUMONIA,BACTERIAL,1,c013defa303aecdaef0966f0e05d6416c26160dc95610c02619753fc0ef1c6eb,d06be75a180b3bca,False
img_002810,e:\Final_Project\Pnuemonia_Detection\data\raw_datasets\dataset_1\train\PNEUMONIA\BACTERIA-4021385-0001.jpeg,dataset_1,PNEUMONIA,BACTERIAL,1,f99c4432722ec35e894e3cceacd4e4cf20e2f2d6f12cafec6d04acc466555710,d02fe73a9a4b38c2,False
img_002444,e:\Final_Project\Pnuemonia_Detection\data\raw_datasets\dataset_1\train\PNEUMONIA\BACTERIA-2784562-0002.jpeg,dataset_1,PNEUMONIA,BACTERIAL,1,b23120c02471bb1da62e32e83bc6e2966ee19de9050a141b6199ecd7af2c0d5f,956b6a58420b796f,False
img_003016,e:\Final_Project\Pnuemonia_Detection\data\raw_datasets\dataset_1\train\PNEUMONIA\BACTERIA-4675301-0001.jpeg,dataset_1,PNEUMONIA,BACTERIAL,1,76b9770c4d48024bb1b9286ddba28416e734a0970c495964736aaaf3c8dd4484,906fe71ac75b4846,False
img_002113,e:\Final_Project\Pnuemonia_Detection\data\raw_datasets\dataset_1\train\PNEUMONIA\BACTERIA-1576543-0001.jpeg,dataset_1,PNEUMONIA,BACTERIAL,1,233592209a8ba53d21db727a335f51d91bbe0739e8786f356f732e6fc93d6730,c03f5f1cb83cb03c,False
img_001410,e:\Final_Project\Pnuemonia_Detection\data\raw_datasets\dataset_1\train\NORMAL\NORMAL-6351934-0001.jpeg,dataset_1,NORMAL,NORMAL,0,27b749f9ba235b88923c4d5ecbaafd8eb33137e937733ab6457ae73acec23523,906ac35f4d4d5d4c,False
img_004623,e:\Final_Project\Pnuemonia_Detection\data\raw_datasets\dataset_1\train\PNEUMONIA\VIRUS-1745377-0001.jpeg,dataset_1,PNEUMONIA,VIRAL,2,eeab077dc1b1022180f0e286cd89d6260919476ea3541f92aa323444213e15c1,902ee33be66a3ce0,False
img_002562,e:\Final_Project\Pnuemonia_Detection\data\raw_datasets\dataset_1\train\PNEUMONIA\BACTERIA-3197989-0001.jpeg,dataset_1,PNEUMONIA,BACTERIAL,1,61aae44e72c18417f0f60b020a55538637cf4bb837ff4e1d1c3bc4fad0534a39,c0afe75fc309c14c,False
img_005849,e:\Final_Project\Pnuemonia_Detection\data\raw_datasets\dataset_1\train\PNEUMONIA\VIRUS-9916753-0001.jpeg,dataset_1,PNEUMONIA,VIRAL,2,a62f4620af46ba86a7a49b2ba2604760afdc20f2c469e3965a961515d328546e,952bfe7cbc01093a,False
img_004317,e:\Final_Project\Pnuemonia_Detection\data\raw_datasets\dataset_1\train\PNEUMONIA\BACTERIA-9208098-0001.jpeg,dataset_1,PNEUMONIA,BACTERIAL,1,f61ee2c2ebb5e7003ac7e6ac3de8c4913d93b66be4c9ace147f791a4669472c6,90abc70fc30fd24b,False
img_004596,e:\Final_Project\Pnuemonia_Detection\data\raw_datasets\dataset_1\train\PNEUMONIA\VIRUS-1538177-0007.jpeg,dataset_1,PNEUMONIA,VIRAL,2,9b1a565615369f4b946249ccd24e38f1b0d00e072e151da76d582e0071919f2e,d03fff1b5d3a1400,False
img_003735,e:\Final_Project\Pnuemonia_Detection\data\raw_datasets\dataset_1\train\PNEUMONIA\BACTERIA-7267753-0001.jpeg,dataset_1,PNEUMONIA,BACTERIAL,1,8ffc7405f37980a49c8998478f01ca3ba205050132848e84efa2ab91a6069148,d02b5f56464b0e6b,False
img_000735,e:\Final_Project\Pnuemonia_Detection\data\raw_datasets\dataset_1\train\NORMAL\NORMAL-1870906-0001.jpeg,dataset_1,NORMAL,NORMAL,0,25ce318daf1d768faaf362820909c85f0feb876e1ea014a47702cd619d35853c,d42bc34bdd49293c,False
img_002224,e:\Final_Project\Pnuemonia_Detection\data\raw_datasets\dataset_1\train\PNEUMONIA\BACTERIA-198200-0003.jpeg,dataset_1,PNEUMONIA,BACTERIAL,1,dbba2d3ae203b8e8a124844adc72a1384808063f0d5b491c17a58fdf5547b8d2,d06fc71b99493cc2,False
img_003879,e:\Final_Project\Pnuemonia_Detection\data\raw_datasets\dataset_1\train\PNEUMONIA\BACTERIA-7794093-0001.jpeg,dataset_1,PNEUMONIA,BACTERIAL,1,4d3acd795551f47fa7e46e3a26b7284b73cc0075af77c383bdae2e0d6c6e1a40,946ae71ec71f1b02,False
img_002615,e:\Final_Project\Pnuemonia_Detection\data\raw_datasets\dataset_1\train\PNEUMONIA\BACTERIA-3371316-0001.jpeg,dataset_1,PNEUMONIA,BACTERIAL,1,774b06e013219e181a20964e6655fb80d97bda2746062eb519cadac4ac4d1038,882ae33dc98b39e9,False
img_004218,e:\Final_Project\Pnuemonia_Detection\data\raw_datasets\dataset_1\train\PNEUMONIA\BACTERIA-8814390-0001.jpeg,dataset_1,PNEUMONIA,BACTERIAL,1,f0f2510e1fe426d76b2d194e46c72060a6ae1385253b1dbaf29244eda5c2e4a0,d021e23fe23e6d61,False
img_005501,e:\Final_Project\Pnuemonia_Detection\data\raw_datasets\dataset_1\train\PNEUMONIA\VIRUS-7559609-0002.jpeg,dataset_1,PNEUMONIA,VIRAL,2,86fd056a534d65129c4cd4e0011facd8fe5ee2c00d68d53f0703d917c4d5c71a,8001eb97fcc26ef1,False
img_000511,e:\Final_Project\Pnuemonia_Detection\data\raw_datasets\dataset_1\test\PNEUMONIA\VIRUS-3119878-0001.jpeg,dataset_1,PNEUMONIA,VIRAL,2,836d75422594412235dbb7ae0902f7b7bd9416580ae67895d568e54f7ff55288,c02ae74f1c426f2f,False
img_004486,e:\Final_Project\Pnuemonia_Detection\data\raw_datasets\dataset_1\train\PNEUMONIA\BACTERIA-990412-0003.jpeg,dataset_1,PNEUMONIA,BACTERIAL,1,497a19482cc85eae1c6b08e00dd8fe85120cc8b9bb49da3c8e6dff0966537b57,917eef3e4316011e,False
img_002986,e:\Final_Project\Pnuemonia_Detection\data\raw_datasets\dataset_1\train\PNEUMONIA\BACTERIA-4615614-0002.jpeg,dataset_1,PNEUMONIA,BACTERIAL,1,cd6e23ba49bcee4f1c810cc1075175629cf53e168a708962e3d610ee60675b3d,80abee5e155550b7,False
img_002121,e:\Final_Project\Pnuemonia_Detection\data\raw_datasets\dataset_1\train\PNEUMONIA\BACTERIA-1602168-0002.jpeg,dataset_1,PNEUMONIA,BACTERIAL,1,5fab4e1fb602ff0421dd8e24d6566e20afe431c78f39912a71f9c689f964d585,d02beb2fb84b3c48,False
img_004487,e:\Final_Project\Pnuemonia_Detection\data\raw_datasets\dataset_1\train\PNEUMONIA\BACTERIA-990412-0004.jpeg,dataset_1,PNEUMONIA,BACTERIAL,1,975a55eefd9bea4f0676cbbd7333731c95c027e20934635bc430d4bfdc982333,916aef3c4714389e,False
img_004522,e:\Final_Project\Pnuemonia_Detection\data\raw_datasets\dataset_1\train\PNEUMONIA\VIRUS-1069837-0003.jpeg,dataset_1,PNEUMONIA,VIRAL,2,cf2af11313ae0434f802011c5ef6355bc34137506f5f1aafe1157bd10c98a9c8,917e47161a4b1e4f,False
img_003943,e:\Final_Project\Pnuemonia_Detection\data\raw_datasets\dataset_1\train\PNEUMONIA\BACTERIA-8003372-0003.jpeg,dataset_1,PNEUMONIA,BACTERIAL,1,1c0de1e2997c7ad7d469326b6fc90c2ef7cc84c0b5aa8cb4a9d05bbf1bc2ece7,943bf71d1d283929,False
img_005562,e:\Final_Project\Pnuemonia_Detection\data\raw_datasets\dataset_1\train\PNEUMONIA\VIRUS-7990865-0002.jpeg,dataset_1,PNEUMONIA,VIRAL,2,510876f77e1617d457350e5d59dc13bc693aa18e19204ea15584d17c24d4da25,913966ce7c5c4a2d,False
img_003245,e:\Final_Project\Pnuemonia_Detection\data\raw_datasets\dataset_1\train\PNEUMONIA\BACTERIA-5437440-0006.jpeg,dataset_1,PNEUMONIA,BACTERIAL,1,a70166649c0729c004e3aa8839b6073d499c5c4ca8d938fb81648dc05f05b883,90ede73aea4938c4,False
img_005420,e:\Final_Project\Pnuemonia_Detection\data\raw_datasets\dataset_1\train\PNEUMONIA\VIRUS-693904-0002.jpeg,dataset_1,PNEUMONIA,VIRAL,2,7d18e99a74a89295ffea5793092d1c8261746880aa260dcd8487a749ba7aa6a7,d025c63fde4b3c60,False
img_001753,e:\Final_Project\Pnuemonia_Detection\data\raw_datasets\dataset_1\train\NORMAL\NORMAL-8585409-0001.jpeg,dataset_1,NORMAL,NORMAL,0,f97d6320248284d70fde639232ef33714148a1632a6a0fd3e4d9382cfc15148b,c13d6f1938c33e92,False
img_004146,e:\Final_Project\Pnuemonia_Detection\data\raw_datasets\dataset_1\train\PNEUMONIA\BACTERIA-8600331-0002.jpeg,dataset_1,PNEUMONIA,BACTERIAL,1,7a45856d452aa2d70cf3e77012fde9884d7dea0ad894edc4429b7aaa55b19204,dd3fe31ec24d9041,False
img_004113,e:\Final_Project\Pnuemonia_Detection\data\raw_datasets\dataset_1\train\PNEUMONIA\BACTERIA-8498536-0001.jpeg,dataset_1,PNEUMONIA,BACTERIAL,1,b9eab8ae1ea147f0e98f400758372b1d8742082d2b0017e829b21759e9242be8,ddf4e21bc339c00d,False
img_001745,e:\Final_Project\Pnuemonia_Detection\data\raw_datasets\dataset_1\train\NORMAL\NORMAL-8512763-0001.jpeg,dataset_1,NORMAL,NORMAL,0,01e860a0e0e118647ab92d6d133b18232e9add3ffd1e5ea3904006438231b51e,d03cc71b9d493ccc,False
img_005642,e:\Final_Project\Pnuemonia_Detection\data\raw_datasets\dataset_1\train\PNEUMONIA\VIRUS-8498464-0002.jpeg,dataset_1,PNEUMONIA,VIRAL,2,61101ddde4edc0a41d7bb74d45fffb2d35e75cb4a502ae6323efaccca86fe1f7,90f5c71aa54eb147,False
img_001210,e:\Final_Project\Pnuemonia_Detection\data\raw_datasets\dataset_1\train\NORMAL\NORMAL-4951226-0001.jpeg,dataset_1,NORMAL,NORMAL,0,73471335af0ba15deac00111ec9189ca47073a6444946b29bc96c46693e0de6f,912dc61acd691dcd,False
img_003855,e:\Final_Project\Pnuemonia_Detection\data\raw_datasets\dataset_1\train\PNEUMONIA\BACTERIA-7718116-0006.jpeg,dataset_1,PNEUMONIA,BACTERIAL,1,d76166ff17511fe6b01fae90ab81934a4f9a6c64cc84fdc31cb0649cae65583f,902aaa17c75d199f,False
img_000990,e:\Final_Project\Pnuemonia_Detection\data\raw_datasets\dataset_1\train\NORMAL\NORMAL-3493370-0001.jpeg,dataset_1,NORMAL,NORMAL,0,735f98d0d02f105ce2080b44f25837f433df164ebf202d203daa808eed6d4564,c12ae64afcc85dd4,False
img_000183,e:\Final_Project\Pnuemonia_Detection\data\raw_datasets\dataset_1\test\NORMAL\NORMAL-745902-0001.jpeg,dataset_1,NORMAL,NORMAL,0,dffea8879e383678fab34a1cefa9870e3ca55287250490d188a05bf7f00e8682,d03ec31b9cc83cd6,False
img_004531,e:\Final_Project\Pnuemonia_Detection\data\raw_datasets\dataset_1\train\PNEUMONIA\VIRUS-1114943-0003.jpeg,dataset_1,PNEUMONIA,VIRAL,2,5f32cd176593289b22bd8a4cdd62b85e586ef87a4b29d9d4c1341ff3fa1d9dfc,90efc3165e4319d3,False
img_001397,e:\Final_Project\Pnuemonia_Detection\data\raw_datasets\dataset_1\train\NORMAL\NORMAL-6237780-0001.jpeg,dataset_1,NORMAL,NORMAL,0,61fec018820794e2702b835bc7916ee3dc1569872cd0004c4399e1ea69f19118,913dc61bdc6938c6,False
img_003401,e:\Final_Project\Pnuemonia_Detection\data\raw_datasets\dataset_1\train\PNEUMONIA\BACTERIA-5973423-0002.jpeg,dataset_1,PNEUMONIA,BACTERIAL,1,d47c060423a2538ab489e4f797079a8f73f154e3b6863ba3077e16161c97ceeb,956ce6c0c4f0c3b7,False
img_004600,e:\Final_Project\Pnuemonia_Detection\data\raw_datasets\dataset_1\train\PNEUMONIA\VIRUS-155541-0005.jpeg,dataset_1,PNEUMONIA,VIRAL,2,1987b6709848649e70bfaaa59ed4e24059a5a2b501b43f5758010f847c238d5a,803be7c77a3cc4c2,False
img_004031,e:\Final_Project\Pnuemonia_Detection\data\raw_datasets\dataset_1\train\PNEUMONIA\BACTERIA-8288061-0002.jpeg,dataset_1,PNEUMONIA,BACTERIAL,1,72e5ac0f1ec8247bd15f575cf56a388e9638eb023339151b3fc3f4191ea3dc95,d47ae33f6ee03820,False
img_003813,e:\Final_Project\Pnuemonia_Detection\data\raw_datasets\dataset_1\train\PNEUMONIA\BACTERIA-7564600-0002.jpeg,dataset_1,PNEUMONIA,BACTERIAL,1,7e7dc89b09a0b9c93220fa1e25d08ed4d044ead4f861848a2c73214d24ffb28e,d42f4f5c5c4d0e49,False
img_003217,e:\Final_Project\Pnuemonia_Detection\data\raw_datasets\dataset_1\train\PNEUMONIA\BACTERIA-5334028-0001.jpeg,dataset_1,PNEUMONIA,BACTERIAL,1,5b1dda65e2f1bea681156247e22b298356bd8fe15e4eda26acbf255e1b730b23,d42f631f493c6c64,False
img_001325,e:\Final_Project\Pnuemonia_Detection\data\raw_datasets\dataset_1\train\NORMAL\NORMAL-5728847-0001.jpeg,dataset_1,NORMAL,NORMAL,0,22e01b99b24762c6215fd70e223804411200a83bc904475b41f23855957fea8b,913fe61a9c491dcc,False
img_001330,e:\Final_Project\Pnuemonia_Detection\data\raw_datasets\dataset_1\train\NORMAL\NORMAL-5740995-0001.jpeg,dataset_1,NORMAL,NORMAL,0,baa025943630a17a868539570e53b77dcdf6b1ec8fd2cae3da059ba5af852c9f,9128c63af86d396d,False
img_005207,e:\Final_Project\Pnuemonia_Detection\data\raw_datasets\dataset_1\train\PNEUMONIA\VIRUS-5615173-0005.jpeg,dataset_1,PNEUMONIA,VIRAL,2,e55f22d77629a281688220c0cb0c44805bb0b52fd425a3aa8a681ad8946df727,946f071b4d3c646e,False
img_002715,e:\Final_Project\Pnuemonia_Detection\data\raw_datasets\dataset_1\train\PNEUMONIA\BACTERIA-37006-0001.jpeg,dataset_1,PNEUMONIA,BACTERIAL,1,65e6b6e0255c8bfbae05b73d410277aebe4df8e5815927214f94cfa8791ea3a0,947ce6a7a3a3830b,False
img_005447,e:\Final_Project\Pnuemonia_Detection\data\raw_datasets\dataset_1\train\PNEUMONIA\VIRUS-7178682-0001.jpeg,dataset_1,PNEUMONIA,VIRAL,2,47dedc484518f507f7a6b7796a745f8ce2b23314833d62037eed5e27e49d912f,941c68e1633f3eb4,False
img_005704,e:\Final_Project\Pnuemonia_Detection\data\raw_datasets\dataset_1\train\PNEUMONIA\VIRUS-8917885-0002.jpeg,dataset_1,PNEUMONIA,VIRAL,2,a63dd33e17c4a84692463c0f24121d8f06b40bfcb9462a8362294f56f9863721,d12de35af8683998,False
img_005001,e:\Final_Project\Pnuemonia_Detection\data\raw_datasets\dataset_1\train\PNEUMONIA\VIRUS-4360178-0003.jpeg,dataset_1,PNEUMONIA,VIRAL,2,0a0dd3c2feef24de95b46fb76cb13e1a40f33f20fc4abde517e19d03d6924fdb,9074c71a93cf3996,False
img_000224,e:\Final_Project\Pnuemonia_Detection\data\raw_datasets\dataset_1\test\NORMAL\NORMAL-9217241-0001.jpeg,dataset_1,NORMAL,NORMAL,0,488de4306f7e868b170dfbed597832e9c7b07c633a4b6a659732f2b3f27b7630,8825f71ad65b944e,False
img_003350,e:\Final_Project\Pnuemonia_Detection\data\raw_datasets\dataset_1\train\PNEUMONIA\BACTERIA-5739457-0004.jpeg,dataset_1,PNEUMONIA,BACTERIAL,1,dde74ac7a3843143c39955e4177d482cd3d7e139adeea44c4b926758f2bcc1f0,986fc61ece3b0c4a,False
img_004813,e:\Final_Project\Pnuemonia_Detection\data\raw_datasets\dataset_1\train\PNEUMONIA\VIRUS-3076396-0004.jpeg,dataset_1,PNEUMONIA,VIRAL,2,e933d1767b2a7ae725dd45d7d5f83b9ffc8f8b8c524d08e97f1299ed026c1c13,c039e5c76e9cc44b,False
img_003980,e:\Final_Project\Pnuemonia_Detection\data\raw_datasets\dataset_1\train\PNEUMONIA\BACTERIA-8111843-0002.jpeg,dataset_1,PNEUMONIA,BACTERIAL,1,d8df9cfeef5db0eb3089c2e1e3a1e820f5ae39bb519c6fe6e8abef880b61493b,d025c71e9b4ab1cb,False
img_004876,e:\Final_Project\Pnuemonia_Detection\data\raw_datasets\dataset_1\train\PNEUMONIA\VIRUS-3590786-0003.jpeg,dataset_1,PNEUMONIA,VIRAL,2,d92904d2120d41795c4bfc4c55dc689721ffab67c00e60a89b54df0cda4e3940,c02aa257a25dafd5,False
img_000600,e:\Final_Project\Pnuemonia_Detection\data\raw_datasets\dataset_1\test\PNEUMONIA\VIRUS-8314555-0001.jpeg,dataset_1,PNEUMONIA,VIRAL,2,2aa94bf8f03f5d89ca54fedaed591e958a4cec041f22cf385b57bec1ba8ddeb4,91a7c63be629e069,False
img_000745,e:\Final_Project\Pnuemonia_Detection\data\raw_datasets\dataset_1\train\NORMAL\NORMAL-191957-0001.jpeg,dataset_1,NORMAL,NORMAL,0,8c03e04095892b658861be49f3f05912493adb68c9584d4d6dcc66e77f90f71a,917c863e8d2d2cce,False
img_000454,e:\Final_Project\Pnuemonia_Detection\data\raw_datasets\dataset_1\test\PNEUMONIA\BACTERIA-9242636-0003.jpeg,dataset_1,PNEUMONIA,BACTERIAL,1,95cbf255c6e38580250eefc33782dfb68e6ab7c27f593158b78c3fd071a3d062,c03e6a3e485b7d38,False
img_001446,e:\Final_Project\Pnuemonia_Detection\data\raw_datasets\dataset_1\train\NORMAL\NORMAL-6644752-0001.jpeg,dataset_1,NORMAL,NORMAL,0,abd23ef5ed8bb40a6c2de91cc3f4f7ebfc4b1f996c2c85e365358e2929ec86ab,8129c75abe683979,False
img_000072,e:\Final_Project\Pnuemonia_Detection\data\raw_datasets\dataset_1\test\NORMAL\NORMAL-3549035-0001.jpeg,dataset_1,NORMAL,NORMAL,0,ba7617f5f131fc7dc7800c466d1b5d459fc030aa874e80c75c34806e9c6f07b1,9168871a075f5b4f,False
img_004265,e:\Final_Project\Pnuemonia_Detection\data\raw_datasets\dataset_1\train\PNEUMONIA\BACTERIA-9044719-0003.jpeg,dataset_1,PNEUMONIA,BACTERIAL,1,80c1add07529f48378580583e10445b1f19d8a32001e70561dead02e83bb21da,90abc69ec23c5a6b,False
img_003295,e:\Final_Project\Pnuemonia_Detection\data\raw_datasets\dataset_1\train\PNEUMONIA\BACTERIA-5592394-0001.jpeg,dataset_1,PNEUMONIA,BACTERIAL,1,86a247b18d1c22e43276a056ce37f5795a38e1a9b1f3ad57b9feec6893a1d15b,c42bd24fdf4e0cd0,False
img_000299,e:\Final_Project\Pnuemonia_Detection\data\raw_datasets\dataset_1\test\PNEUMONIA\BACTERIA-3961172-0001.jpeg,dataset_1,PNEUMONIA,BACTERIAL,1,5cde756baf9823a08cb8928d9f3eebd2b82814439e3444aad7abbd9427f41d6a,946aaf0f0f591d4c,False
img_003983,e:\Final_Project\Pnuemonia_Detection\data\raw_datasets\dataset_1\train\PNEUMONIA\BACTERIA-8121494-0001.jpeg,dataset_1,PNEUMONIA,BACTERIAL,1,eaaf2d064d00d04ba3fca2167ef2eeec039060bd0406561f45d5dd6496fcda9e,94aae21be70f2c87,False
img_000786,e:\Final_Project\Pnuemonia_Detection\data\raw_datasets\dataset_1\train\NORMAL\NORMAL-2239107-0002.jpeg,dataset_1,NORMAL,NORMAL,0,cee059822cbba7f71ef9decc98899a300745d155ef0d757ba1622d4d628e54c0,983fe61a9f4b1849,False
img_004783,e:\Final_Project\Pnuemonia_Detection\data\raw_datasets\dataset_1\train\PNEUMONIA\VIRUS-2854794-0001.jpeg,dataset_1,PNEUMONIA,VIRAL,2,b234f81de1dbcab48ca543e69b68cac2e733dea4e5d4d45d431aa28911f21c84,913ec65e94c63d94,False
img_005125,e:\Final_Project\Pnuemonia_Detection\data\raw_datasets\dataset_1\train\PNEUMONIA\VIRUS-5150733-0018.jpeg,dataset_1,PNEUMONIA,VIRAL,2,4654853939820496742e79b137c695c7d8df23355d5cdbffdbf54ef13ec58468,8d1c64e5d63e6c92,False
img_006017,e:\Final_Project\Pnuemonia_Detection\data\raw_datasets\dataset_2\test\NORMAL\NORMAL2-IM-0285-0001.jpeg,dataset_2,NORMAL,NORMAL,0,cdc4ea39809c180647f41077b2d07db67384e67637e57539b0258824c9e0dedf,9174c31bc73b846b,False
img_004173,e:\Final_Project\Pnuemonia_Detection\data\raw_datasets\dataset_1\train\PNEUMONIA\BACTERIA-8666617-0001.jpeg,dataset_1,PNEUMONIA,BACTERIAL,1,d286b1f7131c47fa2f86d81aef7f8553d6b4cf95dd46f0ceb4918ceae1b74249,802fe7d71a824bb5,False
img_003826,e:\Final_Project\Pnuemonia_Detection\data\raw_datasets\dataset_1\train\PNEUMONIA\BACTERIA-7630183-0002.jpeg,dataset_1,PNEUMONIA,BACTERIAL,1,9cbe5275ce3158b5958eaf07340fadff8736a6ffcc804f93ee6330ed29855bfb,d03f5e541a2a3ea5,False
img_000060,e:\Final_Project\Pnuemonia_Detection\data\raw_datasets\dataset_1\test\NORMAL\NORMAL-3322209-0001.jpeg,dataset_1,NORMAL,NORMAL,0,1aa2861aa60a0a03d23a55b81c50a186f2e05fc51bd47c22d03598211c293102,902bf25a5e4b3959,False
img_004703,e:\Final_Project\Pnuemonia_Detection\data\raw_datasets\dataset_1\train\PNEUMONIA\VIRUS-2422671-0002.jpeg,dataset_1,PNEUMONIA,VIRAL,2,36df519866ea591ff9a721da3c7ece4ca4cac8f6e5e39094623071629bfb1d18,912fc63af8693543,False
img_000821,e:\Final_Project\Pnuemonia_Detection\data\raw_datasets\dataset_1\train\NORMAL\NORMAL-239549-0001.jpeg,dataset_1,NORMAL,NORMAL,0,b19937bb135756c046a86bcec94f40d7cebe4d33fe686f28526a1d0c708f431d,c17ce43c2d4c2ece,False
img_000763,e:\Final_Project\Pnuemonia_Detection\data\raw_datasets\dataset_1\train\NORMAL\NORMAL-2042112-0001.jpeg,dataset_1,NORMAL,NORMAL,0,4fd7395d6d64fb96e1a174f1d5714663c22c86cb077b850c3d9082d257fddc53,913fc2389ce13d96,False
img_004332,e:\Final_Project\Pnuemonia_Detection\data\raw_datasets\dataset_1\train\PNEUMONIA\BACTERIA-9250380-0005.jpeg,dataset_1,PNEUMONIA,BACTERIAL,1,2242071b3737f863a2b22fe3b8b8e9045b89dc1372a7c4645464a147c09ae3d8,d03be65a10c66d9e,False
img_000970,e:\Final_Project\Pnuemonia_Detection\data\raw_datasets\dataset_1\train\NORMAL\NORMAL-339692-0001.jpeg,dataset_1,NORMAL,NORMAL,0,b911bd6e7bafeb0a33c22d4c61fd01a6aabdd7c7464e75338056a9eac5b76eb3,d138e21afe4918dd,False
img_005418,e:\Final_Project\Pnuemonia_Detection\data\raw_datasets\dataset_1\train\PNEUMONIA\VIRUS-6906971-0002.jpeg,dataset_1,PNEUMONIA,VIRAL,2,20f5c8adc2c296a0d7778492d242fea9b9021ad5c2ff137565ce396de900a527,9966c69acf798069,False
img_005051,e:\Final_Project\Pnuemonia_Detection\data\raw_datasets\dataset_1\train\PNEUMONIA\VIRUS-463487-0010.jpeg,dataset_1,PNEUMONIA,VIRAL,2,6c6f53d55e7b81d3b671dc999d861e0a802ec18cc48e88d087ad9dacd7ef321f,9478e31f0707266f,False
img_002947,e:\Final_Project\Pnuemonia_Detection\data\raw_datasets\dataset_1\train\PNEUMONIA\BACTERIA-4462203-0005.jpeg,dataset_1,PNEUMONIA,BACTERIAL,1,55eeb8dda00f467f50390b315500a4becc8a3a1abf99dc0dc5549df9e918c8d8,cc3ed34b16489e4e,False
img_000466,e:\Final_Project\Pnuemonia_Detection\data\raw_datasets\dataset_1\test\PNEUMONIA\BACTERIA-9673743-0001.jpeg,dataset_1,PNEUMONIA,BACTERIAL,1,49fefde868d6a4e9f4bad45ddd01f228d5db1be754458d6e0534944a5e42de29,946de31ac23eb14b,False
img_000429,e:\Final_Project\Pnuemonia_Detection\data\raw_datasets\dataset_1\test\PNEUMONIA\BACTERIA-840611-0004.jpeg,dataset_1,PNEUMONIA,BACTERIAL,1,5747097f987b12bbf311f70766f3e588ad459ea16d1821e30299d063881814bd,807b7a5c3ec42e1e,False
img_001953,e:\Final_Project\Pnuemonia_Detection\data\raw_datasets\dataset_1\train\NORMAL\NORMAL-9868047-0001.jpeg,dataset_1,NORMAL,NORMAL,0,ed94d994077e28f1faa73badcabcf1c2f705f63cb237e3ae3f0d62279155037f,d434d23dfc2c3c4c,False
img_003194,e:\Final_Project\Pnuemonia_Detection\data\raw_datasets\dataset_1\train\PNEUMONIA\BACTERIA-525517-0001.jpeg,dataset_1,PNEUMONIA,BACTERIAL,1,e34b0c4b9a8e3fe14cc675e8631dcf95be2948ad29e6626737a72a70555f9a97,d42bf61cd02b3ec2,False
img_001709,e:\Final_Project\Pnuemonia_Detection\data\raw_datasets\dataset_1\train\NORMAL\NORMAL-8295106-0001.jpeg,dataset_1,NORMAL,NORMAL,0,4e87c2221027baff98fb13c500389ed86b41ff29003d32ca9ef0ae51abcd4df8,81a5c60baeca79d6,False
img_002522,e:\Final_Project\Pnuemonia_Detection\data\raw_datasets\dataset_1\train\PNEUMONIA\BACTERIA-3030593-0003.jpeg,dataset_1,PNEUMONIA,BACTERIAL,1,990281d133845dc4bb947f42ab1050f3fd5a86abed2f535db81b31a27e211be8,d03ce6cb9ec2c334,False
img_004962,e:\Final_Project\Pnuemonia_Detection\data\raw_datasets\dataset_1\train\PNEUMONIA\VIRUS-405014-0002.jpeg,dataset_1,PNEUMONIA,VIRAL,2,cb1e42928a347450fa45d04f31411b9132fdce6b815b75b5dea2e70ce5ccd36b,d0f4e71f930b3883,False
img_002949,e:\Final_Project\Pnuemonia_Detection\data\raw_datasets\dataset_1\train\PNEUMONIA\BACTERIA-4467110-0001.jpeg,dataset_1,PNEUMONIA,BACTERIAL,1,d75e0d6c2db979518401a031c8af82b42a1833b8cf95061d963d6a05bc579a99,c42f0557c162e2fe,False
img_001306,e:\Final_Project\Pnuemonia_Detection\data\raw_datasets\dataset_1\train\NORMAL\NORMAL-5650764-0001.jpeg,dataset_1,NORMAL,NORMAL,0,020d3e3c10ef0d2da4bb6cdb2a6fd3bacc18e47bd0eeec6bada76f246a602f44,902ee33aec6b38e4,False
img_005568,e:\Final_Project\Pnuemonia_Detection\data\raw_datasets\dataset_1\train\PNEUMONIA\VIRUS-7997980-0001.jpeg,dataset_1,PNEUMONIA,VIRAL,2,388458b966658c54aa73a59a24af6e10da0e26d708aa4ae79295891c094ac83b,c0bf470a0a4b7d5d,False
img_005578,e:\Final_Project\Pnuemonia_Detection\data\raw_datasets\dataset_1\train\PNEUMONIA\VIRUS-8091146-0002.jpeg,dataset_1,PNEUMONIA,VIRAL,2,5eb7012c6cf59d7218e30c8c5e9d4f1f0621b80e73b9dc4dd1518cc3246b84ce,d065c63ac33db04f,False
img_002906,e:\Final_Project\Pnuemonia_Detection\data\raw_datasets\dataset_1\train\PNEUMONIA\BACTERIA-4371619-0002.jpeg,dataset_1,PNEUMONIA,BACTERIAL,1,6b5e57290ca138c6c643c847fb3243c682af8ddcd27747b8878a07526b9ef70c,d42f030f471f1c5e,False
img_006070,e:\Final_Project\Pnuemonia_Detection\data\raw_datasets\dataset_2\test\NORMAL\NORMAL2-IM-0353-0001.jpeg,dataset_2,NORMAL,NORMAL,0,dafd8e2d20105e78f52566fbffe53d4c6d8f8d0dd1f701ce8a968d15c51bf982,906fa71ac31f194e,False
img_003231,e:\Final_Project\Pnuemonia_Detection\data\raw_datasets\dataset_1\train\PNEUMONIA\BACTERIA-5401887-0005.jpeg,dataset_1,PNEUMONIA,BACTERIAL,1,c747af794896232ab59ad0988cfe2a32937d52694cfb6c9c58629e9c0b2b303d,8aaac20acb0dfc6f,False
img_004918,e:\Final_Project\Pnuemonia_Detection\data\raw_datasets\dataset_1\train\PNEUMONIA\VIRUS-3807574-0005.jpeg,dataset_1,PNEUMONIA,VIRAL,2,5dd21bf85cd73e0c51ae3bfab22dcc628af7508bd83e7c935e4eb411c0036293,d03fd2d07869296b,False
img_005336,e:\Final_Project\Pnuemonia_Detection\data\raw_datasets\dataset_1\train\PNEUMONIA\VIRUS-6418092-0002.jpeg,dataset_1,PNEUMONIA,VIRAL,2,9c89f4d19c4abb244b19116a939b98a700ef61a583dab4756c7d56d3c4c710b3,9568e63a9e0e3987,False
img_005460,e:\Final_Project\Pnuemonia_Detection\data\raw_datasets\dataset_1\train\PNEUMONIA\VIRUS-7245232-0002.jpeg,dataset_1,PNEUMONIA,VIRAL,2,854d541ecdc60b8c085ea3b7c76f322dfd612a9f893d6ec1c22a8b6d9c5c27fb,91e8ee7a7a591909,False
img_002049,e:\Final_Project\Pnuemonia_Detection\data\raw_datasets\dataset_1\train\PNEUMONIA\BACTERIA-1216948-0001.jpeg,dataset_1,PNEUMONIA,BACTERIAL,1,a4fb371a278d9b84c7d07b17ad44c7186d148c9d0a4170a11fa423800a62b2f2,d42ee30a1a9a2b7d,False
img_005037,e:\Final_Project\Pnuemonia_Detection\data\raw_datasets\dataset_1\train\PNEUMONIA\VIRUS-4615614-0010.jpeg,dataset_1,PNEUMONIA,VIRAL,2,2af6a3f048441208781d0fbef8205b2f8c321af2bad651403e7346e8e230d79d,9479c71ae9cb6894,False
img_001938,e:\Final_Project\Pnuemonia_Detection\data\raw_datasets\dataset_1\train\NORMAL\NORMAL-9776714-0002.jpeg,dataset_1,NORMAL,NORMAL,0,08730b9efb04f0a3dbda3e3f49d49ced6e384e83c09329bd9edf73636981e9ca,817dc61a9acb39d1,False
img_005542,e:\Final_Project\Pnuemonia_Detection\data\raw_datasets\dataset_1\train\PNEUMONIA\VIRUS-7828190-0001.jpeg,dataset_1,PNEUMONIA,VIRAL,2,65c4211b26dd747e041a80af4e0548ea99e37e10cdf31c9d0142499b5665c5e7,c021e71afe683d69,False
img_004811,e:\Final_Project\Pnuemonia_Detection\data\raw_datasets\dataset_1\train\PNEUMONIA\VIRUS-3051888-0003.jpeg,dataset_1,PNEUMONIA,VIRAL,2,e0c67f291ff51436158f99b14fa9cc95af3669aa9ab0aa5ef14c1824ff184acd,d02beb7b687c6828,False
img_004550,e:\Final_Project\Pnuemonia_Detection\data\raw_datasets\dataset_1\train\PNEUMONIA\VIRUS-1191925-0002.jpeg,dataset_1,PNEUMONIA,VIRAL,2,f314efdefa6ccbb4ba895927f7d9b42985e3c2ab25b270b8ccdd4b10e21e7663,d066b75a8739893c,False
img_000274,e:\Final_Project\Pnuemonia_Detection\data\raw_datasets\dataset_1\test\PNEUMONIA\BACTERIA-227418-0004.jpeg,dataset_1,PNEUMONIA,BACTERIAL,1,ca4d0ee64f1e9db6cff3873532d8d201a0591897889cd2e4e183a46037d20a73,902bf71655d71c54,False
img_001215,e:\Final_Project\Pnuemonia_Detection\data\raw_datasets\dataset_1\train\NORMAL\NORMAL-5001531-0001.jpeg,dataset_1,NORMAL,NORMAL,0,d2bf46d5f8fdf0a5fdf955062ea2e66b65d0d62ab4dae43c3fd584238517889a,d031c21f997db84d,False
img_000372,e:\Final_Project\Pnuemonia_Detection\data\raw_datasets\dataset_1\test\PNEUMONIA\BACTERIA-6105615-0001.jpeg,dataset_1,PNEUMONIA,BACTERIAL,1,636615e61d84abab159fe1c9133ffd76c449a44cb1713f089348e24619182789,903fbe1a1a19147f,False
img_003173,e:\Final_Project\Pnuemonia_Detection\data\raw_datasets\dataset_1\train\PNEUMONIA\BACTERIA-5212251-0002.jpeg,dataset_1,PNEUMONIA,BACTERIAL,1,1df04dd6dd21084c0c05513c077486e5ff6993b7fe25708336f53861b07680d3,c03fc35f5e493c48,False
img_005621,e:\Final_Project\Pnuemonia_Detection\data\raw_datasets\dataset_1\train\PNEUMONIA\VIRUS-8351811-0002.jpeg,dataset_1,PNEUMONIA,VIRAL,2,980203dbd4290b61d56f4127ff6cd8101107f360fd06a1ad5257eaa373689490,9455e51e3ae22bac,False
img_001652,e:\Final_Project\Pnuemonia_Detection\data\raw_datasets\dataset_1\train\NORMAL\NORMAL-7844072-0001.jpeg,dataset_1,NORMAL,NORMAL,0,d0a74d3305776ec484e882afec4389ae839fc593d4357b7fd8e97f77af74cf3f,c5cac25aecd178d4,False
img_002360,e:\Final_Project\Pnuemonia_Detection\data\raw_datasets\dataset_1\train\PNEUMONIA\BACTERIA-2431291-0001.jpeg,dataset_1,PNEUMONIA,BACTERIAL,1,d4c80657e3e5d6a9658c73297d5b0068fcbd64627d07aa0917159d45e20f06b0,d0aeab1e850d2dab,False
img_005158,e:\Final_Project\Pnuemonia_Detection\data\raw_datasets\dataset_1\train\PNEUMONIA\VIRUS-5294818-0002.jpeg,dataset_1,PNEUMONIA,VIRAL,2,4b052e43a9cbd47a553e942a91e49ee600fc789dd0b1820375f72d243247c3d5,d0a5c33bdc693cc2,False
img_005625,e:\Final_Project\Pnuemonia_Detection\data\raw_datasets\dataset_1\train\PNEUMONIA\VIRUS-8365091-0001.jpeg,dataset_1,PNEUMONIA,VIRAL,2,8f72d6384c56a02393eb2b814e937596d2c0790cb5c4cfa8c4df7ad50e946ade,d07ea71bbd0b3920,False
img_001703,e:\Final_Project\Pnuemonia_Detection\data\raw_datasets\dataset_1\train\NORMAL\NORMAL-824917-0001.jpeg,dataset_1,NORMAL,NORMAL,0,8baa0d65b71907e8764684994b5cf27a6f19bebd27f1a0eebe96cc324264dca0,d424c31b8f4f2de4,False
img_000579,e:\Final_Project\Pnuemonia_Detection\data\raw_datasets\dataset_1\test\PNEUMONIA\VIRUS-6831597-0001.jpeg,dataset_1,PNEUMONIA,VIRAL,2,3a3effe92fed92e0a8afec6d64608e5f073b1abbe096df797e3ad92c705e92ed,d03dc339d85eb892,False
img_000631,e:\Final_Project\Pnuemonia_Detection\data\raw_datasets\dataset_1\train\NORMAL\NORMAL-1034239-0001.jpeg,dataset_1,NORMAL,NORMAL,0,c7a7455678160bc97e42bf80d6057a975de8d01fa500974316fa6ac28fded98b,d17c8639bd4c1c9c,False
img_001739,e:\Final_Project\Pnuemonia_Detection\data\raw_datasets\dataset_1\train\NORMAL\NORMAL-8439083-0002.jpeg,dataset_1,NORMAL,NORMAL,0,0d026c39aefeb4b8297941695bee0aaed5e3070c979822a384167fed319c9c37,d1748638ad7d3c64,False
img_002387,e:\Final_Project\Pnuemonia_Detection\data\raw_datasets\dataset_1\train\PNEUMONIA\BACTERIA-2520412-0001.jpeg,dataset_1,PNEUMONIA,BACTERIAL,1,7d4900bc4bdb32e962c932cf5511cf82f8719cb133f4f8c12db11459ff142b6c,9472f37ae13e2078,False
img_003609,e:\Final_Project\Pnuemonia_Detection\data\raw_datasets\dataset_1\train\PNEUMONIA\BACTERIA-6669017-0001.jpeg,dataset_1,PNEUMONIA,BACTERIAL,1,ea9d87420bdb343d8d4c10434f2a51dfbf7f0d65455c312fe25dff28f058dd88,913fca5a50793569,False
img_001233,e:\Final_Project\Pnuemonia_Detection\data\raw_datasets\dataset_1\train\NORMAL\NORMAL-5090771-0001.jpeg,dataset_1,NORMAL,NORMAL,0,18dd192882b6f040c361d903f2aed1a7348bd2c7d907cbaf8187a4e0071329dc,9979471e1a474f1c,False
img_003584,e:\Final_Project\Pnuemonia_Detection\data\raw_datasets\dataset_1\train\PNEUMONIA\BACTERIA-6569688-0002.jpeg,dataset_1,PNEUMONIA,BACTERIAL,1,9bf3e5b32ce2c6d0b12e7312570c89b6cd411eadd903f5377b7821b7c6f1de14,90746f3ee71a0987,False
img_003994,e:\Final_Project\Pnuemonia_Detection\data\raw_datasets\dataset_1\train\PNEUMONIA\BACTERIA-8166596-0001.jpeg,dataset_1,PNEUMONIA,BACTERIAL,1,0d7f5f8c68ac9ed2e649ae6bae3072a42bf1ebeb2956d2d1c08d7a2ff8c6ffae,d43f66023ab5b135,False
img_002073,e:\Final_Project\Pnuemonia_Detection\data\raw_datasets\dataset_1\train\PNEUMONIA\BACTERIA-1345487-0001.jpeg,dataset_1,PNEUMONIA,BACTERIAL,1,fefe6cfa9096cdc7fb3dd3436fd2276900a101038c77545d52afc46749fa6839,90eda63aef3a806c,False
img_004095,e:\Final_Project\Pnuemonia_Detection\data\raw_datasets\dataset_1\train\PNEUMONIA\BACTERIA-8451938-0001.jpeg,dataset_1,PNEUMONIA,BACTERIAL,1,904a4402197a4dd87b44a495f3aaef5a61f13c43b959a86c4c3f7ac25a1cbeea,d7abe00117d10f1f,False
img_004858,e:\Final_Project\Pnuemonia_Detection\data\raw_datasets\dataset_1\train\PNEUMONIA\VIRUS-348175-0002.jpeg,dataset_1,PNEUMONIA,VIRAL,2,bfecd6e7d0b70b1959e2ae379d364fb525e33d6b63d2507f8cabc259367c2ade,902be35eeb4b2c61,False
img_002399,e:\Final_Project\Pnuemonia_Detection\data\raw_datasets\dataset_1\train\PNEUMONIA\BACTERIA-2571942-0001.jpeg,dataset_1,PNEUMONIA,BACTERIAL,1,e58c11ad81d993c545b14903a04a627674242ee69afd8132e25ea1828846bd1b,91a1c60ec27ef0cf,False
img_001827,e:\Final_Project\Pnuemonia_Detection\data\raw_datasets\dataset_1\train\NORMAL\NORMAL-9042885-0001.jpeg,dataset_1,NORMAL,NORMAL,0,7c1ac7be3be6cf66abb694628bdbe6865f707b7b7b7d7dbb502a9f9ff8dae022,917fcf1a19491cd8,False
img_002673,e:\Final_Project\Pnuemonia_Detection\data\raw_datasets\dataset_1\train\PNEUMONIA\BACTERIA-3568664-0001.jpeg,dataset_1,PNEUMONIA,BACTERIAL,1,7f7ce175cb1c2739fc55993a91aa052e3bbcca741d4bd53c852c279b0acd2e9e,d03ebf9397949094,False
img_003948,e:\Final_Project\Pnuemonia_Detection\data\raw_datasets\dataset_1\train\PNEUMONIA\BACTERIA-8034950-0002.jpeg,dataset_1,PNEUMONIA,BACTERIAL,1,a652929bfb267e874cdf01940ed15c4e587ec63fd04422076fb16486f1167608,902ffe1a10153ecf,False
img_000291,e:\Final_Project\Pnuemonia_Detection\data\raw_datasets\dataset_1\test\PNEUMONIA\BACTERIA-3436159-0001.jpeg,dataset_1,PNEUMONIA,BACTERIAL,1,ddfca2cec363f34db64a502b03e8a354c43e564a93453b8564695e01f3400be5,d0aee71e91431dd2,False
img_000375,e:\Final_Project\Pnuemonia_Detection\data\raw_datasets\dataset_1\test\PNEUMONIA\BACTERIA-6168941-0002.jpeg,dataset_1,PNEUMONIA,BACTERIAL,1,489d8b66af11426f8fa2bcb3bab07705e710d1fcdfd1a0e6c712f81d58fec9d5,902be21efa5e5c43,False
img_004052,e:\Final_Project\Pnuemonia_Detection\data\raw_datasets\dataset_1\train\PNEUMONIA\BACTERIA-8322901-0001.jpeg,dataset_1,PNEUMONIA,BACTERIAL,1,a10dda144959f77c7589b2c874da00d9649e34ee96660b87ef8d720083524154,d420c31bff4b3cc4,False
img_000716,e:\Final_Project\Pnuemonia_Detection\data\raw_datasets\dataset_1\train\NORMAL\NORMAL-170867-0001.jpeg,dataset_1,NORMAL,NORMAL,0,44380cf86b6ec2a81ec45e7a1eecc794c5b428fcf99245057780352b8f31084a,91be871a0d1f5996,False
img_003703,e:\Final_Project\Pnuemonia_Detection\data\raw_datasets\dataset_1\train\PNEUMONIA\BACTERIA-7150503-0001.jpeg,dataset_1,PNEUMONIA,BACTERIAL,1,3bf1ba28afe601a9c2c446f7a58887d4dfc3328b5aad3966a4732959eed9ea96,d0efa71fd54f000a,False
img_002750,e:\Final_Project\Pnuemonia_Detection\data\raw_datasets\dataset_1\train\PNEUMONIA\BACTERIA-3828519-0002.jpeg,dataset_1,PNEUMONIA,BACTERIAL,1,7cfa00d851dd529c1ba63029e8cb3f7b52bd7fe5891566bba2e1d065273efdf1,903bb218555596df,False
img_001087,e:\Final_Project\Pnuemonia_Detection\data\raw_datasets\dataset_1\train\NORMAL\NORMAL-4047118-0001.jpeg,dataset_1,NORMAL,NORMAL,0,fd0e0bee3c21364ff581df819f9b400dcaaeeb2abc35d5fd5c0bb9daad3cfb57,d1e4c729cd6d09c6,False
img_000012,e:\Final_Project\Pnuemonia_Detection\data\raw_datasets\dataset_1\test\NORMAL\NORMAL-1520670-0001.jpeg,dataset_1,NORMAL,NORMAL,0,2453213f313221f434a32efa550efa6be95c5c26b954d9616c32036a453a9ba6,902aca5ede591d4b,False
img_005444,e:\Final_Project\Pnuemonia_Detection\data\raw_datasets\dataset_1\train\PNEUMONIA\VIRUS-7139008-0001.jpeg,dataset_1,PNEUMONIA,VIRAL,2,ea749bf1cad77287dbe89dba909476df45e5ed74f9f086e2ebe70ae2f63a5f86,902bea3ada197c4b,False
img_000730,e:\Final_Project\Pnuemonia_Detection\data\raw_datasets\dataset_1\train\NORMAL\NORMAL-1842649-0001.jpeg,dataset_1,NORMAL,NORMAL,0,4c70044412ccc437441f392a24969025f512ba0d5db798eb56aea118ac7a6376,8129c67af8693979,False
img_001541,e:\Final_Project\Pnuemonia_Detection\data\raw_datasets\dataset_1\train\NORMAL\NORMAL-7140141-0002.jpeg,dataset_1,NORMAL,NORMAL,0,bf759bb26d19bd5e2196b41cf25b59456c686723c7e0bcfb55f314610bc6b933,9560c678cd2d6dc6,False
img_005560,e:\Final_Project\Pnuemonia_Detection\data\raw_datasets\dataset_1\train\PNEUMONIA\VIRUS-7985583-0001.jpeg,dataset_1,PNEUMONIA,VIRAL,2,c260ab9cbfb159da81833212bc56f0c30b1db32f06a45b5d4f25db38e4921e0d,812fc60e1c493dfb,False
img_001949,e:\Final_Project\Pnuemonia_Detection\data\raw_datasets\dataset_1\train\NORMAL\NORMAL-9862823-0001.jpeg,dataset_1,NORMAL,NORMAL,0,74721f3bebdbbfc43b33b5019e185ff5bd5d8f441cba186b88c77bb621958d86,c129e27ada5e7854,False
img_003545,e:\Final_Project\Pnuemonia_Detection\data\raw_datasets\dataset_1\train\PNEUMONIA\BACTERIA-649767-0001.jpeg,dataset_1,PNEUMONIA,BACTERIAL,1,7ff3b0ecedce1e844c6a3deef7f492fdffdf392631019957af02c6dc396594d9,912de32af869386b,False
img_005807,e:\Final_Project\Pnuemonia_Detection\data\raw_datasets\dataset_1\train\PNEUMONIA\VIRUS-9624424-0002.jpeg,dataset_1,PNEUMONIA,VIRAL,2,8ddde7b25b3adac49d807575fcc94ad452e043464d4c7007ab3deaf83b41fb97,85ab825fb600fdd2,False
img_003094,e:\Final_Project\Pnuemonia_Detection\data\raw_datasets\dataset_1\train\PNEUMONIA\BACTERIA-5023591-0003.jpeg,dataset_1,PNEUMONIA,BACTERIAL,1,4d229756c7bb38294b0004aa2c2106028f3d6bc0548a9267feffbbd9790935a8,c02ff55d514f502b,False
img_002790,e:\Final_Project\Pnuemonia_Detection\data\raw_datasets\dataset_1\train\PNEUMONIA\BACTERIA-3935703-0001.jpeg,dataset_1,PNEUMONIA,BACTERIAL,1,c10191a514305c0983c5f808c8534a0ea928063514c20b7c3c01d8ef84f7d82f,952fa738904be1e3,False
img_001467,e:\Final_Project\Pnuemonia_Detection\data\raw_datasets\dataset_1\train\NORMAL\NORMAL-6847348-0001.jpeg,dataset_1,NORMAL,NORMAL,0,21c42b4a3a987e270ac28217cdcbe6a1daec9adbbb0728e23061dacfdcfee773,812bc65ab44737d6,False
img_002874,e:\Final_Project\Pnuemonia_Detection\data\raw_datasets\dataset_1\train\PNEUMONIA\BACTERIA-4313165-0002.jpeg,dataset_1,PNEUMONIA,BACTERIAL,1,3e56b15effe2f25016400b26575671a0227051aea474f1bd147f97101e6f649d,90aaef1c164f19cb,False
img_001104,e:\Final_Project\Pnuemonia_Detection\data\raw_datasets\dataset_1\train\NORMAL\NORMAL-4178405-0001.jpeg,dataset_1,NORMAL,NORMAL,0,8f3239f8007a3802c066fde4f6ad808efc9d01f8b022efbda60b8614d61903ed,91fc873a8d2c2dcc,False
img_001700,e:\Final_Project\Pnuemonia_Detection\data\raw_datasets\dataset_1\train\NORMAL\NORMAL-8236228-0001.jpeg,dataset_1,NORMAL,NORMAL,0,62b34d931e4b0522f4a0ccffad7587ed4810e79d590c77c809640a82c046be08,917dce3a891939cc,False
img_005496,e:\Final_Project\Pnuemonia_Detection\data\raw_datasets\dataset_1\train\PNEUMONIA\VIRUS-7520236-0003.jpeg,dataset_1,PNEUMONIA,VIRAL,2,eb8aeacbcf89a7919aba8cb19ff49e1b6e9cc385ac55e1a8bd8bab4f6170f31b,913fd418b171b5cc,False
img_000006,e:\Final_Project\Pnuemonia_Detection\data\raw_datasets\dataset_1\test\NORMAL\NORMAL-1212407-0001.jpeg,dataset_1,NORMAL,NORMAL,0,0923b42edc04fba6a7f1532024106b6c67cb293a8144ae7bdb06a68e79434f79,d064c61bc56db4ce,False
img_004274,e:\Final_Project\Pnuemonia_Detection\data\raw_datasets\dataset_1\train\PNEUMONIA\BACTERIA-9072988-0003.jpeg,dataset_1,PNEUMONIA,BACTERIAL,1,45f5a2267de7b329ee355a3b7a2c83f84e452eabc34181015bab9d36e9dcdf4a,d42ce31fc31dd04d,False
img_003286,e:\Final_Project\Pnuemonia_Detection\data\raw_datasets\dataset_1\train\PNEUMONIA\BACTERIA-556216-0002.jpeg,dataset_1,PNEUMONIA,BACTERIAL,1,8bac08a7f25ff6e00b7b126904e77e0d11694402e6cf7d64660c63f14fcbc2a0,d42fff5a5a420f10,False
img_004692,e:\Final_Project\Pnuemonia_Detection\data\raw_datasets\dataset_1\train\PNEUMONIA\VIRUS-2358368-0002.jpeg,dataset_1,PNEUMONIA,VIRAL,2,792f2085faed04d60df6435e89a74c60056a35f49d49b442cf70a58e95c1e549,d42ea33ec20b92eb,False
img_002509,e:\Final_Project\Pnuemonia_Detection\data\raw_datasets\dataset_1\train\PNEUMONIA\BACTERIA-3000214-0003.jpeg,dataset_1,PNEUMONIA,BACTERIAL,1,a3fcf07df370f47cfff7598e84aef268778bcb4ac31ff99aa44b9b29f3f6f07c,903f961c9e3e1e07,False
img_002712,e:\Final_Project\Pnuemonia_Detection\data\raw_datasets\dataset_1\train\PNEUMONIA\BACTERIA-3694850-0001.jpeg,dataset_1,PNEUMONIA,BACTERIAL,1,a7589b6a228cf970e0e6a53cb4c1fed5b0917fd13aa234cc9f62b2a3d09724af,986bf61e6218bc4d,False
img_000396,e:\Final_Project\Pnuemonia_Detection\data\raw_datasets\dataset_1\test\PNEUMONIA\BACTERIA-6950003-0007.jpeg,dataset_1,PNEUMONIA,BACTERIAL,1,4d47cf537a11260253e4f7209234a6d4bb19153ba4eb6eb979ca597af74b9712,d06ead0b82fac378,False
img_004120,e:\Final_Project\Pnuemonia_Detection\data\raw_datasets\dataset_1\train\PNEUMONIA\BACTERIA-853038-0001.jpeg,dataset_1,PNEUMONIA,BACTERIAL,1,6281eaabd1b982461a83186451d77b602782bf4fbb97c15317b55e6d8e1cda68,94f4c31bc30fb04f,False
img_000625,e:\Final_Project\Pnuemonia_Detection\data\raw_datasets\dataset_1\train\NORMAL\NORMAL-1003233-0001.jpeg,dataset_1,NORMAL,NORMAL,0,1b0cc79a57b88cc4bc7988227aad571797d7eebcf2d08377492c8633e4037acb,91fd873a38693968,False
img_004952,e:\Final_Project\Pnuemonia_Detection\data\raw_datasets\dataset_1\train\PNEUMONIA\VIRUS-3966302-0002.jpeg,dataset_1,PNEUMONIA,VIRAL,2,b2c065fd958cf31f8edf835a84247c020a00356c2192cc744e9d59e3d67cb645,913fe63e9c4a3c48,False
img_002066,e:\Final_Project\Pnuemonia_Detection\data\raw_datasets\dataset_1\train\PNEUMONIA\BACTERIA-1332623-0002.jpeg,dataset_1,PNEUMONIA,BACTERIAL,1,8cbc8705eddd1696b67c100e9e0baad8198be85570310d2488866f42d0cefc34,946e031f4f1f2c4e,False
img_000518,e:\Final_Project\Pnuemonia_Detection\data\raw_datasets\dataset_1\test\PNEUMONIA\VIRUS-3522052-0001.jpeg,dataset_1,PNEUMONIA,VIRAL,2,b1183de813dcf5eff13bada86e6bc0024dbf6f52344c7d3e60d8aca4ce6ce376,947fe63ea31bb800,False
img_004176,e:\Final_Project\Pnuemonia_Detection\data\raw_datasets\dataset_1\train\PNEUMONIA\BACTERIA-8690813-0002.jpeg,dataset_1,PNEUMONIA,BACTERIAL,1,a0d214c21e42acde8ed3515537c5eca2da9ed54b396bc6407793b4b0507c97ba,916ea71a051d3d4f,False
img_000924,e:\Final_Project\Pnuemonia_Detection\data\raw_datasets\dataset_1\train\NORMAL\NORMAL-3079343-0001.jpeg,dataset_1,NORMAL,NORMAL,0,c0264db3cedfb4a12947e41e58426dcaa6775d490ae5600147192cbf8df2f530,99b9c61eda5a184b,False
img_004538,e:\Final_Project\Pnuemonia_Detection\data\raw_datasets\dataset_1\train\PNEUMONIA\VIRUS-1146347-0002.jpeg,dataset_1,PNEUMONIA,VIRAL,2,5c7190775ab000423a91b96ab6b6dd52c30d8d5dd867b91c7f3e07adc217123d,9039521e1e1f3d3d,False
img_003794,e:\Final_Project\Pnuemonia_Detection\data\raw_datasets\dataset_1\train\PNEUMONIA\BACTERIA-7478658-0001.jpeg,dataset_1,PNEUMONIA,BACTERIAL,1,89e6a8dc6e6a3b1ded62ada3aebc2eec3c9935aa9933b47c3681686437e2cf5c,90e2ef3ac73ac039,False
img_003293,e:\Final_Project\Pnuemonia_Detection\data\raw_datasets\dataset_1\train\PNEUMONIA\BACTERIA-558657-0001.jpeg,dataset_1,PNEUMONIA,BACTERIAL,1,3dd74c365a3af529b1e5a29f33d4c07d12e4769b68a2985abb4875f081368043,946de33ac21f344d,False
img_000210,e:\Final_Project\Pnuemonia_Detection\data\raw_datasets\dataset_1\test\NORMAL\NORMAL-8661138-0001.jpeg,dataset_1,NORMAL,NORMAL,0,0273c9b5296a2e78a7fd65bc17cd05a93cbbf61892786ad15bc50d91efaa16ff,d96ec61a434b3d4c,False
img_005499,e:\Final_Project\Pnuemonia_Detection\data\raw_datasets\dataset_1\train\PNEUMONIA\VIRUS-7549981-0001.jpeg,dataset_1,PNEUMONIA,VIRAL,2,85b1f6f583080a78a6465ffd64c829837c2e0320d0e6a46d6ab33d5f8021d5b7,81becf1ec9996984,False
img_001093,e:\Final_Project\Pnuemonia_Detection\data\raw_datasets\dataset_1\train\NORMAL\NORMAL-4092650-0002.jpeg,dataset_1,NORMAL,NORMAL,0,316c43142d87d195cb4497c4c27781f02b563e18291cdc941704fa8fe8b96372,806acb5a5b5d38da,False
img_002500,e:\Final_Project\Pnuemonia_Detection\data\raw_datasets\dataset_1\train\PNEUMONIA\BACTERIA-2965742-0001.jpeg,dataset_1,PNEUMONIA,BACTERIAL,1,9b605985571e6bbbdd4e1ed85a21ce450d51584519a581a8da839c6e8acac15e,903d9011bdfddc49,False
img_003456,e:\Final_Project\Pnuemonia_Detection\data\raw_datasets\dataset_1\train\PNEUMONIA\BACTERIA-6162954-0004.jpeg,dataset_1,PNEUMONIA,BACTERIAL,1,a01f26c91cd5552f5b61aaa495dbe7e11798dec5359f313a4663693f9dbdd227,c03ae7176c972d19,False
img_002851,e:\Final_Project\Pnuemonia_Detection\data\raw_datasets\dataset_1\train\PNEUMONIA\BACTERIA-4206166-0001.jpeg,dataset_1,PNEUMONIA,BACTERIAL,1,da03c6d516c2757424dccf60e77b08bdd90e866bb686c6c54f8f68660b8b4b54,c4369719856bb16b,False
img_003370,e:\Final_Project\Pnuemonia_Detection\data\raw_datasets\dataset_1\train\PNEUMONIA\BACTERIA-5839760-0002.jpeg,dataset_1,PNEUMONIA,BACTERIAL,1,3c2db48b2a576b59bbaa03e91e95d6bc8e4001c34e3022866e52d11821df13be,913ffe1e413ca518,False
img_005768,e:\Final_Project\Pnuemonia_Detection\data\raw_datasets\dataset_1\train\PNEUMONIA\VIRUS-9363974-0002.jpeg,dataset_1,PNEUMONIA,VIRAL,2,f1584ee6b51adc0f40aeecab4c7c38e2f4d5ac8089639c69d690c40c33f12550,c02fa32db8e93cf0,False
img_000229,e:\Final_Project\Pnuemonia_Detection\data\raw_datasets\dataset_1\test\NORMAL\NORMAL-9441169-0001.jpeg,dataset_1,NORMAL,NORMAL,0,f6349cca75a3e7317176139fa81448850a58824b07833eacf885cc19a59be81e,c13fc70dcc4939c3,False
img_003822,e:\Final_Project\Pnuemonia_Detection\data\raw_datasets\dataset_1\train\PNEUMONIA\BACTERIA-7620642-0003.jpeg,dataset_1,PNEUMONIA,BACTERIAL,1,e48c04c145ffc997c9e0616cdac0ee9ed6e3d2275c3cc8dca0104be8bcceba74,9833d31ad24f1ac7,False
img_004908,e:\Final_Project\Pnuemonia_Detection\data\raw_datasets\dataset_1\train\PNEUMONIA\VIRUS-3722564-0006.jpeg,dataset_1,PNEUMONIA,VIRAL,2,8b97f11226f67173e1b02c0dd37401cb2e56cd8d0f54cd4b12c0b5ed9889f627,816b677656525a5a,False
img_004418,e:\Final_Project\Pnuemonia_Detection\data\raw_datasets\dataset_1\train\PNEUMONIA\BACTERIA-9582372-0001.jpeg,dataset_1,PNEUMONIA,BACTERIAL,1,0f41cb1e5f5bc535094b3db0ab4074956a1d25ac6486f386f002471480ee0899,c03aa13dd36d9745,False
img_000513,e:\Final_Project\Pnuemonia_Detection\data\raw_datasets\dataset_1\test\PNEUMONIA\VIRUS-3225323-0001.jpeg,dataset_1,PNEUMONIA,VIRAL,2,d31277d7bd63b7ed22d045486b4d22536a3411c8a9bc396990978dd6eaee219e,d1ee8f3a87290d86,False
img_005451,e:\Final_Project\Pnuemonia_Detection\data\raw_datasets\dataset_1\train\PNEUMONIA\VIRUS-7201196-0005.jpeg,dataset_1,PNEUMONIA,VIRAL,2,a69f3771fe6a5674ca1ad075363d6190604a7ff4e837cbbb51899319229d1966,906fef3cc238c13c,False
img_005462,e:\Final_Project\Pnuemonia_Detection\data\raw_datasets\dataset_1\train\PNEUMONIA\VIRUS-7251175-0001.jpeg,dataset_1,PNEUMONIA,VIRAL,2,40609770bd60802df4a1fa07de927ebd4f2ec5d9d8f620a69ca52a0a0f06210c,91e0873b871a5bce,False
img_003797,e:\Final_Project\Pnuemonia_Detection\data\raw_datasets\dataset_1\train\PNEUMONIA\BACTERIA-7505456-0003.jpeg,dataset_1,PNEUMONIA,BACTERIAL,1,6d63ba0cfc61b67be3a66438a1351a2cd84c2bf7a634402ef1940fb1fbbd8568,d03ee31b1c5b3cc4,False
img_004684,e:\Final_Project\Pnuemonia_Detection\data\raw_datasets\dataset_1\train\PNEUMONIA\VIRUS-2253626-0002.jpeg,dataset_1,PNEUMONIA,VIRAL,2,883feb9cbcb4da3464eeae79e7c48df779106df2e7e36f48251155a8ef3c5863,d03cc20b9bc86dfc,False
img_004070,e:\Final_Project\Pnuemonia_Detection\data\raw_datasets\dataset_1\train\PNEUMONIA\BACTERIA-8352890-0001.jpeg,dataset_1,PNEUMONIA,BACTERIAL,1,eebc1d1d908cccbab74144a3bfd67a15c0e9a46ca5233d1baad0077939223ad0,d0a5c31fe44d3cc3,False
img_003059,e:\Final_Project\Pnuemonia_Detection\data\raw_datasets\dataset_1\train\PNEUMONIA\BACTERIA-492273-0001.jpeg,dataset_1,PNEUMONIA,BACTERIAL,1,6b731bf3d7b0b66f3cc71cd5dfbda926ecdc7423f4197a99f4916f464d834359,d02fcb1b554d1e4a,False
img_004573,e:\Final_Project\Pnuemonia_Detection\data\raw_datasets\dataset_1\train\PNEUMONIA\VIRUS-134339-0002.jpeg,dataset_1,PNEUMONIA,VIRAL,2,bc59058a37b304acc64dddd6534c377d4a7bfa76e1ff965ef5baff0381282705,9067c61ac13df24f,False
img_004829,e:\Final_Project\Pnuemonia_Detection\data\raw_datasets\dataset_1\train\PNEUMONIA\VIRUS-3149471-0002.jpeg,dataset_1,PNEUMONIA,VIRAL,2,1268c7792ab19b0336f0506be3c677441b3fa708fad86ae8fbf6d8e0da651c44,d474c63ded1c480f,False
img_005039,e:\Final_Project\Pnuemonia_Detection\data\raw_datasets\dataset_1\train\PNEUMONIA\VIRUS-4617189-0009.jpeg,dataset_1,PNEUMONIA,VIRAL,2,4e64f7a4fa87cbec8a8340eae1cc4010d241101c1e21d54775c14a74c572cac1,9025c61ac31bbd6f,False
img_002096,e:\Final_Project\Pnuemonia_Detection\data\raw_datasets\dataset_1\train\PNEUMONIA\BACTERIA-1519598-0001.jpeg,dataset_1,PNEUMONIA,BACTERIAL,1,ebce58bf74d5d8f5519287d33944143a65a49510d16e8432d5198b463cca3c61,9929c71ed20eb64e,False
img_005276,e:\Final_Project\Pnuemonia_Detection\data\raw_datasets\dataset_1\train\PNEUMONIA\VIRUS-6071902-0001.jpeg,dataset_1,PNEUMONIA,VIRAL,2,37485bebc7a1610a6e9fa6f5aa7e64ba07352bdd0b410b94cd3c2d813520360e,916fde180a78cb4b,False
img_003100,e:\Final_Project\Pnuemonia_Detection\data\raw_datasets\dataset_1\train\PNEUMONIA\BACTERIA-5044617-0002.jpeg,dataset_1,PNEUMONIA,BACTERIAL,1,282c1e7db67a988b16f38800e5fe3c6e9d8ff1215fa6cb0dd63437cd6ae31398,d5bfaf3a8b0b3800,False
img_001338,e:\Final_Project\Pnuemonia_Detection\data\raw_datasets\dataset_1\train\NORMAL\NORMAL-5791834-0001.jpeg,dataset_1,NORMAL,NORMAL,0,2fc314d8f9356a3fb46949886d28fe64a429c3bd8c713993f32382a3b8d44712,d47ec70f8d2c2cc4,False
img_000084,e:\Final_Project\Pnuemonia_Detection\data\raw_datasets\dataset_1\test\NORMAL\NORMAL-4190414-0001.jpeg,dataset_1,NORMAL,NORMAL,0,891d24355ef3314fef747a8ff14264ced38bc62877209e6cca3e22b187f0ac57,946f873a8d2d5cc4,False
img_004319,e:\Final_Project\Pnuemonia_Detection\data\raw_datasets\dataset_1\train\PNEUMONIA\BACTERIA-92115-0001.jpeg,dataset_1,PNEUMONIA,BACTERIAL,1,e5a9a3a26b05c2d86eb92e9353ac3638c0facd5f54be01f636d93aed5d91463c,d079785e6538e23c,False
img_002873,e:\Final_Project\Pnuemonia_Detection\data\raw_datasets\dataset_1\train\PNEUMONIA\BACTERIA-4313165-0001.jpeg,dataset_1,PNEUMONIA,BACTERIAL,1,3e10ff154f8b6bd73e6cfcbc025705b391763bdf4531fac73b8cb6b91a3f4783,d47ce33e828b1b83,False
img_004994,e:\Final_Project\Pnuemonia_Detection\data\raw_datasets\dataset_1\train\PNEUMONIA\VIRUS-4320648-0006.jpeg,dataset_1,PNEUMONIA,VIRAL,2,b015d6eed705ec8dd819285c67d6e591067aca95d1ab8a2b922bbebc348676e9,957eae1e080a1d5f,False
img_004898,e:\Final_Project\Pnuemonia_Detection\data\raw_datasets\dataset_1\train\PNEUMONIA\VIRUS-3696109-0002.jpeg,dataset_1,PNEUMONIA,VIRAL,2,be3cc718f88cbe808a4e5ad3193506087cbbece1454450910e7d8cc2c2a8e25a,9164863ac539b56f,False
img_001127,e:\Final_Project\Pnuemonia_Detection\data\raw_datasets\dataset_1\train\NORMAL\NORMAL-4314990-0001.jpeg,dataset_1,NORMAL,NORMAL,0,0553ad826ad75fef190d4983c9d38b2a85e0327e10262ac7c03b48cefae328fa,d92dc63a9c693c4c,False
img_000629,e:\Final_Project\Pnuemonia_Detection\data\raw_datasets\dataset_1\train\NORMAL\NORMAL-1029510-0001.jpeg,dataset_1,NORMAL,NORMAL,0,d7d799df94ad1e778fb0516f1894b9466564fa5dbc5a51f576a182c616c4e4da,d02dc60fcc6d3cc6,False
img_003381,e:\Final_Project\Pnuemonia_Detection\data\raw_datasets\dataset_1\train\PNEUMONIA\BACTERIA-5882940-0005.jpeg,dataset_1,PNEUMONIA,BACTERIAL,1,f981dca20e467c146d8671f5feb54b15e52da86131ef710513985cc7a0bdf9ee,9137e63eea4a3892,False
img_002446,e:\Final_Project\Pnuemonia_Detection\data\raw_datasets\dataset_1\train\PNEUMONIA\BACTERIA-2784562-0004.jpeg,dataset_1,PNEUMONIA,BACTERIAL,1,136a5850001e68799f4e644491c9483925ea6e777cad1f80a7854489d5667e5d,906dc73ac65a31da,False
img_002439,e:\Final_Project\Pnuemonia_Detection\data\raw_datasets\dataset_1\train\PNEUMONIA\BACTERIA-274469-0001.jpeg,dataset_1,PNEUMONIA,BACTERIAL,1,d8626470361d89fa22632e3e78a9605d015d41fcfde04a98ed9d8ad6773b4819,d46a232e871f611f,False
img_000275,e:\Final_Project\Pnuemonia_Detection\data\raw_datasets\dataset_1\test\PNEUMONIA\BACTERIA-2429208-0001.jpeg,dataset_1,PNEUMONIA,BACTERIAL,1,e47695861b0de7a6c86db32897bc3ebfa2bbbfc9ee41e7ce3cb185a437430e33,986f871a4b58655e,False
img_005421,e:\Final_Project\Pnuemonia_Detection\data\raw_datasets\dataset_1\train\PNEUMONIA\VIRUS-696130-0002.jpeg,dataset_1,PNEUMONIA,VIRAL,2,51af744d17c57de13aa6cd704bff42a1580580c487fd062fe0b3170324f63ffa,913fe67ae84b3841,False
img_005753,e:\Final_Project\Pnuemonia_Detection\data\raw_datasets\dataset_1\train\PNEUMONIA\VIRUS-9310133-0002.jpeg,dataset_1,PNEUMONIA,VIRAL,2,3adb6d6aef8073abd795afaac1d6a24d0fc7c78f1761b4639c088364753e8016,947a6b5a1a5a3d38,False
img_004494,e:\Final_Project\Pnuemonia_Detection\data\raw_datasets\dataset_1\train\PNEUMONIA\BACTERIA-9922492-0001.jpeg,dataset_1,PNEUMONIA,BACTERIAL,1,df72f7b4e05c8f15a4f13c8781eadb7945b5187631d70a58db2a4164a6bdc44b,9539e1631fdcc017,False
img_004848,e:\Final_Project\Pnuemonia_Detection\data\raw_datasets\dataset_1\train\PNEUMONIA\VIRUS-3361977-0002.jpeg,dataset_1,PNEUMONIA,VIRAL,2,5ae205b7c64de67f49c4289e4ef05527aa98076c4f976e64e837657513a239e6,df3fe01e545d3840,False
img_005088,e:\Final_Project\Pnuemonia_Detection\data\raw_datasets\dataset_1\train\PNEUMONIA\VIRUS-4926863-0002.jpeg,dataset_1,PNEUMONIA,VIRAL,2,a9ffa9cde326c98b32e8b9dffe0a9f2b09b0c244139e273e0cdbb10ff8a58c64,d87dd71b827ac04a,False
img_000666,e:\Final_Project\Pnuemonia_Detection\data\raw_datasets\dataset_1\train\NORMAL\NORMAL-1352927-0001.jpeg,dataset_1,NORMAL,NORMAL,0,b1a1e0959c049b3196871251a6160058aa85d5fa874528c39bb97d03614ec455,9129e23ab86939f9,False
img_001123,e:\Final_Project\Pnuemonia_Detection\data\raw_datasets\dataset_1\train\NORMAL\NORMAL-4271375-0001.jpeg,dataset_1,NORMAL,NORMAL,0,b4222ce7140fc1e83014c86b3dc944f48effb65a522ae17f88699c19d623d7d8,816e861acd7d38e5,False
img_004980,e:\Final_Project\Pnuemonia_Detection\data\raw_datasets\dataset_1\train\PNEUMONIA\VIRUS-4178213-0002.jpeg,dataset_1,PNEUMONIA,VIRAL,2,f078f4bf0f2eba38c086cce73742ecad3f8640217d7bb1d4dcf03dd3dba554db,916de63abe5a3c08,False
img_003373,e:\Final_Project\Pnuemonia_Detection\data\raw_datasets\dataset_1\train\PNEUMONIA\BACTERIA-5854977-0001.jpeg,dataset_1,PNEUMONIA,BACTERIAL,1,6c25ad0a3931c49a3f51a6e21c9bcf4b3f31187cfb207b0c242b504029c75dc9,912bee3ecc493cc8,False
img_002567,e:\Final_Project\Pnuemonia_Detection\data\raw_datasets\dataset_1\train\PNEUMONIA\BACTERIA-324273-0001.jpeg,dataset_1,PNEUMONIA,BACTERIAL,1,627003ac437a26cc9aa812d10eced7a2ab2671e666f33fe0e29ca48750f42044,d431c69ac339b54d,False
img_002711,e:\Final_Project\Pnuemonia_Detection\data\raw_datasets\dataset_1\train\PNEUMONIA\BACTERIA-3690865-0004.jpeg,dataset_1,PNEUMONIA,BACTERIAL,1,3372725df7465040ee3d41b526556b83a6416df640c88fbb1a855cfe79f5cc34,9165967a8679a55a,False
img_005251,e:\Final_Project\Pnuemonia_Detection\data\raw_datasets\dataset_1\train\PNEUMONIA\VIRUS-5887222-0002.jpeg,dataset_1,PNEUMONIA,VIRAL,2,1b91449407e0f650e574cdd1732705cd2ad0c91d9e5886aa6003101d10bdfbbf,80b6e71f53197c25,False
img_005606,e:\Final_Project\Pnuemonia_Detection\data\raw_datasets\dataset_1\train\PNEUMONIA\VIRUS-8281277-0003.jpeg,dataset_1,PNEUMONIA,VIRAL,2,9dfa25c8307702ad1f943d20608a73bbe6a7d1d01a594fd012f1fe208f435cff,9138e37af44e6c16,False
img_002159,e:\Final_Project\Pnuemonia_Detection\data\raw_datasets\dataset_1\train\PNEUMONIA\BACTERIA-1732809-0001.jpeg,dataset_1,PNEUMONIA,BACTERIAL,1,a6a386616eee528466ff0e3937f5c35a069651d4d70a52d8eebc297d3f3cc486,853de24a5878697d,False
img_003110,e:\Final_Project\Pnuemonia_Detection\data\raw_datasets\dataset_1\train\PNEUMONIA\BACTERIA-5080455-0001.jpeg,dataset_1,PNEUMONIA,BACTERIAL,1,ff3a489d63ece016a734d0bb36f83fd689d24b9bee2e1148ca6366a4a5c8e887,d03fe71e34903d91,False
img_004817,e:\Final_Project\Pnuemonia_Detection\data\raw_datasets\dataset_1\train\PNEUMONIA\VIRUS-3112269-0001.jpeg,dataset_1,PNEUMONIA,VIRAL,2,b6dadfdc17d642e3409fa5e536813df2cd6409ad8b4533911af4c372a363321d,d0eecb1bc54d104f,False
img_000397,e:\Final_Project\Pnuemonia_Detection\data\raw_datasets\dataset_1\test\PNEUMONIA\BACTERIA-6987875-0001.jpeg,dataset_1,PNEUMONIA,BACTERIAL,1,5eb833628fe61989f0a3d9640fc774305a08f6a633f5b0cefaecb10b0d53a63c,d0395756164a3f6a,False
img_002520,e:\Final_Project\Pnuemonia_Detection\data\raw_datasets\dataset_1\train\PNEUMONIA\BACTERIA-3030593-0001.jpeg,dataset_1,PNEUMONIA,BACTERIAL,1,89368f7e7f80d83c35d135c40f656885b0bff012c7b4baae6f8ef59f146237dc,c06ee7cbc349e183,False
img_002471,e:\Final_Project\Pnuemonia_Detection\data\raw_datasets\dataset_1\train\PNEUMONIA\BACTERIA-284986-0001.jpeg,dataset_1,PNEUMONIA,BACTERIAL,1,9c0cad84e27f79620c3d48762d9ae4445c31abe19c638075a10f6991f40761ee,946aebaaabab8843,False
img_004826,e:\Final_Project\Pnuemonia_Detection\data\raw_datasets\dataset_1\train\PNEUMONIA\VIRUS-3146191-0003.jpeg,dataset_1,PNEUMONIA,VIRAL,2,37e777e0c4c534cd6f8c5c8d7d3112f5885ab5cbc422cbe4f689e42448cb87e1,912bea3eda1a384b,False
img_003624,e:\Final_Project\Pnuemonia_Detection\data\raw_datasets\dataset_1\train\PNEUMONIA\BACTERIA-6737390-0001.jpeg,dataset_1,PNEUMONIA,BACTERIAL,1,b0fa6ff033c478810631a0834d748c19d0c20f6bacff1a1e41ce817f230173d9,912dc61edc4b1dc9,False
img_003807,e:\Final_Project\Pnuemonia_Detection\data\raw_datasets\dataset_1\train\PNEUMONIA\BACTERIA-7533287-0001.jpeg,dataset_1,PNEUMONIA,BACTERIAL,1,3a96f22c70437553e1f7605944b69138a6c3d3d0454298b0121a42cce73c7bd8,946a07110d557dfd,False
img_000688,e:\Final_Project\Pnuemonia_Detection\data\raw_datasets\dataset_1\train\NORMAL\NORMAL-1507671-0003.jpeg,dataset_1,NORMAL,NORMAL,0,3ae074e83e181b18a4c4cc3fa8e0a128f90104378791c181365d01e81b6f67a6,907ec73a8d2d38e4,False
img_005303,e:\Final_Project\Pnuemonia_Detection\data\raw_datasets\dataset_1\train\PNEUMONIA\VIRUS-6178447-0002.jpeg,dataset_1,PNEUMONIA,VIRAL,2,f9f1fe256dd41a952959eacfe8ee72d10cf078b2836a02e2e448149516f1c4f7,9074c71fd34f904b,False
img_004484,e:\Final_Project\Pnuemonia_Detection\data\raw_datasets\dataset_1\train\PNEUMONIA\BACTERIA-990412-0001.jpeg,dataset_1,PNEUMONIA,BACTERIAL,1,adc707e24cab8d3743c7b61bdb55ab1861f55aff85df407e2985ea8902735d9a,912be73cc43cc8ad,False
img_005790,e:\Final_Project\Pnuemonia_Detection\data\raw_datasets\dataset_1\train\PNEUMONIA\VIRUS-9539563-0001.jpeg,dataset_1,PNEUMONIA,VIRAL,2,0349565402092a40ef3496f5f5b5eddb1abcde69c50e0925efcc8aa772cdd544,c0fea758d17cc066,False
img_004187,e:\Final_Project\Pnuemonia_Detection\data\raw_datasets\dataset_1\train\PNEUMONIA\BACTERIA-8705009-0006.jpeg,dataset_1,PNEUMONIA,BACTERIAL,1,81ec32d860fe0ad4ed731b1660b9d33b7486642b5bd89455a894e52ea819a21c,c83dd34a92693eb2,False
img_000059,e:\Final_Project\Pnuemonia_Detection\data\raw_datasets\dataset_1\test\NORMAL\NORMAL-3293997-0001.jpeg,dataset_1,NORMAL,NORMAL,0,da02e6c07dfcf71354c3836741b82acad883b5ce35c6dec42063d8729d84e9e6,8129c61eda6a3d79,False
img_000642,e:\Final_Project\Pnuemonia_Detection\data\raw_datasets\dataset_1\train\NORMAL\NORMAL-1080088-0001.jpeg,dataset_1,NORMAL,NORMAL,0,87f8bf6b9737768786a56329b0c876d9abaeef90ac0fb9834c04b91c80791c9e,95ecce388d4d4cc6,False
img_004833,e:\Final_Project\Pnuemonia_Detection\data\raw_datasets\dataset_1\train\PNEUMONIA\VIRUS-3232588-0002.jpeg,dataset_1,PNEUMONIA,VIRAL,2,6c3067d5f3b05c184c19f6a3f1c10be967099c8fb1564cd7ea3bb6d305f21830,d4e0a7aba30f830f,False
img_003918,e:\Final_Project\Pnuemonia_Detection\data\raw_datasets\dataset_1\train\PNEUMONIA\BACTERIA-7882471-0006.jpeg,dataset_1,PNEUMONIA,BACTERIAL,1,69640af82caee7925cc793a6b686cae5dc4fe3c9a87f34d20fbb8e6c532c81f8,d4eea31fd5090467,False
img_000103,e:\Final_Project\Pnuemonia_Detection\data\raw_datasets\dataset_1\test\NORMAL\NORMAL-5083836-0001.jpeg,dataset_1,NORMAL,NORMAL,0,524cfbe83fdae9e506db60020b9df9baabb6925030a3577341b253779f4d2d64,8567c749c54bb1c3,False
img_003511,e:\Final_Project\Pnuemonia_Detection\data\raw_datasets\dataset_1\train\PNEUMONIA\BACTERIA-6372841-0001.jpeg,dataset_1,PNEUMONIA,BACTERIAL,1,d6d961eb094b560e250c36c858a3f76ea35521fc20cc753b9d18a4b5b5edf83b,d42f8f1f490cc54e,False
img_004283,e:\Final_Project\Pnuemonia_Detection\data\raw_datasets\dataset_1\train\PNEUMONIA\BACTERIA-9084290-0001.jpeg,dataset_1,PNEUMONIA,BACTERIAL,1,a75db1d0d0f1db8402dde8ef179eb398aac2809523c35f70bccbb874d6f549a9,9461c29e933ba16f,False
img_002302,e:\Final_Project\Pnuemonia_Detection\data\raw_datasets\dataset_1\train\PNEUMONIA\BACTERIA-2190092-0004.jpeg,dataset_1,PNEUMONIA,BACTERIAL,1,77453b5fb0e110f5bf7e01b6569fe57d4120f00f21e18bbf2762c003e5a75ac8,8a28eb1fda0fc40f,False
img_003031,e:\Final_Project\Pnuemonia_Detection\data\raw_datasets\dataset_1\train\PNEUMONIA\BACTERIA-4742760-0001.jpeg,dataset_1,PNEUMONIA,BACTERIAL,1,c7db271d64932fbadb317105e329de16a657eb998d51f148ecd895d1b3610894,d42aab1e961b1f8a,False
img_000119,e:\Final_Project\Pnuemonia_Detection\data\raw_datasets\dataset_1\test\NORMAL\NORMAL-5459424-0001.jpeg,dataset_1,NORMAL,NORMAL,0,b5f1e535c1846ac8882ac03b50081403d4902214a882e685bb04fffaee936602,913ed61a9c583dd4,False
img_001944,e:\Final_Project\Pnuemonia_Detection\data\raw_datasets\dataset_1\train\NORMAL\NORMAL-9816293-0002.jpeg,dataset_1,NORMAL,NORMAL,0,a598b0ee85002f97277e650c0d3cf96a0781ada981581ed460b06acab75d3beb,913bde5e5c591941,False
img_002414,e:\Final_Project\Pnuemonia_Detection\data\raw_datasets\dataset_1\train\PNEUMONIA\BACTERIA-2618307-0001.jpeg,dataset_1,PNEUMONIA,BACTERIAL,1,a3739685b4e33b86ddab76aff46da3e0e29076c078caa89803dfbd7ffe1c5a77,d02b7f5e5d524a18,False
img_002345,e:\Final_Project\Pnuemonia_Detection\data\raw_datasets\dataset_1\train\PNEUMONIA\BACTERIA-2394612-0003.jpeg,dataset_1,PNEUMONIA,BACTERIAL,1,b03ca48e631dc5c7030914725814bdb63210a88d9c8be51b59061e96a76c202d,d03caf8e0b874b59,False
img_003334,e:\Final_Project\Pnuemonia_Detection\data\raw_datasets\dataset_1\train\PNEUMONIA\BACTERIA-5678659-0001.jpeg,dataset_1,PNEUMONIA,BACTERIAL,1,9904f0fec6adc349c35452fa9909721b9dfcb02a254c76b9d329f3432151ed39,c03d9669bc6c3c3c,False
img_005691,e:\Final_Project\Pnuemonia_Detection\data\raw_datasets\dataset_1\train\PNEUMONIA\VIRUS-8750763-0002.jpeg,dataset_1,PNEUMONIA,VIRAL,2,9abe9d4f174e3765d16f656f274962bc454f3bce82c8d0c1252eae40e9d81bf9,80a1e73ef4ca3ed0,False
img_000907,e:\Final_Project\Pnuemonia_Detection\data\raw_datasets\dataset_1\train\NORMAL\NORMAL-2926567-0001.jpeg,dataset_1,NORMAL,NORMAL,0,9ec771ca465157bc47c06ada3e5d849d2e90c16454dcd8fbd111974e4a3f6609,9839c61ada4a3f78,False
img_005234,e:\Final_Project\Pnuemonia_Detection\data\raw_datasets\dataset_1\train\PNEUMONIA\VIRUS-5724853-0002.jpeg,dataset_1,PNEUMONIA,VIRAL,2,3059dc3d177cbfed397acb66ea1de2c556a7ecbbe6152f5bcc36217ec45e8372,d4f4a73aa70b2986,False
img_003839,e:\Final_Project\Pnuemonia_Detection\data\raw_datasets\dataset_1\train\PNEUMONIA\BACTERIA-7682235-0001.jpeg,dataset_1,PNEUMONIA,BACTERIAL,1,48ebee67a497fb1f855460aec74a76c0ce048f5bb88f6988781b95bed788f3d2,d03c676f5d4a4a19,False
img_002680,e:\Final_Project\Pnuemonia_Detection\data\raw_datasets\dataset_1\train\PNEUMONIA\BACTERIA-3583475-0001.jpeg,dataset_1,PNEUMONIA,BACTERIAL,1,a660160fc618ece9dbb41fc37ba61e618ad264ed32438b8b3877abb1d8c409a7,d46fa71b8b1b4825,False
img_005408,e:\Final_Project\Pnuemonia_Detection\data\raw_datasets\dataset_1\train\PNEUMONIA\VIRUS-6838768-0002.jpeg,dataset_1,PNEUMONIA,VIRAL,2,21c76f63efe9896496180734a4cd1b7e9efdace18278d19a5078e05b85606d3f,903be57cf82a38a9,False
img_001120,e:\Final_Project\Pnuemonia_Detection\data\raw_datasets\dataset_1\train\NORMAL\NORMAL-4241606-0001.jpeg,dataset_1,NORMAL,NORMAL,0,3bf3a4f3126b434562964d4e35dcd009f7dc344048e0a3dd84bbf2553167b1c0,992dc61aeb6b3868,False
img_000833,e:\Final_Project\Pnuemonia_Detection\data\raw_datasets\dataset_1\train\NORMAL\NORMAL-2460811-0001.jpeg,dataset_1,NORMAL,NORMAL,0,0aabe89623539adc54eb9b1bf1d3b94c57fdb92a0e27d6990a12ee6a1a0d87d6,91a4c639ec6d38ce,False
img_004054,e:\Final_Project\Pnuemonia_Detection\data\raw_datasets\dataset_1\train\PNEUMONIA\BACTERIA-8324394-0002.jpeg,dataset_1,PNEUMONIA,BACTERIAL,1,1f867ec1b33d78c7ddfe859c36b8afcf94b7121b9a6699c2381e34e0049120cc,d26fa71d160d9193,False
img_005022,e:\Final_Project\Pnuemonia_Detection\data\raw_datasets\dataset_1\train\PNEUMONIA\VIRUS-4462203-0008.jpeg,dataset_1,PNEUMONIA,VIRAL,2,72a79090aa5881a1420ca56d6270b9d8fa3fa38af2be74956a7c995715c39729,901ce1e33bb8e1c7,False
img_005090,e:\Final_Project\Pnuemonia_Detection\data\raw_datasets\dataset_1\train\PNEUMONIA\VIRUS-4935451-0002.jpeg,dataset_1,PNEUMONIA,VIRAL,2,274ee132b99253e88df18b1b2ea9faf49c40c82b5b30cf8b9668b7b03bf51448,94a0e31fe03ff04b,False
img_001992,e:\Final_Project\Pnuemonia_Detection\data\raw_datasets\dataset_1\train\PNEUMONIA\BACTERIA-1083680-0002.jpeg,dataset_1,PNEUMONIA,BACTERIAL,1,6c6e7dd1413b6e21561dc8a4f225ddbf970fb42b2d1a15582aa8deaa6057c46c,90aaef3dd14b38c2,False
img_005389,e:\Final_Project\Pnuemonia_Detection\data\raw_datasets\dataset_1\train\PNEUMONIA\VIRUS-6715985-0002.jpeg,dataset_1,PNEUMONIA,VIRAL,2,e527dfa1aed9de91004aafac4354355d250c970df49c89748373be6f4a2db9fc,9478e53fba830b38,False
img_001694,e:\Final_Project\Pnuemonia_Detection\data\raw_datasets\dataset_1\train\NORMAL\NORMAL-8201650-0001.jpeg,dataset_1,NORMAL,NORMAL,0,494936d64cfda9a5c1a4660c48ed340d3abc1f0233619cc461161d4458150a1a,91a98e1ab9793959,False
img_001903,e:\Final_Project\Pnuemonia_Detection\data\raw_datasets\dataset_1\train\NORMAL\NORMAL-9543520-0001.jpeg,dataset_1,NORMAL,NORMAL,0,64e607036ca212fbb5f8944aedc32d751ae3255860b5c0e40c983a44b77df0b5,81beee9a594f1341,False
img_004651,e:\Final_Project\Pnuemonia_Detection\data\raw_datasets\dataset_1\train\PNEUMONIA\VIRUS-1914722-0002.jpeg,dataset_1,PNEUMONIA,VIRAL,2,c5bafdf6cc8ec830d5f5d68afac0e9dd21e476673e031daab74925eab7086599,d47ce31bc3874985,False
img_004350,e:\Final_Project\Pnuemonia_Detection\data\raw_datasets\dataset_1\train\PNEUMONIA\BACTERIA-9361672-0001.jpeg,dataset_1,PNEUMONIA,BACTERIAL,1,df5a2741f398375dc37187fea3ebc00ecccdc784aa68e7eca4180a31501fe002,8a2f1e1a4a28ef79,False
img_005519,e:\Final_Project\Pnuemonia_Detection\data\raw_datasets\dataset_1\train\PNEUMONIA\VIRUS-7710693-0001.jpeg,dataset_1,PNEUMONIA,VIRAL,2,4a1d35d1f1f4ce5258127758156182c8f52cbe039b1277cc9a352858e44f8962,d06de75ae96b3840,False
img_004670,e:\Final_Project\Pnuemonia_Detection\data\raw_datasets\dataset_1\train\PNEUMONIA\VIRUS-2110654-0002.jpeg,dataset_1,PNEUMONIA,VIRAL,2,0d8ecf502a23b20b0b65af2ad282965929786f80ee20b3a70aecf68139c0dddd,d0fee70d80af2ca2,False
img_001015,e:\Final_Project\Pnuemonia_Detection\data\raw_datasets\dataset_1\train\NORMAL\NORMAL-3684474-0001.jpeg,dataset_1,NORMAL,NORMAL,0,6e0d2c3e342e260233beb65908a8849ab380e0de6d453d512c6055f135a8de78,94788739ad6c3cd4,False
img_004272,e:\Final_Project\Pnuemonia_Detection\data\raw_datasets\dataset_1\train\PNEUMONIA\BACTERIA-9072988-0001.jpeg,dataset_1,PNEUMONIA,BACTERIAL,1,d578d1505726f291889dc441747ce79e1837df0ed495fa416a22b213d0cc822e,9065e612c77aa57c,False
img_001596,e:\Final_Project\Pnuemonia_Detection\data\raw_datasets\dataset_1\train\NORMAL\NORMAL-7436212-0001.jpeg,dataset_1,NORMAL,NORMAL,0,a3deb0ecc35fce916bcce40927d2d4331a4396bc51d13b58cbeace10a712be34,90ade61aeb2d386c,False
img_002232,e:\Final_Project\Pnuemonia_Detection\data\raw_datasets\dataset_1\train\PNEUMONIA\BACTERIA-1984314-0001.jpeg,dataset_1,PNEUMONIA,BACTERIAL,1,ce9281efcd003a7072c4522a73735437265b73cdb0012af366313b78f56623cc,c17e964bc70e0dc3,False
img_000952,e:\Final_Project\Pnuemonia_Detection\data\raw_datasets\dataset_1\train\NORMAL\NORMAL-324309-0001.jpeg,dataset_1,NORMAL,NORMAL,0,0baf7a3ede7e8732ed5d29f929fb3e06570f54205361a08d60aa0f14e0434826,917b5e5e1909398b,False
img_004854,e:\Final_Project\Pnuemonia_Detection\data\raw_datasets\dataset_1\train\PNEUMONIA\VIRUS-3443773-0006.jpeg,dataset_1,PNEUMONIA,VIRAL,2,65597505db9cb9eceacac4937f028c942fd3a6d3f58042d93e89d35d3bacaed5,d47ee30b8b293c83,False
img_004937,e:\Final_Project\Pnuemonia_Detection\data\raw_datasets\dataset_1\train\PNEUMONIA\VIRUS-3887361-0003.jpeg,dataset_1,PNEUMONIA,VIRAL,2,134aca0116133db4c844dc21c9bbb2f310d6396769f95e7d24706ef2e982cfc2,9defa23aa51a811b,False
img_003940,e:\Final_Project\Pnuemonia_Detection\data\raw_datasets\dataset_1\train\PNEUMONIA\BACTERIA-7997783-0001.jpeg,dataset_1,PNEUMONIA,BACTERIAL,1,3f3bb4e8bb72ce8f97178aa17cf8bc635bf696dd895a0a791333d3a6aeaef755,855f6be3091fa870,False
img_002558,e:\Final_Project\Pnuemonia_Detection\data\raw_datasets\dataset_1\train\PNEUMONIA\BACTERIA-3182281-0001.jpeg,dataset_1,PNEUMONIA,BACTERIAL,1,e85d6a4a24fd12d0c5d993c015b97defb069b728c6562505a51fb6e53a2256d0,946feb1e090d3c5c,False
img_002530,e:\Final_Project\Pnuemonia_Detection\data\raw_datasets\dataset_1\train\PNEUMONIA\BACTERIA-3051888-0002.jpeg,dataset_1,PNEUMONIA,BACTERIAL,1,40be5bb04fba856849421fd37b367d14ea0c93a8b650b53101258b35f013211e,9134c31fc639b06f,False
img_002186,e:\Final_Project\Pnuemonia_Detection\data\raw_datasets\dataset_1\train\PNEUMONIA\BACTERIA-1801584-0001.jpeg,dataset_1,PNEUMONIA,BACTERIAL,1,497184295bae9bd8aa01f47657f97135b861ca1cabb9055a324c2cacada5891b,d46ee77aad292884,False
img_002990,e:\Final_Project\Pnuemonia_Detection\data\raw_datasets\dataset_1\train\PNEUMONIA\BACTERIA-4615614-0006.jpeg,dataset_1,PNEUMONIA,BACTERIAL,1,8f4ada0f0e786cac261591bc4e2ca92c4631df22ca58f5d52f283e905a577806,d02fff5a50515456,False
img_000916,e:\Final_Project\Pnuemonia_Detection\data\raw_datasets\dataset_1\train\NORMAL\NORMAL-2996766-0001.jpeg,dataset_1,NORMAL,NORMAL,0,045e6d19faee9f2bc12c72a567bd3b9983c06e57568943fcc57e03c36a702428,817e461a5a4d78ed,False
img_001212,e:\Final_Project\Pnuemonia_Detection\data\raw_datasets\dataset_1\train\NORMAL\NORMAL-4973676-0001.jpeg,dataset_1,NORMAL,NORMAL,0,c68b6bf750484b60fe20b5de15e63c10f7671860bc10881f5e4b7aa29fc4dd83,9075c71aec6c3ce4,False
img_002975,e:\Final_Project\Pnuemonia_Detection\data\raw_datasets\dataset_1\train\PNEUMONIA\BACTERIA-4590061-0003.jpeg,dataset_1,PNEUMONIA,BACTERIAL,1,7984d232675f26f8c8f2122164a26569cd9a4d95fad6c19d1555a2fc2d387a3a,9439e30fb6c21ed2,False
img_004991,e:\Final_Project\Pnuemonia_Detection\data\raw_datasets\dataset_1\train\PNEUMONIA\VIRUS-4293827-0004.jpeg,dataset_1,PNEUMONIA,VIRAL,2,ffd541201a951632269a6860bc32fe9250a63966b20caa7fcd84c94edcde78d9,d0edc73bed38280c,False
img_000943,e:\Final_Project\Pnuemonia_Detection\data\raw_datasets\dataset_1\train\NORMAL\NORMAL-3220570-0001.jpeg,dataset_1,NORMAL,NORMAL,0,c703b47ee9c7f84b9a8b115570d85abce51da998dd12b11c9a393c861b197514,916aef3ae80f48c6,False
img_002667,e:\Final_Project\Pnuemonia_Detection\data\raw_datasets\dataset_1\train\PNEUMONIA\BACTERIA-3523856-0001.jpeg,dataset_1,PNEUMONIA,BACTERIAL,1,a428e9af80d8c133440631b4b073df6bd2e04f614daf6aafb64fb44e56b51b27,85eeee3b8f0e080e,False
img_001010,e:\Final_Project\Pnuemonia_Detection\data\raw_datasets\dataset_1\train\NORMAL\NORMAL-3644944-0001.jpeg,dataset_1,NORMAL,NORMAL,0,4493aa5bbb120b11a2c12fe847eaf49af56ec30ccf303bfb615efaead428e256,90ed871abb3f3824,False
img_004655,e:\Final_Project\Pnuemonia_Detection\data\raw_datasets\dataset_1\train\PNEUMONIA\VIRUS-1962363-0001.jpeg,dataset_1,PNEUMONIA,VIRAL,2,3455d62c379957852d8fe49440a9bacb38d41dc17bba2d512517880b7a2e08e2,d16e4e4b0d2e3936,False
img_001771,e:\Final_Project\Pnuemonia_Detection\data\raw_datasets\dataset_1\train\NORMAL\NORMAL-8688367-0001.jpeg,dataset_1,NORMAL,NORMAL,0,0ef422c557d3906089df0476cd639073cb531aacf25cbe48c34092ae8b8fd431,957c873a8d3d2c8c,False
img_000182,e:\Final_Project\Pnuemonia_Detection\data\raw_datasets\dataset_1\test\NORMAL\NORMAL-7423096-0001.jpeg,dataset_1,NORMAL,NORMAL,0,06459d0427c0345671e853253d1b37b3b545db2379b267cac4345e310fc8cff8,d4ecc25bd34b184e,False
img_005603,e:\Final_Project\Pnuemonia_Detection\data\raw_datasets\dataset_1\train\PNEUMONIA\VIRUS-8276936-0003.jpeg,dataset_1,PNEUMONIA,VIRAL,2,d27eeee3cb7d091ed7dc9532c89fb67a1567777e6ec07f4f506d57c1679af6b4,912bc21e595d5d59,False
img_000766,e:\Final_Project\Pnuemonia_Detection\data\raw_datasets\dataset_1\train\NORMAL\NORMAL-2068214-0001.jpeg,dataset_1,NORMAL,NORMAL,0,451dde6a1178c50474687f141421fbd1caae6f9ebb119856df5c8b3079a7a322,913ce61ae8cd6995,False
img_005993,e:\Final_Project\Pnuemonia_Detection\data\raw_datasets\dataset_2\test\NORMAL\NORMAL2-IM-0238-0001.jpeg,dataset_2,NORMAL,NORMAL,0,05e7a6e94e6d99fab5ce91a72f134ee113f294e76ab3c60baa878efd068fe85d,9075c63ea42fb84b,False
img_002568,e:\Final_Project\Pnuemonia_Detection\data\raw_datasets\dataset_1\train\PNEUMONIA\BACTERIA-324273-0002.jpeg,dataset_1,PNEUMONIA,BACTERIAL,1,1a33c2e25eba579d92488e1beede16ff8e8ef93bd3ed62d57ef5e09ad8d514a9,c82ea71f830b19d7,False
img_004946,e:\Final_Project\Pnuemonia_Detection\data\raw_datasets\dataset_1\train\PNEUMONIA\VIRUS-3923358-0002.jpeg,dataset_1,PNEUMONIA,VIRAL,2,5e61d429778963fee4d803eac6bbf480fadc6bfbe32a609806b04a4b2d5f192f,91e5c63ac20bf0cf,False
img_005751,e:\Final_Project\Pnuemonia_Detection\data\raw_datasets\dataset_1\train\PNEUMONIA\VIRUS-9289090-0001.jpeg,dataset_1,PNEUMONIA,VIRAL,2,772a68da3850cfdc801b3bb2a3b87b66858290574f1a3ce27be934950e135ea3,9474c61bc34bb16b,False
img_004333,e:\Final_Project\Pnuemonia_Detection\data\raw_datasets\dataset_1\train\PNEUMONIA\BACTERIA-9261663-0001.jpeg,dataset_1,PNEUMONIA,BACTERIAL,1,acfa79c77af26efce6118495adbbae8c6c67c0b5d2f294764710f0d4dbd0aa11,d42fc74f5a413dc0,False
img_004857,e:\Final_Project\Pnuemonia_Detection\data\raw_datasets\dataset_1\train\PNEUMONIA\VIRUS-3451166-0003.jpeg,dataset_1,PNEUMONIA,VIRAL,2,80226db8f444b3e034d144637c39c4f7117ba9f9b752c7cffb7394db8e4f56da,d07ec71face528c0,False
img_002531,e:\Final_Project\Pnuemonia_Detection\data\raw_datasets\dataset_1\train\PNEUMONIA\BACTERIA-3052534-0001.jpeg,dataset_1,PNEUMONIA,BACTERIAL,1,b166a424dd4c734495f11efdb579f62bf9f2288a49016de43849899a7cf9ca63,916e4e184d59e5ce,False
img_000090,e:\Final_Project\Pnuemonia_Detection\data\raw_datasets\dataset_1\test\NORMAL\NORMAL-4512-0001.jpeg,dataset_1,NORMAL,NORMAL,0,a301bf55fcab5c11ccad2b46bd0ee216c85e599a6aee52d4833e796bdb09b58e,d47e873a8d3d28c4,False
img_001100,e:\Final_Project\Pnuemonia_Detection\data\raw_datasets\dataset_1\train\NORMAL\NORMAL-4164846-0002.jpeg,dataset_1,NORMAL,NORMAL,0,63ff932a143ae654a7cb91ea822880f1e37b108f6fb1b39b5e589cd1ebf541b7,817ade5a49793919,False
img_000156,e:\Final_Project\Pnuemonia_Detection\data\raw_datasets\dataset_1\test\NORMAL\NORMAL-6410283-0001.jpeg,dataset_1,NORMAL,NORMAL,0,3dbe4d5765f29dc5817edf6ef0c12cc59ee43a756081f582c4b1ca7a4a402af5,d46ac31fcf8524e2,False
img_003521,e:\Final_Project\Pnuemonia_Detection\data\raw_datasets\dataset_1\train\PNEUMONIA\BACTERIA-6418092-0001.jpeg,dataset_1,PNEUMONIA,BACTERIAL,1,e65da955bd690c79aa850f5f9f25721a1d22b87b1cb60b76ff8b73e7fd320a4f,d06fe61ec22b3c62,False
img_004756,e:\Final_Project\Pnuemonia_Detection\data\raw_datasets\dataset_1\train\PNEUMONIA\VIRUS-2750119-0002.jpeg,dataset_1,PNEUMONIA,VIRAL,2,90b8bfc9e052b4773a86ea815178253b814069b132da0dc5e8dc76d5d9e63221,9d2b875b4b2c2c36,False
img_004582,e:\Final_Project\Pnuemonia_Detection\data\raw_datasets\dataset_1\train\PNEUMONIA\VIRUS-1393486-0002.jpeg,dataset_1,PNEUMONIA,VIRAL,2,41810bf14812d246eed56cbe97be298305d54015940a1d0d6f257e1a4ccea62d,947e831b431f4c4f,False
img_005443,e:\Final_Project\Pnuemonia_Detection\data\raw_datasets\dataset_1\train\PNEUMONIA\VIRUS-7135723-0003.jpeg,dataset_1,PNEUMONIA,VIRAL,2,2f08ce4787af29b4369586166bf0cabc1be3a8a7157f2279fdc126a9d2c3c60f,9574c30b852cf1cf,False
img_001485,e:\Final_Project\Pnuemonia_Detection\data\raw_datasets\dataset_1\train\NORMAL\NORMAL-6943766-0002.jpeg,dataset_1,NORMAL,NORMAL,0,7e5668515be51e8abb9c30a1d76e34a0a397d0d3ed550534e7161a354002725a,d02dc639e9293c6d,False
img_001362,e:\Final_Project\Pnuemonia_Detection\data\raw_datasets\dataset_1\train\NORMAL\NORMAL-597494-0001.jpeg,dataset_1,NORMAL,NORMAL,0,ba55f24095dd1e044903ac5456163d0c1f4b1fe0f03d9b2072cf7b662e891383,98a9c71ed64b58c6,False
img_001853,e:\Final_Project\Pnuemonia_Detection\data\raw_datasets\dataset_1\train\NORMAL\NORMAL-9202622-0001.jpeg,dataset_1,NORMAL,NORMAL,0,9d34b02a24aaf497a90c2c84e27aff0a594ae6b558977a061ab7a447d4f75e60,d12de65b5d491d48,False
img_001054,e:\Final_Project\Pnuemonia_Detection\data\raw_datasets\dataset_1\train\NORMAL\NORMAL-3860648-0001.jpeg,dataset_1,NORMAL,NORMAL,0,80d02b351524239514c423412163e81796ba58b76a21b096fb1119bf8f353a1c,d06c8739e92c69ce,False
img_005309,e:\Final_Project\Pnuemonia_Detection\data\raw_datasets\dataset_1\train\PNEUMONIA\VIRUS-6248618-0002.jpeg,dataset_1,PNEUMONIA,VIRAL,2,5bee54f664ee53112b716f8145edf1a9a1958de5bed770bb43a4b839b07382ac,d42fcb1ffc4c3840,False
img_005795,e:\Final_Project\Pnuemonia_Detection\data\raw_datasets\dataset_1\train\PNEUMONIA\VIRUS-9559998-0003.jpeg,dataset_1,PNEUMONIA,VIRAL,2,873d239480cae471d24a2c536dbcaf4437c061515bf63e918c87823b41b453e1,9165c61eea3b38e1,False
img_005627,e:\Final_Project\Pnuemonia_Detection\data\raw_datasets\dataset_1\train\PNEUMONIA\VIRUS-8375877-0003.jpeg,dataset_1,PNEUMONIA,VIRAL,2,81a1b0e55acd9245d792a743fd89135a5712a4167a9d2b5344d718ac34952ab2,d464c31e93cb39c5,False
img_000085,e:\Final_Project\Pnuemonia_Detection\data\raw_datasets\dataset_1\test\NORMAL\NORMAL-4196521-0001.jpeg,dataset_1,NORMAL,NORMAL,0,0866b550af9ea16cb96e7f43bb702f72fb06e01080f93a653aed6768eef5f8c1,8125c61ed64abeea,False
img_003645,e:\Final_Project\Pnuemonia_Detection\data\raw_datasets\dataset_1\train\PNEUMONIA\BACTERIA-6823523-0003.jpeg,dataset_1,PNEUMONIA,BACTERIAL,1,c44beb8ddf746341fd31b79f2ef7c09120532e485c40e3eca9257337c69352d8,d4efc61e824a5ec2,False
img_003717,e:\Final_Project\Pnuemonia_Detection\data\raw_datasets\dataset_1\train\PNEUMONIA\BACTERIA-7201196-0003.jpeg,dataset_1,PNEUMONIA,BACTERIAL,1,ccf3c6cfcee13eaba416a2b1ce555d7ac311f122aed559d5b874fcf3d703d076,902bea3ece4a3cca,False
img_005788,e:\Final_Project\Pnuemonia_Detection\data\raw_datasets\dataset_1\train\PNEUMONIA\VIRUS-9515846-0002.jpeg,dataset_1,PNEUMONIA,VIRAL,2,02821f431c004072f56184290a269ef18ac33f21f32752eb4812c658f0c5e03f,c02ffa5ed24b5648,False
img_001637,e:\Final_Project\Pnuemonia_Detection\data\raw_datasets\dataset_1\train\NORMAL\NORMAL-7717927-0002.jpeg,dataset_1,NORMAL,NORMAL,0,f18452ddef617946ce1d54e8a3563534600f8d3ab2a686b22c668087feb1799d,d47fa31b8d0c2cc6,False
img_003221,e:\Final_Project\Pnuemonia_Detection\data\raw_datasets\dataset_1\train\PNEUMONIA\BACTERIA-5366209-0002.jpeg,dataset_1,PNEUMONIA,BACTERIAL,1,a52e8878a64823c59fca0e2901510d6d85820b3a69ddfa6503d0af445ee78ef4,942ae2abe307f1c3,False
img_004046,e:\Final_Project\Pnuemonia_Detection\data\raw_datasets\dataset_1\train\PNEUMONIA\BACTERIA-8313249-0005.jpeg,dataset_1,PNEUMONIA,BACTERIAL,1,0fc7d48608c6c1efbe65da597ef1efd67a226c36cfdaaaec6b04a2e86ad64a4f,d07ee71f2d1c2c84,False
img_001209,e:\Final_Project\Pnuemonia_Detection\data\raw_datasets\dataset_1\train\NORMAL\NORMAL-4946392-0001.jpeg,dataset_1,NORMAL,NORMAL,0,614359deecd59e3a2347e1e343c4e899c2b3065e824c36603fbd46d6f291d1ce,91fcc71ac92d7984,False
img_000528,e:\Final_Project\Pnuemonia_Detection\data\raw_datasets\dataset_1\test\PNEUMONIA\VIRUS-3835085-0002.jpeg,dataset_1,PNEUMONIA,VIRAL,2,d93de48df27923f610c658c1466b6847aae43ecb40400f0cc8016eab55e46c0b,d170e75eb8869a29,False
img_003358,e:\Final_Project\Pnuemonia_Detection\data\raw_datasets\dataset_1\train\PNEUMONIA\BACTERIA-580420-0001.jpeg,dataset_1,PNEUMONIA,BACTERIAL,1,ec243aac0f8fe0d350d68b5f87f7252d92542fe1543cd6e6320feaebd958ec70,c0aeaf1b4b1b5545,False
img_001339,e:\Final_Project\Pnuemonia_Detection\data\raw_datasets\dataset_1\train\NORMAL\NORMAL-5799769-0001.jpeg,dataset_1,NORMAL,NORMAL,0,17e7f225546496e60fd8ea86d993ac24908667fd0689a14477f82df462bc4552,d468e26be96868e5,False
img_004178,e:\Final_Project\Pnuemonia_Detection\data\raw_datasets\dataset_1\train\PNEUMONIA\BACTERIA-86966-0001.jpeg,dataset_1,PNEUMONIA,BACTERIAL,1,3793482988fee4fd16da19a7afb94efa34b12b4a140c6e092238a3d86e799d7d,dd74e05ae38538e1,False
img_005394,e:\Final_Project\Pnuemonia_Detection\data\raw_datasets\dataset_1\train\PNEUMONIA\VIRUS-674278-0002.jpeg,dataset_1,PNEUMONIA,VIRAL,2,0fb2d0bcb1b854504cab387c3edafef86fad2cab1285b1e33d2cfb740ea27dd3,99ffe63a820a38ca,False
img_000110,e:\Final_Project\Pnuemonia_Detection\data\raw_datasets\dataset_1\test\NORMAL\NORMAL-528189-0001.jpeg,dataset_1,NORMAL,NORMAL,0,8364cf578ae615b3972283802ac3e95444f7aadeca123099c0f6e573aa380bc0,893ec71ac64f124f,False
img_000980,e:\Final_Project\Pnuemonia_Detection\data\raw_datasets\dataset_1\train\NORMAL\NORMAL-3444356-0001.jpeg,dataset_1,NORMAL,NORMAL,0,4fe6ee38e842e2a3d9a7bbf3a5a144aa9c4e0d32473a41d221cd494fbf416010,956f8f0a094d5cce,False
img_005735,e:\Final_Project\Pnuemonia_Detection\data\raw_datasets\dataset_1\train\PNEUMONIA\VIRUS-9175020-0003.jpeg,dataset_1,PNEUMONIA,VIRAL,2,96607f9583d854ec87d17d4f46e1456cb6d07251769e26c8c31d062da7182b8f,8019e5c33fa5c62f,False
img_000411,e:\Final_Project\Pnuemonia_Detection\data\raw_datasets\dataset_1\test\PNEUMONIA\BACTERIA-7720431-0004.jpeg,dataset_1,PNEUMONIA,BACTERIAL,1,7650b143096cc8865b428cfacf49f37c9ab85ba35fb0e0073bf6d1bc418dc62c,9465e73ac33ba10b,False
img_004334,e:\Final_Project\Pnuemonia_Detection\data\raw_datasets\dataset_1\train\PNEUMONIA\BACTERIA-9269035-0001.jpeg,dataset_1,PNEUMONIA,BACTERIAL,1,dd4cc7a076b424b6c9616f6caa7441a073ef8ecd78b4908dc003de69fefc2c94,9021e71ed64b7c69,False
img_003117,e:\Final_Project\Pnuemonia_Detection\data\raw_datasets\dataset_1\train\PNEUMONIA\BACTERIA-5121478-0001.jpeg,dataset_1,PNEUMONIA,BACTERIAL,1,34d79e0b0cd416c8f516b0d9af75e12b3084d49e074ed8272e351fd5e692125e,903ff014b53fb429,False
img_001998,e:\Final_Project\Pnuemonia_Detection\data\raw_datasets\dataset_1\train\PNEUMONIA\BACTERIA-1083680-0008.jpeg,dataset_1,PNEUMONIA,BACTERIAL,1,c28ad59abf57c73e3a6216169a5e7684cc0adc7964702c900018c423b924b941,982aaf39d77d9048,False
img_005702,e:\Final_Project\Pnuemonia_Detection\data\raw_datasets\dataset_1\train\PNEUMONIA\VIRUS-8871315-0003.jpeg,dataset_1,PNEUMONIA,VIRAL,2,4494a6ca589c52352eee57679dd060a57ff781ea580d76ac3f908b814c4247b8,c41ce412bef11b3d,False
img_005619,e:\Final_Project\Pnuemonia_Detection\data\raw_datasets\dataset_1\train\PNEUMONIA\VIRUS-8343272-0002.jpeg,dataset_1,PNEUMONIA,VIRAL,2,417de5305e6dbe37d59bb16f9f0fa36c8289b08b9cdce784ec8c15742d6ea3c2,d07ec61b9b833991,False
img_006047,e:\Final_Project\Pnuemonia_Detection\data\raw_datasets\dataset_2\test\NORMAL\NORMAL2-IM-0327-0001.jpeg,dataset_2,NORMAL,NORMAL,0,d475c68baf6e3339e4c461b62b7b680cabf736e84f047eb66535cd295bf634a8,9127c33ada5b90cb,False
img_000148,e:\Final_Project\Pnuemonia_Detection\data\raw_datasets\dataset_1\test\NORMAL\NORMAL-6297597-0001.jpeg,dataset_1,NORMAL,NORMAL,0,1076c13e96fd953b0c31826e513a377d678c7bc8fe7159db2a0e39afa5b6dd11,9d2f820f870f1f0b,False
img_004971,e:\Final_Project\Pnuemonia_Detection\data\raw_datasets\dataset_1\train\PNEUMONIA\VIRUS-414834-0001.jpeg,dataset_1,PNEUMONIA,VIRAL,2,4f2f61476e2abf48cf8564b0c6091f227e1dbe04ec2cd1f153c6c2f2deebc7ea,d474c61a934bb54e,False
img_000222,e:\Final_Project\Pnuemonia_Detection\data\raw_datasets\dataset_1\test\NORMAL\NORMAL-9145111-0001.jpeg,dataset_1,NORMAL,NORMAL,0,f00d5705774e1aa4e8e9adaca7ef2898f87fe4edfb95d0e52c77124629380e54,912c8e1a0d5d7dc7,False
img_001986,e:\Final_Project\Pnuemonia_Detection\data\raw_datasets\dataset_1\train\PNEUMONIA\BACTERIA-1065620-0002.jpeg,dataset_1,PNEUMONIA,BACTERIAL,1,025da303773acb3b4c859713f4ca73d0eedc242cc4212117d70edfa80f0224ff,907b571a505b5d59,False
img_000897,e:\Final_Project\Pnuemonia_Detection\data\raw_datasets\dataset_1\train\NORMAL\NORMAL-284113-0001.jpeg,dataset_1,NORMAL,NORMAL,0,16c8a694c91b80f1d97efb91455ab8b3facd6221ea401d740086722d4bad0134,9139c61af9493d78,False
img_002455,e:\Final_Project\Pnuemonia_Detection\data\raw_datasets\dataset_1\train\PNEUMONIA\BACTERIA-2793790-0001.jpeg,dataset_1,PNEUMONIA,BACTERIAL,1,356da47b6abff69b88b479168c66d6f8fdfc001da1358f8a8146bf776e0f2b89,c22aab3cc61dd457,False
img_004032,e:\Final_Project\Pnuemonia_Detection\data\raw_datasets\dataset_1\train\PNEUMONIA\BACTERIA-8288061-0003.jpeg,dataset_1,PNEUMONIA,BACTERIAL,1,28ce24c41573f4ca98339437875c42e67dddbb5250d958408314290076e1528a,917ac63cec2d39c4,False
img_001814,e:\Final_Project\Pnuemonia_Detection\data\raw_datasets\dataset_1\train\NORMAL\NORMAL-9000251-0002.jpeg,dataset_1,NORMAL,NORMAL,0,e6ce5a588c601f70be35bfa8926f7416b39ad18cb8b43407d98f2d4e83bf10c1,d16cc74ae9e529c4,False
img_001299,e:\Final_Project\Pnuemonia_Detection\data\raw_datasets\dataset_1\train\NORMAL\NORMAL-5618998-0001.jpeg,dataset_1,NORMAL,NORMAL,0,07d861a214ef0c0ca974c9b224e5a1e53e9b2615087093cca6de68dfde4a0838,916cc63acd691d4d,False
img_003255,e:\Final_Project\Pnuemonia_Detection\data\raw_datasets\dataset_1\train\PNEUMONIA\BACTERIA-546032-0001.jpeg,dataset_1,PNEUMONIA,BACTERIAL,1,047d3942f2d20fe4d7a23b24ad44114c636dc0be2be39d0da4919669ed043af5,913fff1a988a988a,False
img_002586,e:\Final_Project\Pnuemonia_Detection\data\raw_datasets\dataset_1\train\PNEUMONIA\BACTERIA-3294243-0002.jpeg,dataset_1,PNEUMONIA,BACTERIAL,1,2606eeeeb987a15796af23d90d7321bd9e48f245e208ed2b511bc89cae0de791,917b632f16421e5e,False
img_004117,e:\Final_Project\Pnuemonia_Detection\data\raw_datasets\dataset_1\train\PNEUMONIA\BACTERIA-8528032-0002.jpeg,dataset_1,PNEUMONIA,BACTERIAL,1,6a1bdd9e4a619a9edeacaac904638f929e40ce50c7a00ca8267db8c840abf27e,9555e02eee4e2ae1,False
img_001609,e:\Final_Project\Pnuemonia_Detection\data\raw_datasets\dataset_1\train\NORMAL\NORMAL-7483422-0001.jpeg,dataset_1,NORMAL,NORMAL,0,67ae8f62c16b54d9e1fe811cbff07c52bd26aa139865c547264ad07dba9bedd6,c03eef1e4c591d19,False
img_000851,e:\Final_Project\Pnuemonia_Detection\data\raw_datasets\dataset_1\train\NORMAL\NORMAL-2550592-0002.jpeg,dataset_1,NORMAL,NORMAL,0,c83193451528f96701059c22a4b5c208cde7537150c21fac17e1ec68d40a9045,d46cc71f994d29c4,False
img_002290,e:\Final_Project\Pnuemonia_Detection\data\raw_datasets\dataset_1\train\PNEUMONIA\BACTERIA-215369-0008.jpeg,dataset_1,PNEUMONIA,BACTERIAL,1,e24eb60059307f977d74efe1e1093e149f0357829d2801bb9142602e59ddbc76,8869e51ed61ec31e,False
img_002284,e:\Final_Project\Pnuemonia_Detection\data\raw_datasets\dataset_1\train\PNEUMONIA\BACTERIA-215369-0002.jpeg,dataset_1,PNEUMONIA,BACTERIAL,1,8aedc186f504eb9c127603fdbe15f93eb3b0e1824d4f19236525468b6bc0e1d7,9d686296c33bc34b,False
img_004544,e:\Final_Project\Pnuemonia_Detection\data\raw_datasets\dataset_1\train\PNEUMONIA\VIRUS-1174927-0002.jpeg,dataset_1,PNEUMONIA,VIRAL,2,d34723f88beffc6420aaeea44ff0abc184d694ce5408555e81d9ff5de1da6d7a,d0f4873ba33ba146,False
img_003546,e:\Final_Project\Pnuemonia_Detection\data\raw_datasets\dataset_1\train\PNEUMONIA\BACTERIA-6500745-0001.jpeg,dataset_1,PNEUMONIA,BACTERIAL,1,a9c23afaf7c77cef1c907d54271ee59d4e8b3cfb3abf37d633ba31dfad309999,857cf659580e4b2d,False
img_003063,e:\Final_Project\Pnuemonia_Detection\data\raw_datasets\dataset_1\train\PNEUMONIA\BACTERIA-4932029-0002.jpeg,dataset_1,PNEUMONIA,BACTERIAL,1,28b344b502126b09f3f61a92fa104fce1f088b5eb97a9a43dc6dae88d535560d,81afce4c434fd24b,False
img_003183,e:\Final_Project\Pnuemonia_Detection\data\raw_datasets\dataset_1\train\PNEUMONIA\BACTERIA-5225928-0001.jpeg,dataset_1,PNEUMONIA,BACTERIAL,1,a1f77043a7a799135b37a9c24520984ce1b4108b796c92a7b7ec5e827bcfff80,956a6b38431879cf,False
img_000557,e:\Final_Project\Pnuemonia_Detection\data\raw_datasets\dataset_1\test\PNEUMONIA\VIRUS-5391810-0001.jpeg,dataset_1,PNEUMONIA,VIRAL,2,df1152f7378c278b88580a03806d077e58c48d07dcc6bcac8c7159749697311d,d462a32fbc2ea42e,False
img_003171,e:\Final_Project\Pnuemonia_Detection\data\raw_datasets\dataset_1\train\PNEUMONIA\BACTERIA-5207669-0005.jpeg,dataset_1,PNEUMONIA,BACTERIAL,1,edbbbc0d4ff8bdd573c2cd983a10248eca063b6238a0aa6a87d3b15f739e767c,c862173a831f39cf,False
img_003843,e:\Final_Project\Pnuemonia_Detection\data\raw_datasets\dataset_1\train\PNEUMONIA\BACTERIA-7693090-0004.jpeg,dataset_1,PNEUMONIA,BACTERIAL,1,808f9d642c5504024c30a2c72650317d09a7612b54404198dbce3ae5974230a2,906de31e964a3b4b,False
img_004741,e:\Final_Project\Pnuemonia_Detection\data\raw_datasets\dataset_1\train\PNEUMONIA\VIRUS-2654136-0002.jpeg,dataset_1,PNEUMONIA,VIRAL,2,e4a97bcc3a09bd9de65990f03ef8d4013599e19c26d8bb28ea2dd585b0a11546,d42aeb0f1f4c1c5c,False
img_001234,e:\Final_Project\Pnuemonia_Detection\data\raw_datasets\dataset_1\train\NORMAL\NORMAL-5126891-0001.jpeg,dataset_1,NORMAL,NORMAL,0,998cc54abb2465afaae67496d3abf2c99245cb795b5dd98a2a2be23a0132fba4,944dc31bcb49dce2,False
img_005531,e:\Final_Project\Pnuemonia_Detection\data\raw_datasets\dataset_1\train\PNEUMONIA\VIRUS-7794093-0007.jpeg,dataset_1,PNEUMONIA,VIRAL,2,da609bdbef51a62e7f74e6495bf34997e74da81e69e756bc576af73eb6861d4f,802bef3ef44eb083,False
img_000497,e:\Final_Project\Pnuemonia_Detection\data\raw_datasets\dataset_1\test\PNEUMONIA\VIRUS-2102459-0001.jpeg,dataset_1,PNEUMONIA,VIRAL,2,12d1f61650c0cc88af53f4e68ecc54893632e73855d56f776dbae5a911f04d0b,916ce71ab4ca3d92,False
img_004501,e:\Final_Project\Pnuemonia_Detection\data\raw_datasets\dataset_1\train\PNEUMONIA\BACTERIA-9947988-0001.jpeg,dataset_1,PNEUMONIA,BACTERIAL,1,036c90f87c8fd2efdfd4ebfef426ebeabf46aaec5ce39eb82c61b421b1c1b26b,d42bd75d5c481c1e,False
img_005641,e:\Final_Project\Pnuemonia_Detection\data\raw_datasets\dataset_1\train\PNEUMONIA\VIRUS-8488185-0005.jpeg,dataset_1,PNEUMONIA,VIRAL,2,05bbb287951c4d93d0f48e48dfbe6ef816340cebb684e6ba49ccb2896a3ad5d6,912de63af86b3849,False
img_002656,e:\Final_Project\Pnuemonia_Detection\data\raw_datasets\dataset_1\train\PNEUMONIA\BACTERIA-348175-0001.jpeg,dataset_1,PNEUMONIA,BACTERIAL,1,40802663f1c734c063045a9467bbf645caf1cc6c38d55e6cb2dcd141352b0a68,c83d430a1acf7d3c,False
img_005358,e:\Final_Project\Pnuemonia_Detection\data\raw_datasets\dataset_1\train\PNEUMONIA\VIRUS-6550250-0002.jpeg,dataset_1,PNEUMONIA,VIRAL,2,c37b1afd11d2c0dabe36b12a4ee122a6289bf6932d710abf4020fc14ea2a98b3,940ae1b7d7e25a4a,False
img_004016,e:\Final_Project\Pnuemonia_Detection\data\raw_datasets\dataset_1\train\PNEUMONIA\BACTERIA-8281277-0001.jpeg,dataset_1,PNEUMONIA,BACTERIAL,1,caf5723aef7c6c00400a3236fa6f1c262bd597136f0370151e845a6e79eb7b53,952dc61eb8693969,False
img_002732,e:\Final_Project\Pnuemonia_Detection\data\raw_datasets\dataset_1\train\PNEUMONIA\BACTERIA-3724089-0002.jpeg,dataset_1,PNEUMONIA,BACTERIAL,1,663ccab783c1924d7e91418a115c569e22555d366e6bb20396d2afd14698304f,d06aeb3fe149414b,False
img_001323,e:\Final_Project\Pnuemonia_Detection\data\raw_datasets\dataset_1\train\NORMAL\NORMAL-5724628-0001.jpeg,dataset_1,NORMAL,NORMAL,0,1d9fbe6e2a1e2af64a8e0eccf294aff84b9425c573bb75255bb067dcd871eb17,913bc63a9959199b,False
img_005154,e:\Final_Project\Pnuemonia_Detection\data\raw_datasets\dataset_1\train\PNEUMONIA\VIRUS-5272604-0002.jpeg,dataset_1,PNEUMONIA,VIRAL,2,68f8e4909d36d60b63f779ed23504380a39159c3052bca50e2e65cecb43ea81f,956e0f1815594d7d,False
img_002883,e:\Final_Project\Pnuemonia_Detection\data\raw_datasets\dataset_1\train\PNEUMONIA\BACTERIA-4329463-0001.jpeg,dataset_1,PNEUMONIA,BACTERIAL,1,fa8274c617a4dd5692c17c904ca329ff2dc29d7109851c4d34d28b39e8e0e135,902feb1e9e4b2e0a,False
img_002281,e:\Final_Project\Pnuemonia_Detection\data\raw_datasets\dataset_1\train\PNEUMONIA\BACTERIA-2147615-0002.jpeg,dataset_1,PNEUMONIA,BACTERIAL,1,f0d1eb7d5ed5d84160da95cf368ab3a5fe6fca8803676d20b896aee35b55a57b,d066f21fe9092db4,False
img_002937,e:\Final_Project\Pnuemonia_Detection\data\raw_datasets\dataset_1\train\PNEUMONIA\BACTERIA-4456962-0002.jpeg,dataset_1,PNEUMONIA,BACTERIAL,1,143afdb83b2ebee36af23fe80b711c62ef8fc428b273b3e5a9ea465928a5d2fb,d12fc75e1e4a164a,False
img_000525,e:\Final_Project\Pnuemonia_Detection\data\raw_datasets\dataset_1\test\PNEUMONIA\VIRUS-3828598-0001.jpeg,dataset_1,PNEUMONIA,VIRAL,2,0066170eaa91d425e95bdd6384c97e51823c1062f465565cfc5e64ec61ea7217,91b5e7bee08aa886,False
img_001449,e:\Final_Project\Pnuemonia_Detection\data\raw_datasets\dataset_1\train\NORMAL\NORMAL-6661503-0001.jpeg,dataset_1,NORMAL,NORMAL,0,109eee27bd520f4837cc737ec47fec7234d6a355c9e9d317d9471103020485b5,906de73a894f38cc,False
img_000617,e:\Final_Project\Pnuemonia_Detection\data\raw_datasets\dataset_1\test\PNEUMONIA\VIRUS-9476607-0001.jpeg,dataset_1,PNEUMONIA,VIRAL,2,490c4590cf747bf024d7b0dade8f79f02df328774371195c3afb191865c83210,d005c31f9dc9bcca,False
img_001888,e:\Final_Project\Pnuemonia_Detection\data\raw_datasets\dataset_1\train\NORMAL\NORMAL-9427315-0001.jpeg,dataset_1,NORMAL,NORMAL,0,eb49fa75ba489d705f03b575698bcb1df3751313d59824adaf7404f2d89f795b,85feaf0a090d4dc7,False
img_002841,e:\Final_Project\Pnuemonia_Detection\data\raw_datasets\dataset_1\train\PNEUMONIA\BACTERIA-4170270-0003.jpeg,dataset_1,PNEUMONIA,BACTERIAL,1,719a0cdea08abd28e9748ef24c9794e549e77d085c6b04a9ab1bec811099044f,d02aeaafa60f9790,False
img_004395,e:\Final_Project\Pnuemonia_Detection\data\raw_datasets\dataset_1\train\PNEUMONIA\BACTERIA-9530903-0003.jpeg,dataset_1,PNEUMONIA,BACTERIAL,1,10b76a7bd28cf38804d9f39e56c616b1ded3a80cda70ec49d622296759b26602,da2fa23c566a384d,False
img_000171,e:\Final_Project\Pnuemonia_Detection\data\raw_datasets\dataset_1\test\NORMAL\NORMAL-7031638-0001.jpeg,dataset_1,NORMAL,NORMAL,0,9ab44d1cd11cf6c57fee479c6f803a4aaf9271905981c8b9430dadb8b87d161d,9174a73a873b9932,False
img_003474,e:\Final_Project\Pnuemonia_Detection\data\raw_datasets\dataset_1\train\PNEUMONIA\BACTERIA-6251494-0001.jpeg,dataset_1,PNEUMONIA,BACTERIAL,1,63fce160a3d3c5b0f60bfb55fa42a6f9dbee99f097427d090cf768e3ffc0de87,903dc51d970f3947,False
img_003875,e:\Final_Project\Pnuemonia_Detection\data\raw_datasets\dataset_1\train\PNEUMONIA\BACTERIA-7772454-0003.jpeg,dataset_1,PNEUMONIA,BACTERIAL,1,ee62cf33ddae179a75edd5f2186816ef7d62df87c051cfa5856e951f861cef00,913bee1c514a39d9,False
img_001221,e:\Final_Project\Pnuemonia_Detection\data\raw_datasets\dataset_1\train\NORMAL\NORMAL-5042453-0001.jpeg,dataset_1,NORMAL,NORMAL,0,1dd44d4f803e1eb9afac9a81d70cea2c19a1f1d3e60f3e2f779e0b73a6d40389,907faf3a0b0b384d,False
img_005580,e:\Final_Project\Pnuemonia_Detection\data\raw_datasets\dataset_1\train\PNEUMONIA\VIRUS-8096528-0001.jpeg,dataset_1,PNEUMONIA,VIRAL,2,4abfb914e62d18c161c81c8c81bdf7242ab471f3ed4d0194ad2e2e6b16ed1ede,d57fab0f8b09c086,False
img_005219,e:\Final_Project\Pnuemonia_Detection\data\raw_datasets\dataset_1\train\PNEUMONIA\VIRUS-5670779-0002.jpeg,dataset_1,PNEUMONIA,VIRAL,2,b025a5e3ec3cf704f0c9cb7145cf36730e8cfc45365e2b52aa2ed0f8f764027f,d4efaf0f414c4c0e,False
img_004825,e:\Final_Project\Pnuemonia_Detection\data\raw_datasets\dataset_1\train\PNEUMONIA\VIRUS-3141540-0002.jpeg,dataset_1,PNEUMONIA,VIRAL,2,2117166e464b6b24e655ce4446b1ccb182a16b3cfc5358378313e41d4be9a2d9,9029c61ede4c3df4,False
img_001513,e:\Final_Project\Pnuemonia_Detection\data\raw_datasets\dataset_1\train\NORMAL\NORMAL-7033377-0002.jpeg,dataset_1,NORMAL,NORMAL,0,f471db2afc0e3a6b2fd90500907b4cd2cab8dd334e944c37848a8554fd6a77b7,813be71e3a945939,False
img_005189,e:\Final_Project\Pnuemonia_Detection\data\raw_datasets\dataset_1\train\PNEUMONIA\VIRUS-5465856-0003.jpeg,dataset_1,PNEUMONIA,VIRAL,2,ffa3d0bc588684f2bf21a580f0425931f05c6599aca6b033d3e4e51d792c8aaa,d0eaa73d2d8c3c45,False
img_001757,e:\Final_Project\Pnuemonia_Detection\data\raw_datasets\dataset_1\train\NORMAL\NORMAL-8622264-0001.jpeg,dataset_1,NORMAL,NORMAL,0,e5a860aa5754159a65f6d1ecb95a43ea51dacb97711f38b2f683cde4cef98590,986bc21adf591d49,False
img_002475,e:\Final_Project\Pnuemonia_Detection\data\raw_datasets\dataset_1\train\PNEUMONIA\BACTERIA-2864526-0001.jpeg,dataset_1,PNEUMONIA,BACTERIAL,1,0de2800feb44b19b28e36aabaa5f2205f2237523a098860d3133a991788472ba,d022e33ba5cb2dd2,False
img_003769,e:\Final_Project\Pnuemonia_Detection\data\raw_datasets\dataset_1\train\PNEUMONIA\BACTERIA-7430292-0003.jpeg,dataset_1,PNEUMONIA,BACTERIAL,1,cde7105903d4f19370ae3c0b96f9bb0e39f45f1372568ff16871b5e04ef190b8,902aea5fcc0e78cb,False
img_002746,e:\Final_Project\Pnuemonia_Detection\data\raw_datasets\dataset_1\train\PNEUMONIA\BACTERIA-3797663-0001.jpeg,dataset_1,PNEUMONIA,BACTERIAL,1,edcba1627464be6f8298bfffdfca1ebdc97a821f0455d4897cf2c06e1b9dea66,d072d31be13db00f,False
img_001044,e:\Final_Project\Pnuemonia_Detection\data\raw_datasets\dataset_1\train\NORMAL\NORMAL-3852346-0002.jpeg,dataset_1,NORMAL,NORMAL,0,363995835bf94ba7c814c2b935d593dec7204683a3bf505281c0fbb6bcd87db8,d47e873b8d2d2886,False
img_003739,e:\Final_Project\Pnuemonia_Detection\data\raw_datasets\dataset_1\train\PNEUMONIA\BACTERIA-7317904-0001.jpeg,dataset_1,PNEUMONIA,BACTERIAL,1,46f257f29e79e3f61a7c3c076b6f8d065bd258e1936a76b8bdc243c7b3cb039e,94ffaf088729a31a,False
img_003410,e:\Final_Project\Pnuemonia_Detection\data\raw_datasets\dataset_1\train\PNEUMONIA\BACTERIA-6003459-0002.jpeg,dataset_1,PNEUMONIA,BACTERIAL,1,6479b85cd289bea1c554faeeb323337705a0d59ce9ec26a041d6ca40ff099518,c02f6f5f4d4d0d0c,False
img_000310,e:\Final_Project\Pnuemonia_Detection\data\raw_datasets\dataset_1\test\PNEUMONIA\BACTERIA-40699-0001.jpeg,dataset_1,PNEUMONIA,BACTERIAL,1,3d65a120bdd72cf9ba02c24c11d3e59a50e00e08a4795d11004b1c6d34df9f12,dd28e31f591d5c48,False
img_002725,e:\Final_Project\Pnuemonia_Detection\data\raw_datasets\dataset_1\train\PNEUMONIA\BACTERIA-3720452-0002.jpeg,dataset_1,PNEUMONIA,BACTERIAL,1,4fe48ca1c1aac758f51c841533f5f28356a2c5260ba760ce6362cdb34d6a986b,906fc63a8b1f094f,False
img_003873,e:\Final_Project\Pnuemonia_Detection\data\raw_datasets\dataset_1\train\PNEUMONIA\BACTERIA-7772454-0001.jpeg,dataset_1,PNEUMONIA,BACTERIAL,1,910dc0ee99762ab0b0dfe4d7043f985df3aba0db347c077c3f9a257fbb62142d,90c1ca9ec63e817f,False
img_002737,e:\Final_Project\Pnuemonia_Detection\data\raw_datasets\dataset_1\train\PNEUMONIA\BACTERIA-3726655-0001.jpeg,dataset_1,PNEUMONIA,BACTERIAL,1,ffc9e283a504f3e309518403ce48e00ee2077ed42a47d5e46313417939bcbc14,956a2a1a1b5b794e,False
img_000976,e:\Final_Project\Pnuemonia_Detection\data\raw_datasets\dataset_1\train\NORMAL\NORMAL-3402813-0001.jpeg,dataset_1,NORMAL,NORMAL,0,78949e0e75503c3cbc7dabbc50182078fb9a8431d0d959fecfc674b88c69e17b,9168c73aa96939cd,False
img_002804,e:\Final_Project\Pnuemonia_Detection\data\raw_datasets\dataset_1\train\PNEUMONIA\BACTERIA-4011726-0001.jpeg,dataset_1,PNEUMONIA,BACTERIAL,1,1a2374607d6e8895d02f8abf405d551070d439c47debe2e8894350eaa5856eff,c02f050d065efcfe,False
img_005502,e:\Final_Project\Pnuemonia_Detection\data\raw_datasets\dataset_1\train\PNEUMONIA\VIRUS-7564600-0007.jpeg,dataset_1,PNEUMONIA,VIRAL,2,e68a292d1668819ba1ba35f101b92922f981080090c34766a8c5fd5e014682c9,d075c61abc4bbe42,False
img_003819,e:\Final_Project\Pnuemonia_Detection\data\raw_datasets\dataset_1\train\PNEUMONIA\BACTERIA-7599671-0001.jpeg,dataset_1,PNEUMONIA,BACTERIAL,1,5d6a73a871151e9005d7c0b8b5a16c852142510286ea250ffa932861ed45ea50,91a1c31ac36df06f,False
img_002205,e:\Final_Project\Pnuemonia_Detection\data\raw_datasets\dataset_1\train\PNEUMONIA\BACTERIA-1884647-0005.jpeg,dataset_1,PNEUMONIA,BACTERIAL,1,0a622e235fa2036679da5d6ad6d04d3255280b889715645484d444887db6ef6b,9462cf3cc369f093,False
img_002512,e:\Final_Project\Pnuemonia_Detection\data\raw_datasets\dataset_1\train\PNEUMONIA\BACTERIA-3003642-0001.jpeg,dataset_1,PNEUMONIA,BACTERIAL,1,41bec0d2c9e7b2cbd9442211dca36858f5c6a9031ed9016c971b59e288df8bb5,817fc65a904b3979,False
img_001684,e:\Final_Project\Pnuemonia_Detection\data\raw_datasets\dataset_1\train\NORMAL\NORMAL-8116905-0001.jpeg,dataset_1,NORMAL,NORMAL,0,2506a7f2181eedf8712b9552d0caa70f3f33e639ae4d99be4fb3c25a4378eeae,9029e63ad8793dca,False
img_004953,e:\Final_Project\Pnuemonia_Detection\data\raw_datasets\dataset_1\train\PNEUMONIA\VIRUS-397009-0001.jpeg,dataset_1,PNEUMONIA,VIRAL,2,b0ed7b52547233f23dad66a3357c41808062d4f1da33057c7b90defae8c49f07,d035c70fbc4b3d42,False
img_003103,e:\Final_Project\Pnuemonia_Detection\data\raw_datasets\dataset_1\train\PNEUMONIA\BACTERIA-5045159-0003.jpeg,dataset_1,PNEUMONIA,BACTERIAL,1,e87c98048fdb79a9a8d725439f8f51c53100469c31aaa035472c27e12493e2f7,d02b631f5e5d1d48,False
img_003182,e:\Final_Project\Pnuemonia_Detection\data\raw_datasets\dataset_1\train\PNEUMONIA\BACTERIA-5221323-0003.jpeg,dataset_1,PNEUMONIA,BACTERIAL,1,8e18db0cf8cd290818167724a4d50a1703c0d0a2c4fe526febd1543b31719195,9078e73e865a878e,False
img_001242,e:\Final_Project\Pnuemonia_Detection\data\raw_datasets\dataset_1\train\NORMAL\NORMAL-5227306-0001.jpeg,dataset_1,NORMAL,NORMAL,0,ba4f2e019cc7252c3efe62e2ec317e164fc3ee0a444a8f16191ce6381bc2e842,d07c863a8d3d6cc6,False
img_002973,e:\Final_Project\Pnuemonia_Detection\data\raw_datasets\dataset_1\train\PNEUMONIA\BACTERIA-4590061-0001.jpeg,dataset_1,PNEUMONIA,BACTERIAL,1,9e640152a0a46c7c9672e10820d25e6bb7251b47fd439ba0bd64bf8ba2fc86dc,9460e536c75a929f,False
img_001804,e:\Final_Project\Pnuemonia_Detection\data\raw_datasets\dataset_1\train\NORMAL\NORMAL-8935072-0001.jpeg,dataset_1,NORMAL,NORMAL,0,ea3b405f9cc0815720ec562a9754878a7b3cd41dacf96199abb662b320879d3c,9128da7a5c5d1d47,False
img_003834,e:\Final_Project\Pnuemonia_Detection\data\raw_datasets\dataset_1\train\PNEUMONIA\BACTERIA-7641842-0001.jpeg,dataset_1,PNEUMONIA,BACTERIAL,1,236797e8f03e3cc08e5fc6336a90cf97178f028c0a09e904faac8b735c60967b,c53fd67b38426c30,False
img_003252,e:\Final_Project\Pnuemonia_Detection\data\raw_datasets\dataset_1\train\PNEUMONIA\BACTERIA-5445939-0005.jpeg,dataset_1,PNEUMONIA,BACTERIAL,1,4b6386e86103154fb38fb5f490e1feab9a403f9373050a362b1fe91cb7f744b6,d06de63ee138386c,False
img_003039,e:\Final_Project\Pnuemonia_Detection\data\raw_datasets\dataset_1\train\PNEUMONIA\BACTERIA-4766617-0001.jpeg,dataset_1,PNEUMONIA,BACTERIAL,1,ab6998fdbaf93a4df0efa3b9567d0a1c968c24eca9b15062e7866691e593c3ce,8839e5621fc46bb5,False
img_004533,e:\Final_Project\Pnuemonia_Detection\data\raw_datasets\dataset_1\train\PNEUMONIA\VIRUS-1117098-0003.jpeg,dataset_1,PNEUMONIA,VIRAL,2,9b0cdbd481b84cbefccaa7cffef30cf475f16788c9f5ee913629819f7a8f591e,80b5e55bb0c66f34,False
img_003241,e:\Final_Project\Pnuemonia_Detection\data\raw_datasets\dataset_1\train\PNEUMONIA\BACTERIA-5437440-0002.jpeg,dataset_1,PNEUMONIA,BACTERIAL,1,09bb44491d35d67846ca8b3154b2646a69228da3593df8abc3959e1fa66ce0e6,d93ee71ac11b30c6,False
img_001399,e:\Final_Project\Pnuemonia_Detection\data\raw_datasets\dataset_1\train\NORMAL\NORMAL-6248376-0001.jpeg,dataset_1,NORMAL,NORMAL,0,0b2ee03e7dec60c98e30065a79abff7a0d0f3e46426c752e0170c08083b68550,90edc73ac96d384c,False
img_002236,e:\Final_Project\Pnuemonia_Detection\data\raw_datasets\dataset_1\train\PNEUMONIA\BACTERIA-1984461-0004.jpeg,dataset_1,PNEUMONIA,BACTERIAL,1,3087c8d816d6f698c59268678075c5598cde2889ddb2471f341429978da75380,ca5fe5ab54aa5c20,False
img_001929,e:\Final_Project\Pnuemonia_Detection\data\raw_datasets\dataset_1\train\NORMAL\NORMAL-974509-0002.jpeg,dataset_1,NORMAL,NORMAL,0,bb41d5b5220f6615d9d0ee30d978e23fe723f32beda27ce3bf5d1aa8f5eecd31,917dc71a9d4918cd,False
img_003396,e:\Final_Project\Pnuemonia_Detection\data\raw_datasets\dataset_1\train\PNEUMONIA\BACTERIA-5965088-0003.jpeg,dataset_1,PNEUMONIA,BACTERIAL,1,aef1915c0e767868b21dca2a357cc9e450368f6f39fef74d6f566e2340b9a206,d86e8739851c6dc6,False
img_003364,e:\Final_Project\Pnuemonia_Detection\data\raw_datasets\dataset_1\train\PNEUMONIA\BACTERIA-5817596-0004.jpeg,dataset_1,PNEUMONIA,BACTERIAL,1,0e03c1e829522708a7fc5684033885d303fc4694053a9f574a57d679865d8a65,d57eee3e920a3881,False
img_000477,e:\Final_Project\Pnuemonia_Detection\data\raw_datasets\dataset_1\test\PNEUMONIA\VIRUS-1056329-0001.jpeg,dataset_1,PNEUMONIA,VIRAL,2,2637e05d999763fddb82e0aa66c3c456ea40f075a1062046ef4d6622b7dc02fa,8125e71ef64fb442,False
img_000829,e:\Final_Project\Pnuemonia_Detection\data\raw_datasets\dataset_1\train\NORMAL\NORMAL-2416577-0003.jpeg,dataset_1,NORMAL,NORMAL,0,ad1ca4e0135c773005b604d99f3ce3500bdf8d7b5cdcb25490709c1e629d874b,982fc71acb493c69,False
img_000566,e:\Final_Project\Pnuemonia_Detection\data\raw_datasets\dataset_1\test\PNEUMONIA\VIRUS-5927483-0001.jpeg,dataset_1,PNEUMONIA,VIRAL,2,c24b69ad92bf23364dea5618ce54c391fad1479f7131d23600fb5011d83cd19c,d0a5e31fe60db04b,False
img_002529,e:\Final_Project\Pnuemonia_Detection\data\raw_datasets\dataset_1\train\PNEUMONIA\BACTERIA-3051888-0001.jpeg,dataset_1,PNEUMONIA,BACTERIAL,1,24ef0a382496b7b6fb8b1372b1cc56096e7f6b5a550d18734536ea28c0a79c5b,982aa32a871a7dd7,False
img_002664,e:\Final_Project\Pnuemonia_Detection\data\raw_datasets\dataset_1\train\PNEUMONIA\BACTERIA-3510096-0001.jpeg,dataset_1,PNEUMONIA,BACTERIAL,1,5ef07949ed29c324e2c4f72f50c9007f96c5e1fd698917e07e89df3fca04dbfa,d434c31fc24f9a4b,False
img_005018,e:\Final_Project\Pnuemonia_Detection\data\raw_datasets\dataset_1\train\PNEUMONIA\VIRUS-4456962-0007.jpeg,dataset_1,PNEUMONIA,VIRAL,2,c2ffc5b60c0d72ca18f5dc080d6a80b9e6b17bc413dd96e4997a381ba2c4ce65,9174c31acd7dc4c6,False
img_002953,e:\Final_Project\Pnuemonia_Detection\data\raw_datasets\dataset_1\train\PNEUMONIA\BACTERIA-4488199-0002.jpeg,dataset_1,PNEUMONIA,BACTERIAL,1,300786fda27b5232a06d86c23f25c28965ad4686e97fb6fa173ce6b6f8676938,c13a76466fb66a12,False
img_004985,e:\Final_Project\Pnuemonia_Detection\data\raw_datasets\dataset_1\train\PNEUMONIA\VIRUS-4241544-0003.jpeg,dataset_1,PNEUMONIA,VIRAL,2,cc0d88290cac93ca3b38431c9727b4f978b994dacb971401fd795b8bce417650,d47ee42e3aa40a7a,False
img_004475,e:\Final_Project\Pnuemonia_Detection\data\raw_datasets\dataset_1\train\PNEUMONIA\BACTERIA-9856874-0001.jpeg,dataset_1,PNEUMONIA,BACTERIAL,1,5c9ace5c17fca6550f8fa37310804d5ac4100ed422a44075c5580e01bc0ff3f6,9460c79ec33fc30e,False
img_000569,e:\Final_Project\Pnuemonia_Detection\data\raw_datasets\dataset_1\test\PNEUMONIA\VIRUS-6079770-0001.jpeg,dataset_1,PNEUMONIA,VIRAL,2,2f27201ef69865c54368e2a458be0d18c19fd770c628cca926cdccc177101ba6,912de61afa4b3c49,False
img_005655,e:\Final_Project\Pnuemonia_Detection\data\raw_datasets\dataset_1\train\PNEUMONIA\VIRUS-8572102-0002.jpeg,dataset_1,PNEUMONIA,VIRAL,2,8c41183fa92fefd5adf2e70bf0aa39ecb105f68e80377f0e26e980fd3145abfd,d03bf75b584a3a90,False
img_004914,e:\Final_Project\Pnuemonia_Detection\data\raw_datasets\dataset_1\train\PNEUMONIA\VIRUS-3775613-0002.jpeg,dataset_1,PNEUMONIA,VIRAL,2,4422ad6026426d9a62c01b024d00d6e658cba07fd1684de9985148c901155d1a,d0bee33fb8693840,False
img_003778,e:\Final_Project\Pnuemonia_Detection\data\raw_datasets\dataset_1\train\PNEUMONIA\BACTERIA-7432256-0005.jpeg,dataset_1,PNEUMONIA,BACTERIAL,1,ab8498ca0b0705375a883968241aa0d347cf5f10cbe7824c672e61e2cce20431,9531e37f906fb600,False
img_001968,e:\Final_Project\Pnuemonia_Detection\data\raw_datasets\dataset_1\train\NORMAL\NORMAL-9978536-0001.jpeg,dataset_1,NORMAL,NORMAL,0,d43dc5904daed31b8acaf22d32923772cca709f5ce8f618fbdc4de4b114c2f96,91eece5acd19c11c,False
img_005138,e:\Final_Project\Pnuemonia_Detection\data\raw_datasets\dataset_1\train\PNEUMONIA\VIRUS-5190168-0001.jpeg,dataset_1,PNEUMONIA,VIRAL,2,49eb8b7f8053f2f2c4475ab246da590a8bdcb6e9db0feaa5f486f5e861789ef7,c03de30fbc693ce0,False
img_002436,e:\Final_Project\Pnuemonia_Detection\data\raw_datasets\dataset_1\train\PNEUMONIA\BACTERIA-2727273-0001.jpeg,dataset_1,PNEUMONIA,BACTERIAL,1,e72dd8ff4f457b106d70198883e5493c93c61aea74267998d44f70a7537bf76b,d07f571a0b0d3c3c,False
img_000585,e:\Final_Project\Pnuemonia_Detection\data\raw_datasets\dataset_1\test\PNEUMONIA\VIRUS-7318158-0001.jpeg,dataset_1,PNEUMONIA,VIRAL,2,a6d8180a67d1913c3dbc7b1cf4e0d2a687c4f1c04f50320419568f94fe1d09cd,d0b4e31f934f9823,False
img_005693,e:\Final_Project\Pnuemonia_Detection\data\raw_datasets\dataset_1\train\PNEUMONIA\VIRUS-8797622-0002.jpeg,dataset_1,PNEUMONIA,VIRAL,2,f34cd5e9aa67624eef743378abfa1c23b16f1f2f9bce65cccf7e691e12861237,9029e29edac33fe0,False
img_000287,e:\Final_Project\Pnuemonia_Detection\data\raw_datasets\dataset_1\test\PNEUMONIA\BACTERIA-3105669-0004.jpeg,dataset_1,PNEUMONIA,BACTERIAL,1,ed9dc08ee056f345a6cbdd2d516d2aada0c890724431b8b119a66a62cd0d8f0a,daeae9186d5d38c0,False
img_000652,e:\Final_Project\Pnuemonia_Detection\data\raw_datasets\dataset_1\train\NORMAL\NORMAL-1177627-0001.jpeg,dataset_1,NORMAL,NORMAL,0,a96576ced9f5ba8a1ff8285b8a34248652e1d7e3a8efecb35c8a9f42fc6fb6e4,9129c21eca6f7d61,False
img_001947,e:\Final_Project\Pnuemonia_Detection\data\raw_datasets\dataset_1\train\NORMAL\NORMAL-9847458-0002.jpeg,dataset_1,NORMAL,NORMAL,0,884d3d464e568c793bfa953b155ca4d6fd1ec7a79048be3530d865666b4254e4,d47ee33fec2c0c04,False
img_003331,e:\Final_Project\Pnuemonia_Detection\data\raw_datasets\dataset_1\train\PNEUMONIA\BACTERIA-564683-0001.jpeg,dataset_1,PNEUMONIA,BACTERIAL,1,8ed503c7cfbf40e9276f9eab36002ca81fc9d0e7ebd721afc325eeb53d0b74e6,817fff5a49484945,False
img_002382,e:\Final_Project\Pnuemonia_Detection\data\raw_datasets\dataset_1\train\PNEUMONIA\BACTERIA-2514247-0002.jpeg,dataset_1,PNEUMONIA,BACTERIAL,1,d896ccd4b0c440ded6501a7f8a18d35fd49c6d24905e48c5720f94f3a691cb84,dd2a421f5f581c56,False
img_002993,e:\Final_Project\Pnuemonia_Detection\data\raw_datasets\dataset_1\train\PNEUMONIA\BACTERIA-4615614-0009.jpeg,dataset_1,PNEUMONIA,BACTERIAL,1,34c75a077f450e3fe6fbe0a8bfd8d78f7882dbaa0b51bb6c445177b122e4bfe7,d010c79f99cb2db4,False
img_002839,e:\Final_Project\Pnuemonia_Detection\data\raw_datasets\dataset_1\train\PNEUMONIA\BACTERIA-4170270-0001.jpeg,dataset_1,PNEUMONIA,BACTERIAL,1,3419883a9ea28572bb0b81e6f3da70ab1c50c4bec43b60c91a5657e053d3f311,902beb1cc65aaeaa,False
img_002957,e:\Final_Project\Pnuemonia_Detection\data\raw_datasets\dataset_1\train\PNEUMONIA\BACTERIA-4521338-0001.jpeg,dataset_1,PNEUMONIA,BACTERIAL,1,3fd8ee9de7c2cc0c88d0d59315961600e13bba0c4e87038219a14e67012a4839,913fc69414c32dbd,False
img_001337,e:\Final_Project\Pnuemonia_Detection\data\raw_datasets\dataset_1\train\NORMAL\NORMAL-5762763-0001.jpeg,dataset_1,NORMAL,NORMAL,0,7d1969acd3d40a658f35016c63d90d7198d383d9257f9c8c8a65f6705674c5eb,8128c65ac9cb5bd7,False
img_003902,e:\Final_Project\Pnuemonia_Detection\data\raw_datasets\dataset_1\train\PNEUMONIA\BACTERIA-7847892-0001.jpeg,dataset_1,PNEUMONIA,BACTERIAL,1,cbff3c6dab46dfabf9ee51af68091fd5edd69adba3a253b6744d15340d801e25,882a6e1ed24b3c7b,False
img_001790,e:\Final_Project\Pnuemonia_Detection\data\raw_datasets\dataset_1\train\NORMAL\NORMAL-8827884-0001.jpeg,dataset_1,NORMAL,NORMAL,0,6a0dfa578c7c532d4817f462dbae20bf913c650bd72e54011cc20f96dc2ea8c6,8075875ec82d6dc7,False
img_000876,e:\Final_Project\Pnuemonia_Detection\data\raw_datasets\dataset_1\train\NORMAL\NORMAL-2697110-0002.jpeg,dataset_1,NORMAL,NORMAL,0,aefcada1227c36c70f0daa6dac16c7ae1254f51f52191066f83e863bcc8157fe,916f873a8f394c4c,False
img_006080,e:\Final_Project\Pnuemonia_Detection\data\raw_datasets\dataset_2\test\NORMAL\NORMAL2-IM-0369-0001.jpeg,dataset_2,NORMAL,NORMAL,0,3e6bebfb3b6639af5218f9759c66d774f548213434ccf08f62307538378229e6,9174c71ac61aa9cf,False
img_003051,e:\Final_Project\Pnuemonia_Detection\data\raw_datasets\dataset_1\train\PNEUMONIA\BACTERIA-4815049-0002.jpeg,dataset_1,PNEUMONIA,BACTERIAL,1,4494d9e0ce71d21ebc42fb5b7bceda8b4adfd4b24e31ef8416e63030ec79e6d5,c23e270d19cd39d9,False
img_004619,e:\Final_Project\Pnuemonia_Detection\data\raw_datasets\dataset_1\train\PNEUMONIA\VIRUS-1725044-0001.jpeg,dataset_1,PNEUMONIA,VIRAL,2,4acda6ddd731ff98cdcded67ea63ffc228c5d272803aea9f57dda01df33f66f4,d074c21beb2bb983,False
img_002289,e:\Final_Project\Pnuemonia_Detection\data\raw_datasets\dataset_1\train\PNEUMONIA\BACTERIA-215369-0007.jpeg,dataset_1,PNEUMONIA,BACTERIAL,1,e8bf34d37d22dd45066e21ca7569f82a1d74929b7d4c4cd67651c6a189a3116f,9869e71ec61ee44a,False
img_000294,e:\Final_Project\Pnuemonia_Detection\data\raw_datasets\dataset_1\test\PNEUMONIA\BACTERIA-3865791-0001.jpeg,dataset_1,PNEUMONIA,BACTERIAL,1,581cea301c5cafe94e8227e331df2a2d978182860df695e5de89c9b3ac908fce,902f6b3ec65b38c2,False
img_001707,e:\Final_Project\Pnuemonia_Detection\data\raw_datasets\dataset_1\train\NORMAL\NORMAL-8284890-0001.jpeg,dataset_1,NORMAL,NORMAL,0,e8b533c0377629df9ad9e66bdf383644eb463e00b9a18739034556f21604171f,d029c23ffc483d99,False
img_003923,e:\Final_Project\Pnuemonia_Detection\data\raw_datasets\dataset_1\train\PNEUMONIA\BACTERIA-7928108-0001.jpeg,dataset_1,PNEUMONIA,BACTERIAL,1,e977fa175456898d6b891e921631927d2289ba3953c74ce84fec957f62c03d50,d466c75bc90b8a69,False
img_005052,e:\Final_Project\Pnuemonia_Detection\data\raw_datasets\dataset_1\train\PNEUMONIA\VIRUS-463487-0011.jpeg,dataset_1,PNEUMONIA,VIRAL,2,e285c6e5bcdfa02facb543bb81ee85c40837f17a02047667cb39484ff122484a,9429e322afe63d38,False
img_003634,e:\Final_Project\Pnuemonia_Detection\data\raw_datasets\dataset_1\train\PNEUMONIA\BACTERIA-6760822-0004.jpeg,dataset_1,PNEUMONIA,BACTERIAL,1,57fe33f7baeb62c070c9beff24b3bc06cedd5c6430eae923bc6d685814fef0a9,d06fe71ec21b4c43,False
img_000232,e:\Final_Project\Pnuemonia_Detection\data\raw_datasets\dataset_1\test\NORMAL\NORMAL-976006-0001.jpeg,dataset_1,NORMAL,NORMAL,0,f5b375a9e55de193d57607ed029fcb26120703fb00dec69dc74ad3442a6fbd54,892e061a5f5b5d69,False
img_002415,e:\Final_Project\Pnuemonia_Detection\data\raw_datasets\dataset_1\train\PNEUMONIA\BACTERIA-2627817-0001.jpeg,dataset_1,PNEUMONIA,BACTERIAL,1,c8036ef1dad4cf83a45d689fd47061084d8b9191ba277fa65fa2a0335aaa524a,913be65e564b184b,False
img_005618,e:\Final_Project\Pnuemonia_Detection\data\raw_datasets\dataset_1\train\PNEUMONIA\VIRUS-8341352-0002.jpeg,dataset_1,PNEUMONIA,VIRAL,2,300d27595b8b6b1d39bed5a4da7964e73c46d1f0ebf17072b94606741188b350,c0f4c31bd14f3cd2,False
img_005834,e:\Final_Project\Pnuemonia_Detection\data\raw_datasets\dataset_1\train\PNEUMONIA\VIRUS-9815549-0001.jpeg,dataset_1,PNEUMONIA,VIRAL,2,0dc7fe14dddb900c739fea8a02fbb76213d59e4014736a7abe9bd02b24f4a4f5,d06ec71d9d643c86,False
img_002745,e:\Final_Project\Pnuemonia_Detection\data\raw_datasets\dataset_1\train\PNEUMONIA\BACTERIA-3777047-0001.jpeg,dataset_1,PNEUMONIA,BACTERIAL,1,e5a0cc67439a45db051fd7ebc1e2e0fab3410b9a608695466c8033d830ebc6fd,90adc31a876b3ce9,False
img_005782,e:\Final_Project\Pnuemonia_Detection\data\raw_datasets\dataset_1\train\PNEUMONIA\VIRUS-9481072-0001.jpeg,dataset_1,PNEUMONIA,VIRAL,2,7d6feb15225a5caca1781782e5606a7a5c7807e0666f72d298a85ddad16784df,d07cfe3ead3c0038,False
img_001489,e:\Final_Project\Pnuemonia_Detection\data\raw_datasets\dataset_1\train\NORMAL\NORMAL-695402-0002.jpeg,dataset_1,NORMAL,NORMAL,0,e653fd8da61c358d5e153e3e65d90d9112d18697c482fd77e9e08ad446a499d6,902fce1ada491dd6,False
img_003104,e:\Final_Project\Pnuemonia_Detection\data\raw_datasets\dataset_1\train\PNEUMONIA\BACTERIA-5045159-0004.jpeg,dataset_1,PNEUMONIA,BACTERIAL,1,4c2b1ccff60426960b7960716c43f7a7c26ff05c4bec72baa9224c3801ff9c9b,913aeaea385a5b19,False
img_003012,e:\Final_Project\Pnuemonia_Detection\data\raw_datasets\dataset_1\train\PNEUMONIA\BACTERIA-4669644-0001.jpeg,dataset_1,PNEUMONIA,BACTERIAL,1,31cda8a3d7be3fbf4a7a0fd5a19d021acb1f6d00f8297259dc263d97c61148f2,982f6b384079aceb,False
img_002402,e:\Final_Project\Pnuemonia_Detection\data\raw_datasets\dataset_1\train\PNEUMONIA\BACTERIA-2580396-0001.jpeg,dataset_1,PNEUMONIA,BACTERIAL,1,c87b7f1abd26cf1f60b11399e91291281fd84363aaf7567a56a0e1181c055e0c,d0eeaf010559cf1d,False
img_001580,e:\Final_Project\Pnuemonia_Detection\data\raw_datasets\dataset_1\train\NORMAL\NORMAL-7323530-0004.jpeg,dataset_1,NORMAL,NORMAL,0,6357346a4e98eb1fed4992d3f9e8191e8f588b5eb50c1de513ecb006657e0db4,d12fa71b0f414d55,False
img_005657,e:\Final_Project\Pnuemonia_Detection\data\raw_datasets\dataset_1\train\PNEUMONIA\VIRUS-857613-0002.jpeg,dataset_1,PNEUMONIA,VIRAL,2,b2d18ae05f3ca3830cfbfee9f40d1268d85bb9c94fbaeab172216fe86b6e1720,d0eea711555d6986,False
img_004608,e:\Final_Project\Pnuemonia_Detection\data\raw_datasets\dataset_1\train\PNEUMONIA\VIRUS-1612812-0005.jpeg,dataset_1,PNEUMONIA,VIRAL,2,78afb25186299944949e8b4f1a82bfce724e1f3605501a59696f2f8f10026738,913be5c67c92ca1a,False
img_000024,e:\Final_Project\Pnuemonia_Detection\data\raw_datasets\dataset_1\test\NORMAL\NORMAL-1803887-0001.jpeg,dataset_1,NORMAL,NORMAL,0,3bd85f747e467c65bd1e85d2b31df31f328da767857763003a7825214280dfda,986d851ec25f3a4b,False
img_001006,e:\Final_Project\Pnuemonia_Detection\data\raw_datasets\dataset_1\train\NORMAL\NORMAL-3573766-0003.jpeg,dataset_1,NORMAL,NORMAL,0,3948de16ccc71c056b62aedeedbd352531be0cdb607301e63a018ec2981b6968,d07dc71a9b693858,False
img_001128,e:\Final_Project\Pnuemonia_Detection\data\raw_datasets\dataset_1\train\NORMAL\NORMAL-4316614-0001.jpeg,dataset_1,NORMAL,NORMAL,0,07bcdc5f3a5a0bf1c08fb7ada779917eceb4c9600818c03e08dcca8bd6d7f51a,917a5e7859593943,False
img_003956,e:\Final_Project\Pnuemonia_Detection\data\raw_datasets\dataset_1\train\PNEUMONIA\BACTERIA-8034950-0010.jpeg,dataset_1,PNEUMONIA,BACTERIAL,1,a895bb1e7ad509f7c0ef813b6c479f79e7802525b675d0330ed74921e9fcc1ed,902bc71ed45a3f4a,False
img_002918,e:\Final_Project\Pnuemonia_Detection\data\raw_datasets\dataset_1\train\PNEUMONIA\BACTERIA-4394900-0007.jpeg,dataset_1,PNEUMONIA,BACTERIAL,1,02c866446909e6b83d190c97e8dffd23c008e7ab74bc49fdeca1c095a4313a46,907feb1e4b1a2c46,False
img_005493,e:\Final_Project\Pnuemonia_Detection\data\raw_datasets\dataset_1\train\PNEUMONIA\VIRUS-7505456-0006.jpeg,dataset_1,PNEUMONIA,VIRAL,2,4810116d51d2e19d7438939098efdfb0e79313b3af16bf86d2121757d4d852d7,91a5c31ec06df44f,False
img_003209,e:\Final_Project\Pnuemonia_Detection\data\raw_datasets\dataset_1\train\PNEUMONIA\BACTERIA-5289209-0001.jpeg,dataset_1,PNEUMONIA,BACTERIAL,1,5846ec8177d5179bfc01ef235449238666107a039923d7518760f1c68228f93b,986dc61e4f1f1c4a,False
img_004516,e:\Final_Project\Pnuemonia_Detection\data\raw_datasets\dataset_1\train\PNEUMONIA\VIRUS-1041881-0003.jpeg,dataset_1,PNEUMONIA,VIRAL,2,53e58fa9afb5a34b8a770b41287c7c367f76fea4e759f3e33e03aaed8c1c5270,d46f830fc54d05ce,False
img_004367,e:\Final_Project\Pnuemonia_Detection\data\raw_datasets\dataset_1\train\PNEUMONIA\BACTERIA-9424776-0002.jpeg,dataset_1,PNEUMONIA,BACTERIAL,1,cd15f209b95f7a223369dc2e0cd60ba6228c6d4280aa8d8d9ae0b5622ac1e27e,d41ce9423de0e33d,False
img_003751,e:\Final_Project\Pnuemonia_Detection\data\raw_datasets\dataset_1\train\PNEUMONIA\BACTERIA-7407756-0002.jpeg,dataset_1,PNEUMONIA,BACTERIAL,1,5faa00d62f29f40af8a5f95a7a7ee75d7d4eee775d7a051371cc2a2f2bfa4934,c42e910f4f9e3f28,False
img_001581,e:\Final_Project\Pnuemonia_Detection\data\raw_datasets\dataset_1\train\NORMAL\NORMAL-7327513-0001.jpeg,dataset_1,NORMAL,NORMAL,0,c91815f3f5656bf18a3773024fe0d9384c81cc8784eb72162ff3fba035ba9c19,9969c65acb5b5845,False
img_003600,e:\Final_Project\Pnuemonia_Detection\data\raw_datasets\dataset_1\train\PNEUMONIA\BACTERIA-6660139-0003.jpeg,dataset_1,PNEUMONIA,BACTERIAL,1,c62b3963b8f2b996e87d82d624890993074117686d13f3104b57989f5605cf19,d03fff8e4c044d15,False
img_003965,e:\Final_Project\Pnuemonia_Detection\data\raw_datasets\dataset_1\train\PNEUMONIA\BACTERIA-8047963-0005.jpeg,dataset_1,PNEUMONIA,BACTERIAL,1,6e0a6f248bafe51a4370911cbd7fc236d40e4ab26f0eeac5a91a082ce9ebbea7,903ee20934cf379d,False
img_002730,e:\Final_Project\Pnuemonia_Detection\data\raw_datasets\dataset_1\train\PNEUMONIA\BACTERIA-3722954-0003.jpeg,dataset_1,PNEUMONIA,BACTERIAL,1,1d5fce3f8080e4a56ef90cf7d9abcedac4c053f3dc28eceb842c2f4d13b5cff9,9029c73ed60eb6ca,False
img_002459,e:\Final_Project\Pnuemonia_Detection\data\raw_datasets\dataset_1\train\PNEUMONIA\BACTERIA-2800024-0001.jpeg,dataset_1,PNEUMONIA,BACTERIAL,1,5c01ec1de5c6dd22b9f66d79df5ee2a33eac3f46c6a9d0a94336f27adbd68784,812fc62bb8e96a78,False
img_004928,e:\Final_Project\Pnuemonia_Detection\data\raw_datasets\dataset_1\train\PNEUMONIA\VIRUS-385176-0007.jpeg,dataset_1,PNEUMONIA,VIRAL,2,21c772ea911973574517c119a62d74a8cdada039cac4a99016b5997192ddf18d,9410634f784b5b6f,False
img_001820,e:\Final_Project\Pnuemonia_Detection\data\raw_datasets\dataset_1\train\NORMAL\NORMAL-9019297-0002.jpeg,dataset_1,NORMAL,NORMAL,0,f76e1f43324543fd6c6bd7fe46ae1cf328fb95b163d5ee9becd6e72b94ca5716,983dc71a9f491ccc,False
img_001166,e:\Final_Project\Pnuemonia_Detection\data\raw_datasets\dataset_1\train\NORMAL\NORMAL-4635177-0001.jpeg,dataset_1,NORMAL,NORMAL,0,b9c6a7f3a806bbe06b2d4c7badd4e0a056e1efd41b06a47f8b18bd65ca465d04,987ad25adc5c98c6,False
img_001784,e:\Final_Project\Pnuemonia_Detection\data\raw_datasets\dataset_1\train\NORMAL\NORMAL-8813251-0001.jpeg,dataset_1,NORMAL,NORMAL,0,1588e5053092b447994468c7243c818d93e5c2f6b037e4d01d9e0f2725d7d407,d131c61aba693979,False
img_003957,e:\Final_Project\Pnuemonia_Detection\data\raw_datasets\dataset_1\train\PNEUMONIA\BACTERIA-8034950-0011.jpeg,dataset_1,PNEUMONIA,BACTERIAL,1,2f16dcc9db07482faa8faa3c410ef7beb82c8e983a1d3fa68ed4d50c104e5e0e,c82fcb188a2b38ef,False
img_004386,e:\Final_Project\Pnuemonia_Detection\data\raw_datasets\dataset_1\train\PNEUMONIA\BACTERIA-9502371-0001.jpeg,dataset_1,PNEUMONIA,BACTERIAL,1,e28d6b712e276a0a94bc1e577c96282458e41f083b5072889c97885877404645,912fee1a9c4b19c5,False
img_002219,e:\Final_Project\Pnuemonia_Detection\data\raw_datasets\dataset_1\train\PNEUMONIA\BACTERIA-1950119-0004.jpeg,dataset_1,PNEUMONIA,BACTERIAL,1,ebff27bbb926c1ee71ef7a723ac34057769ce9c76eff48725c7c72c9539081d3,d06fc70a872f2a96,False
img_003332,e:\Final_Project\Pnuemonia_Detection\data\raw_datasets\dataset_1\train\PNEUMONIA\BACTERIA-564683-0002.jpeg,dataset_1,PNEUMONIA,BACTERIAL,1,e6af7314134191a625429bb6fd0d5e71e26b98079fce0d99d0bbeb65d504dc68,d43a5a555e485e5c,False
img_001532,e:\Final_Project\Pnuemonia_Detection\data\raw_datasets\dataset_1\train\NORMAL\NORMAL-7103127-0003.jpeg,dataset_1,NORMAL,NORMAL,0,6ced4f5f92cadd4d7705bb85c0fc47d550606ff7a5d3d07d445f0581be6eba0b,906cc71bcd5a92c7,False
img_000295,e:\Final_Project\Pnuemonia_Detection\data\raw_datasets\dataset_1\test\PNEUMONIA\BACTERIA-3865791-0002.jpeg,dataset_1,PNEUMONIA,BACTERIAL,1,21523b6098d884e1f353f1c52d550d6b1f2b14ffad3921c1f81a550d4e1455d7,d02f6b1e483d7c61,False
img_005357,e:\Final_Project\Pnuemonia_Detection\data\raw_datasets\dataset_1\train\PNEUMONIA\VIRUS-6550250-0001.jpeg,dataset_1,PNEUMONIA,VIRAL,2,6b577c45cfd84dc8459a6234aeddef04eb7895c584d30faf98b795762f7febaa,907b7a5e5c0a3a2b,False
img_005514,e:\Final_Project\Pnuemonia_Detection\data\raw_datasets\dataset_1\train\PNEUMONIA\VIRUS-7700975-0004.jpeg,dataset_1,PNEUMONIA,VIRAL,2,bbcd0fcf4d7c6c14e74cd6c5bf616bdffceb2eb7dc82865b773dc913b0d83b62,8115e4e37ee89669,False
img_001001,e:\Final_Project\Pnuemonia_Detection\data\raw_datasets\dataset_1\train\NORMAL\NORMAL-3526928-0002.jpeg,dataset_1,NORMAL,NORMAL,0,293c6eb840cb8d2001bca6b55767e907a5500744087dcef16b8551382c94b520,91bfd61a950135c7,False
img_004416,e:\Final_Project\Pnuemonia_Detection\data\raw_datasets\dataset_1\train\PNEUMONIA\BACTERIA-957582-0002.jpeg,dataset_1,PNEUMONIA,BACTERIAL,1,3e8a557c9d9ac1f1532f5d8fe20ccfe979ab069a03052c69fd2a3d2311f5da29,913bca5e584b38da,False
img_002848,e:\Final_Project\Pnuemonia_Detection\data\raw_datasets\dataset_1\train\PNEUMONIA\BACTERIA-4178213-0001.jpeg,dataset_1,PNEUMONIA,BACTERIAL,1,cdcebd75d35a87c9138f8484c8ab0a2a078b32c23c05f453c88cf422253d80f2,d42e231f4d4b1ec3,False
img_000332,e:\Final_Project\Pnuemonia_Detection\data\raw_datasets\dataset_1\test\PNEUMONIA\BACTERIA-4322734-0002.jpeg,dataset_1,PNEUMONIA,BACTERIAL,1,216a30c1cf24f869d094666f846806e5bc51f78e9c321143c90bd72cd6e3285e,d03fe32e964b1a4a,False
img_000806,e:\Final_Project\Pnuemonia_Detection\data\raw_datasets\dataset_1\train\NORMAL\NORMAL-2333546-0002.jpeg,dataset_1,NORMAL,NORMAL,0,5350c09b1c5ad120207ccfe8c644ba61bd5ded08d182f6963d2f1c4b7ef4b6ab,913dc71a99d93998,False
img_003497,e:\Final_Project\Pnuemonia_Detection\data\raw_datasets\dataset_1\train\PNEUMONIA\BACTERIA-6295192-0009.jpeg,dataset_1,PNEUMONIA,BACTERIAL,1,84078ad0d418295705f5e91a2d95b66b15782131a72b2e07f72d92b1d21ab617,d42be31fd21b904b,False
img_004498,e:\Final_Project\Pnuemonia_Detection\data\raw_datasets\dataset_1\train\PNEUMONIA\BACTERIA-9934736-0002.jpeg,dataset_1,PNEUMONIA,BACTERIAL,1,258a72f2f2911de5b1511765209c9a7dbd6b3a909142a161c7f09649236bca22,d03ce71d38e93938,False
img_004310,e:\Final_Project\Pnuemonia_Detection\data\raw_datasets\dataset_1\train\PNEUMONIA\BACTERIA-9178013-0001.jpeg,dataset_1,PNEUMONIA,BACTERIAL,1,0fd4e06f105c3f7df3c9d6d7de514cbd0060fa4d04247aa2a1ed28ee80be3a38,c12ff67a544a3c54,False
img_004721,e:\Final_Project\Pnuemonia_Detection\data\raw_datasets\dataset_1\train\PNEUMONIA\VIRUS-2526622-0001.jpeg,dataset_1,PNEUMONIA,VIRAL,2,16fcfde41fb4d9faf2d7785f1904c2605043ff1d41fa68a12b8271e40cf9b8b4,d47ca31bc33da107,False
img_004327,e:\Final_Project\Pnuemonia_Detection\data\raw_datasets\dataset_1\train\PNEUMONIA\BACTERIA-9250086-0001.jpeg,dataset_1,PNEUMONIA,BACTERIAL,1,9f1fa19555441f414c598df0d3175db81c84f4d4516d8a692d0cdc5542cb808b,813fe74eb448ce34,False
img_000508,e:\Final_Project\Pnuemonia_Detection\data\raw_datasets\dataset_1\test\PNEUMONIA\VIRUS-30184-0001.jpeg,dataset_1,PNEUMONIA,VIRAL,2,69a4c05578a96b6ba75fbef746671bdd4039c73d743da8ec75b8746df09092a7,91abee1ac64a744d,False
img_004102,e:\Final_Project\Pnuemonia_Detection\data\raw_datasets\dataset_1\train\PNEUMONIA\BACTERIA-8467199-0002.jpeg,dataset_1,PNEUMONIA,BACTERIAL,1,2b2c650c21203f17243876565b381d4d4c585acf69b1a40870609830fe39bb9e,d0efa7151519931e,False
img_000690,e:\Final_Project\Pnuemonia_Detection\data\raw_datasets\dataset_1\train\NORMAL\NORMAL-1522956-0001.jpeg,dataset_1,NORMAL,NORMAL,0,5ece26a07643ca5322671f8137b19c85cb701a8ba6320814b842a34836e8da10,917c871a9a3d38ad,False
img_003670,e:\Final_Project\Pnuemonia_Detection\data\raw_datasets\dataset_1\train\PNEUMONIA\BACTERIA-6934158-0001.jpeg,dataset_1,PNEUMONIA,BACTERIAL,1,46cc23e6919a602fae4ca2e0178071d40b4a5482df91bdcabdb2449c96e0c0bb,d4ac457ebaeb2b00,False
img_002135,e:\Final_Project\Pnuemonia_Detection\data\raw_datasets\dataset_1\train\PNEUMONIA\BACTERIA-1623574-0001.jpeg,dataset_1,PNEUMONIA,BACTERIAL,1,90360251574e3b8da11f34bdfcb992870d3cfe1bd38776c548e539eb1af3f268,d46fab0b431a431f,False
img_002565,e:\Final_Project\Pnuemonia_Detection\data\raw_datasets\dataset_1\train\PNEUMONIA\BACTERIA-3234288-0001.jpeg,dataset_1,PNEUMONIA,BACTERIAL,1,31bcd98cf4fd9b6d35b519826bc21f6b2840f485417935838793e7c822ffa52d,81aaee5e471a494f,False
img_002246,e:\Final_Project\Pnuemonia_Detection\data\raw_datasets\dataset_1\train\PNEUMONIA\BACTERIA-2044599-0001.jpeg,dataset_1,PNEUMONIA,BACTERIAL,1,fde44c1301b8e895a4c93dad18d98ce9edb71d08b157397eb4276688b42fe71a,c4bee317946db045,False
img_000964,e:\Final_Project\Pnuemonia_Detection\data\raw_datasets\dataset_1\train\NORMAL\NORMAL-3371493-0001.jpeg,dataset_1,NORMAL,NORMAL,0,4f89059db0dece3aa319f39850feb3fcb6626f53db1f76f13fe7bc0d9f277be0,956eaf1acd2c4cc4,False
img_004045,e:\Final_Project\Pnuemonia_Detection\data\raw_datasets\dataset_1\train\PNEUMONIA\BACTERIA-8313249-0004.jpeg,dataset_1,PNEUMONIA,BACTERIAL,1,58c997c4785e13ddde8632aa9f940d6307e0530faac30b981daf5d4dd9d2fe67,d46e271f051d2d6c,False
img_002167,e:\Final_Project\Pnuemonia_Detection\data\raw_datasets\dataset_1\train\PNEUMONIA\BACTERIA-1765745-0001.jpeg,dataset_1,PNEUMONIA,BACTERIAL,1,8223cf57d33d1528782f83b62d3d62d2f41fe9bf34053553a86e609c2b2ba94b,952aeb1f450f4a4b,False
img_005593,e:\Final_Project\Pnuemonia_Detection\data\raw_datasets\dataset_1\train\PNEUMONIA\VIRUS-8200369-0001.jpeg,dataset_1,PNEUMONIA,VIRAL,2,4d0c05d154e4ffba8e6f14b8aea767a9359ef1de31b6140c6ba49f266094670b,9025e21eea79bd49,False
img_000923,e:\Final_Project\Pnuemonia_Detection\data\raw_datasets\dataset_1\train\NORMAL\NORMAL-3073180-0001.jpeg,dataset_1,NORMAL,NORMAL,0,d2793eacfeb2ee9f5c19562a903289e5fb978cf91952ddc3a9165ed7a6220e9a,917cce5a8d4d1ccc,False
img_002204,e:\Final_Project\Pnuemonia_Detection\data\raw_datasets\dataset_1\train\PNEUMONIA\BACTERIA-1884647-0004.jpeg,dataset_1,PNEUMONIA,BACTERIAL,1,02ed6d505403a78958c1721ef56a9349534fd34277e5f1ba0ed74590831e06da,c46a2f0d2d936dc5,False
img_004399,e:\Final_Project\Pnuemonia_Detection\data\raw_datasets\dataset_1\train\PNEUMONIA\BACTERIA-9543449-0001.jpeg,dataset_1,PNEUMONIA,BACTERIAL,1,421a04fa8a8b4c9a948a640aa422f43d3638bd98bc1a269836f4c2b5c19b7a42,946be31fc61f3841,False
img_004776,e:\Final_Project\Pnuemonia_Detection\data\raw_datasets\dataset_1\train\PNEUMONIA\VIRUS-2814755-0003.jpeg,dataset_1,PNEUMONIA,VIRAL,2,e9d9141a7802a19c5c25dc849d03d171569e581d7401d460235bc643b1b9c274,d06eaf1b071a433e,False
img_000612,e:\Final_Project\Pnuemonia_Detection\data\raw_datasets\dataset_1\test\PNEUMONIA\VIRUS-9039335-0001.jpeg,dataset_1,PNEUMONIA,VIRAL,2,be79f1f7d7d4be2fd8f739c0b68f705cf20fd6fa431d13a1ba8eee451136866e,d02de73eaa4b3b80,False
img_004904,e:\Final_Project\Pnuemonia_Detection\data\raw_datasets\dataset_1\train\PNEUMONIA\VIRUS-3720452-0004.jpeg,dataset_1,PNEUMONIA,VIRAL,2,7e099867b2804dffcf7f19012442ccce8c54406eb9ed8cc13047e8cbf3df8d29,902fd71b830b3c4f,False
img_004715,e:\Final_Project\Pnuemonia_Detection\data\raw_datasets\dataset_1\train\PNEUMONIA\VIRUS-2474652-0009.jpeg,dataset_1,PNEUMONIA,VIRAL,2,a504503402eb1de5926f74fdc00a49432eab7863c52ef02a7ee6635ac4a14b32,d17eb73a8d1b1904,False
img_003615,e:\Final_Project\Pnuemonia_Detection\data\raw_datasets\dataset_1\train\PNEUMONIA\BACTERIA-6680938-0003.jpeg,dataset_1,PNEUMONIA,BACTERIAL,1,1442609448294b62c797b7b319c9ada1e71cd13ddb2f18cb517f44a8d6b04b19,d03fe75a18497d18,False
img_003587,e:\Final_Project\Pnuemonia_Detection\data\raw_datasets\dataset_1\train\PNEUMONIA\BACTERIA-6590264-0002.jpeg,dataset_1,PNEUMONIA,BACTERIAL,1,a5077bd50694cb3716e7b83fa483b4c6191394a30b723f132967174a2907cc7b,c53fb20b15436d36,False
img_004057,e:\Final_Project\Pnuemonia_Detection\data\raw_datasets\dataset_1\train\PNEUMONIA\BACTERIA-8324394-0005.jpeg,dataset_1,PNEUMONIA,BACTERIAL,1,f732cc2f36322bcd18bd363da2f65db68fcdc61bdcdf3d635cac4cbfbcbb0076,906f6e1c081bcd6f,False
img_000974,e:\Final_Project\Pnuemonia_Detection\data\raw_datasets\dataset_1\train\NORMAL\NORMAL-3400382-0001.jpeg,dataset_1,NORMAL,NORMAL,0,73e4d4a58cfdcc682057ef65ce0affd11fa7de378ce6f280332eb5bb4003846d,917fc71a8cc139d4,False
img_001548,e:\Final_Project\Pnuemonia_Detection\data\raw_datasets\dataset_1\train\NORMAL\NORMAL-7155475-0002.jpeg,dataset_1,NORMAL,NORMAL,0,a9a8a87b016d0f4c0c604376877a25832cc1de8615c8cffa933bb3938c8e1876,911dc31af8b53cb4,False
img_003218,e:\Final_Project\Pnuemonia_Detection\data\raw_datasets\dataset_1\train\PNEUMONIA\BACTERIA-5334028-0002.jpeg,dataset_1,PNEUMONIA,BACTERIAL,1,3b15bf37097b2eff9be20800a36b4d777794212b751b2e6408c425c7e06a5213,d02af65e5f48195a,False
img_004443,e:\Final_Project\Pnuemonia_Detection\data\raw_datasets\dataset_1\train\PNEUMONIA\BACTERIA-9629926-0001.jpeg,dataset_1,PNEUMONIA,BACTERIAL,1,2fd0008307969275519911b38bff147a591a36a6bed6726fb07392d08d6cf855,d46e2312471bc75e,False
img_000620,e:\Final_Project\Pnuemonia_Detection\data\raw_datasets\dataset_1\test\PNEUMONIA\VIRUS-9584831-0001.jpeg,dataset_1,PNEUMONIA,VIRAL,2,6fa6df716e124252e68155844e3394e1be0cea44cb676d274f5693fdf1825eb2,d0e5c61be11be568,False
img_003258,e:\Final_Project\Pnuemonia_Detection\data\raw_datasets\dataset_1\train\PNEUMONIA\BACTERIA-5470832-0001.jpeg,dataset_1,PNEUMONIA,BACTERIAL,1,74853b421ed52122b6080185fa0d0a1016bd2da8d6a5daac6ad815b07e98351b,902ae31fc35bad43,False
img_001103,e:\Final_Project\Pnuemonia_Detection\data\raw_datasets\dataset_1\train\NORMAL\NORMAL-4178256-0001.jpeg,dataset_1,NORMAL,NORMAL,0,6e56e85605975d6264fb584ffc960b0b364fd2c6c7538242181562626087631c,887f465b434f1a4d,False
img_001277,e:\Final_Project\Pnuemonia_Detection\data\raw_datasets\dataset_1\train\NORMAL\NORMAL-5452786-0001.jpeg,dataset_1,NORMAL,NORMAL,0,a7f2c52952e94900117f33ac2c2efbaa920e7a27994018c8833ee0c4ec90ebda,9179c71a9a9e3895,False
img_003908,e:\Final_Project\Pnuemonia_Detection\data\raw_datasets\dataset_1\train\PNEUMONIA\BACTERIA-7849162-0001.jpeg,dataset_1,PNEUMONIA,BACTERIAL,1,2d713799205f3bcbdf201f42e0847a89dcbebb426267b7123f28d9be609f8675,d43fd31a9a4996c8,False
img_002283,e:\Final_Project\Pnuemonia_Detection\data\raw_datasets\dataset_1\train\PNEUMONIA\BACTERIA-215369-0001.jpeg,dataset_1,PNEUMONIA,BACTERIAL,1,af5c7c6a794eeb8e1432c92f168463ebfa19f324775d259179691c27b9f01005,d02dc31fc52d3ce1,False
img_003758,e:\Final_Project\Pnuemonia_Detection\data\raw_datasets\dataset_1\train\PNEUMONIA\BACTERIA-7418831-0007.jpeg,dataset_1,PNEUMONIA,BACTERIAL,1,d33f1dccc48d784539fea51fcaa66aa060ff0dffbb0e85b3023751d394e75bf7,903fe75ed04959d0,False
img_001316,e:\Final_Project\Pnuemonia_Detection\data\raw_datasets\dataset_1\train\NORMAL\NORMAL-5693915-0001.jpeg,dataset_1,NORMAL,NORMAL,0,14b9f3a1fa0aa4332b35e865f56776a4676a142d37c39e6078e594b1ca1980af,912bca18c859ddcf,False
img_001627,e:\Final_Project\Pnuemonia_Detection\data\raw_datasets\dataset_1\train\NORMAL\NORMAL-7692984-0001.jpeg,dataset_1,NORMAL,NORMAL,0,1bd6d71ba315d2cec9b2fdd2ba018927aa49760757f5c6e79e212a543d71a801,9029e63afa693d49,False
img_004061,e:\Final_Project\Pnuemonia_Detection\data\raw_datasets\dataset_1\train\PNEUMONIA\BACTERIA-8324394-0009.jpeg,dataset_1,PNEUMONIA,BACTERIAL,1,68cc0aecc53402c74ccf87bb3ba26be39297b467151f2a518e12ab5439029d62,dd7fea58104b3261,False
img_004784,e:\Final_Project\Pnuemonia_Detection\data\raw_datasets\dataset_1\train\PNEUMONIA\VIRUS-2864526-0002.jpeg,dataset_1,PNEUMONIA,VIRAL,2,2abf0042c5d024a9547a50ea25d6397d808c1dc34e8b92410a4a85799d44f064,9176865a8f39873c,False
img_005034,e:\Final_Project\Pnuemonia_Detection\data\raw_datasets\dataset_1\train\PNEUMONIA\VIRUS-4599282-0002.jpeg,dataset_1,PNEUMONIA,VIRAL,2,b5d545759b72ccb744b14a10abd1d0823b52b31bd57c3693f58e3cc55e592cd5,9135c31fc6ca3cc6,False
img_002910,e:\Final_Project\Pnuemonia_Detection\data\raw_datasets\dataset_1\train\PNEUMONIA\BACTERIA-4394295-0001.jpeg,dataset_1,PNEUMONIA,BACTERIAL,1,2e3716cfbd8d782826071af74d192c3f84ed5924a9535bd4f5ee278a8842677f,d93957d61e392911,False
img_005544,e:\Final_Project\Pnuemonia_Detection\data\raw_datasets\dataset_1\train\PNEUMONIA\VIRUS-783759-0004.jpeg,dataset_1,PNEUMONIA,VIRAL,2,2a696d70b5339dfc96c6855ffc28ecb147097942e3e640d703a81b50d381d0da,d46ac31ec3493dc3,False
img_001361,e:\Final_Project\Pnuemonia_Detection\data\raw_datasets\dataset_1\train\NORMAL\NORMAL-5970247-0001.jpeg,dataset_1,NORMAL,NORMAL,0,5e645399cd3dace3c8b5506b5d3c375b175060392ad1613b31017a94f290ba43,d166c73b856d2cc4,False
img_003230,e:\Final_Project\Pnuemonia_Detection\data\raw_datasets\dataset_1\train\PNEUMONIA\BACTERIA-5401887-0004.jpeg,dataset_1,PNEUMONIA,BACTERIAL,1,13e9994323c4f769426122d0960c0f79181d0b72d1e2aadb336f1dccfdfcb3de,996de73ed41fb000,False
img_001631,e:\Final_Project\Pnuemonia_Detection\data\raw_datasets\dataset_1\train\NORMAL\NORMAL-7698004-0001.jpeg,dataset_1,NORMAL,NORMAL,0,e24acf321f77211152481ecb13ce423a4b836b0d3a8cb065f23249c3563db2c8,d52dc30fccc81cd3,False
img_000993,e:\Final_Project\Pnuemonia_Detection\data\raw_datasets\dataset_1\train\NORMAL\NORMAL-3514363-0001.jpeg,dataset_1,NORMAL,NORMAL,0,4cb2ea4b77cb270da5c4f13906e6c8122f949293b4326194e6cdd9ca9a38c456,917da73a9a0b199c,False
img_004474,e:\Final_Project\Pnuemonia_Detection\data\raw_datasets\dataset_1\train\PNEUMONIA\BACTERIA-9839787-0001.jpeg,dataset_1,PNEUMONIA,BACTERIAL,1,c06d03e7ab053083f7ae05dd4441650343ea6e76ae3d12096b20743cb73cc846,91e9ce38ca78b24e,False
img_001071,e:\Final_Project\Pnuemonia_Detection\data\raw_datasets\dataset_1\train\NORMAL\NORMAL-3949386-0001.jpeg,dataset_1,NORMAL,NORMAL,0,f1d74b8d23b2419edbbc5875d220f1133c874100381a5094af0e1247eaafa5cc,905ede1e950796a6,False
img_005523,e:\Final_Project\Pnuemonia_Detection\data\raw_datasets\dataset_1\train\PNEUMONIA\VIRUS-7746316-0002.jpeg,dataset_1,PNEUMONIA,VIRAL,2,049ea2491104ae369871b6a5d007da03930ea9111dea2d51f8e4d4a98de99bae,81b5c61ae038f56f,False
img_003294,e:\Final_Project\Pnuemonia_Detection\data\raw_datasets\dataset_1\train\PNEUMONIA\BACTERIA-5590411-0001.jpeg,dataset_1,PNEUMONIA,BACTERIAL,1,2a2f7899855cfcf0197d8d1f6ab5cce3df8b8acfc5be11f9665a1d3eef7015b3,c02fe70b9f4b2d42,False
img_003783,e:\Final_Project\Pnuemonia_Detection\data\raw_datasets\dataset_1\train\PNEUMONIA\BACTERIA-7435285-0004.jpeg,dataset_1,PNEUMONIA,BACTERIAL,1,3f8d3f74c48bb8c1d499bfd857ffcbec87f2bcd72e468521654415a9d3b3e500,d46ae51dc73ea00e,False
img_001660,e:\Final_Project\Pnuemonia_Detection\data\raw_datasets\dataset_1\train\NORMAL\NORMAL-7955464-0001.jpeg,dataset_1,NORMAL,NORMAL,0,b0444c20fb804130736946fdcc5ceecaa79f89e295619cb84c0cc68944ed3da7,d434c30f9d693ce4,False
img_002940,e:\Final_Project\Pnuemonia_Detection\data\raw_datasets\dataset_1\train\PNEUMONIA\BACTERIA-4456962-0005.jpeg,dataset_1,PNEUMONIA,BACTERIAL,1,4742baabae89a777a52cb4a0a889b1f80c17fedd552b052c79953d2d38f1e782,d46fa31e830b0f4b,False
img_005991,e:\Final_Project\Pnuemonia_Detection\data\raw_datasets\dataset_2\test\NORMAL\NORMAL2-IM-0233-0001.jpeg,dataset_2,NORMAL,NORMAL,0,eadb2f45e5daa4bdc5a06806986661124a7f522a0e0769d8cb3790bac45d65fb,91e7867a86798738,False
img_001663,e:\Final_Project\Pnuemonia_Detection\data\raw_datasets\dataset_1\train\NORMAL\NORMAL-7964343-0001.jpeg,dataset_1,NORMAL,NORMAL,0,885fb01b7820667049cd4eb316dea7f91aa2ccf692f24c78e12bbb31118f0153,d16f871a0d4d1c6d,False
img_001240,e:\Final_Project\Pnuemonia_Detection\data\raw_datasets\dataset_1\train\NORMAL\NORMAL-5222567-0001.jpeg,dataset_1,NORMAL,NORMAL,0,c8239b4ae00ad4cd6ec0c858bfa7e1735c1d918617406acfaeee15c4563ccd15,802f8719cd6bfac2,False
img_001570,e:\Final_Project\Pnuemonia_Detection\data\raw_datasets\dataset_1\train\NORMAL\NORMAL-7279550-0001.jpeg,dataset_1,NORMAL,NORMAL,0,8f642153df592275bfb273ccea1e79e1fbb064f19af504b8c2a4817a2167329e,906de63aa94d3ccc,False
img_005007,e:\Final_Project\Pnuemonia_Detection\data\raw_datasets\dataset_1\train\PNEUMONIA\VIRUS-4394900-0008.jpeg,dataset_1,PNEUMONIA,VIRAL,2,a4df42e630f553d262a8897bcc207b182ef8978488642ce62852a28056473d67,917e8f1e1d4d1c4c,False
img_004797,e:\Final_Project\Pnuemonia_Detection\data\raw_datasets\dataset_1\train\PNEUMONIA\VIRUS-2965742-0002.jpeg,dataset_1,PNEUMONIA,VIRAL,2,2362962eb90ecaf8265e6e74fe0f5452dafde1a0d5ad5761ff5874f5032a2d69,986be61ec03ff40a,False
img_005144,e:\Final_Project\Pnuemonia_Detection\data\raw_datasets\dataset_1\train\PNEUMONIA\VIRUS-52163-0003.jpeg,dataset_1,PNEUMONIA,VIRAL,2,c01def8886de396ca34215c381ea3d3c90af75b37cc4b9e7cd2b3eb0d7427daa,8137e61ab8ca3dd8,False
img_004239,e:\Final_Project\Pnuemonia_Detection\data\raw_datasets\dataset_1\train\PNEUMONIA\BACTERIA-8930781-0001.jpeg,dataset_1,PNEUMONIA,BACTERIAL,1,8c089cb349d9408768fc54e898541be0feabfc07d57f07e3f05883343e77d762,d03ff21e94353691,False
img_003421,e:\Final_Project\Pnuemonia_Detection\data\raw_datasets\dataset_1\train\PNEUMONIA\BACTERIA-6032864-0001.jpeg,dataset_1,PNEUMONIA,BACTERIAL,1,e9a2a5e2c8551d1ac6d4e680f31ef90759142f5247617c62b10b933e84b798b7,913fd6149cad39a1,False
img_004687,e:\Final_Project\Pnuemonia_Detection\data\raw_datasets\dataset_1\train\PNEUMONIA\VIRUS-232309-0003.jpeg,dataset_1,PNEUMONIA,VIRAL,2,db33c0590859d586f13a2a86a10adc5800993f3aca400a23cc285e46ff36b061,d42de21bc30bf067,False
img_005711,e:\Final_Project\Pnuemonia_Detection\data\raw_datasets\dataset_1\train\PNEUMONIA\VIRUS-8995112-0002.jpeg,dataset_1,PNEUMONIA,VIRAL,2,2b8d925f3da355b0b21260b7c1a2262f9c6906ad4ce12300a1344bbf8678c565,d02faf0d0e4a1f56,False
img_003966,e:\Final_Project\Pnuemonia_Detection\data\raw_datasets\dataset_1\train\PNEUMONIA\BACTERIA-8047963-0006.jpeg,dataset_1,PNEUMONIA,BACTERIAL,1,1ece9b7cedb17296739be0d31eca053e6532bac0dffc2da6377a92894f8ceed2,813dee1eee962948,False
img_004419,e:\Final_Project\Pnuemonia_Detection\data\raw_datasets\dataset_1\train\PNEUMONIA\BACTERIA-9582372-0002.jpeg,dataset_1,PNEUMONIA,BACTERIAL,1,0f379fd47de4623f91630170c45b6b4a0060d5ba9fd39ce19a48db26372520c4,943eeb3ec24b924a,False
img_004361,e:\Final_Project\Pnuemonia_Detection\data\raw_datasets\dataset_1\train\PNEUMONIA\BACTERIA-939876-0001.jpeg,dataset_1,PNEUMONIA,BACTERIAL,1,e72ecd266b95e6ee988f08a0e5601b97eb62b9e3b54fdd344e4b4cbc986a04e0,986db6520356a75e,False
img_005725,e:\Final_Project\Pnuemonia_Detection\data\raw_datasets\dataset_1\train\PNEUMONIA\VIRUS-9084290-0003.jpeg,dataset_1,PNEUMONIA,VIRAL,2,ab6b6551165f0aef7bdb76cac54742ecb495e067d7bf0ceb98fc98c940e68580,97afa809555f2aa2,False
img_002474,e:\Final_Project\Pnuemonia_Detection\data\raw_datasets\dataset_1\train\PNEUMONIA\BACTERIA-286376-0001.jpeg,dataset_1,PNEUMONIA,BACTERIAL,1,43f6079d7a03da9ecdff82aa9441b1bbb7e1d5df0220e5a66efc341634fe203f,d02fa918435f5c5d,False
img_001298,e:\Final_Project\Pnuemonia_Detection\data\raw_datasets\dataset_1\train\NORMAL\NORMAL-5606086-0001.jpeg,dataset_1,NORMAL,NORMAL,0,6eae53f484d03503dbe4aafa67f97f7e0ce9875a8fd960829bb28736e3a00219,d074c61a93cf3da4,False
img_003076,e:\Final_Project\Pnuemonia_Detection\data\raw_datasets\dataset_1\train\PNEUMONIA\BACTERIA-4973842-0002.jpeg,dataset_1,PNEUMONIA,BACTERIAL,1,b3287577fb31feea58c6e22634b80296021475042f77340dd4b69790a4ca5a8f,d0eae750d552598b,False
img_000780,e:\Final_Project\Pnuemonia_Detection\data\raw_datasets\dataset_1\train\NORMAL\NORMAL-2214391-0001.jpeg,dataset_1,NORMAL,NORMAL,0,cb1adf3994ba6a14b285a1b49fdfcc26b8b121a211ab843f0e086a11236ee6c5,916ee65ac94d5847,False
img_003714,e:\Final_Project\Pnuemonia_Detection\data\raw_datasets\dataset_1\train\PNEUMONIA\BACTERIA-7194095-0001.jpeg,dataset_1,PNEUMONIA,BACTERIAL,1,a360dffee61858aefb42836ff481d4fd3f97f7ad319b2f759ab67efecaaa99fe,9129e30ede4a3cea,False
img_001185,e:\Final_Project\Pnuemonia_Detection\data\raw_datasets\dataset_1\train\NORMAL\NORMAL-4734216-0001.jpeg,dataset_1,NORMAL,NORMAL,0,7925bd0c24151971f11d93b90674d7d0c86e9b0080aafd3bc83e3dffc4385e7f,913bd21ad0593dd3,False
img_005130,e:\Final_Project\Pnuemonia_Detection\data\raw_datasets\dataset_1\train\PNEUMONIA\VIRUS-5164118-0007.jpeg,dataset_1,PNEUMONIA,VIRAL,2,ebf52761301510569097fae43fdd26e5fe3697e4a55e343aacbef90566110e7e,942f031e0b7c6d7c,False
img_003422,e:\Final_Project\Pnuemonia_Detection\data\raw_datasets\dataset_1\train\PNEUMONIA\BACTERIA-603658-0001.jpeg,dataset_1,PNEUMONIA,BACTERIAL,1,3a52e7212a9007ad950f64b94fc8e2d33df2e0b48da47cdfb14d20b47b805f3f,997cc6189a4e79d4,False
img_004234,e:\Final_Project\Pnuemonia_Detection\data\raw_datasets\dataset_1\train\PNEUMONIA\BACTERIA-8891922-0001.jpeg,dataset_1,PNEUMONIA,BACTERIAL,1,f5257774a0b34065f1625783ced7528cd6381a6c58b7a6f2db1c7a96d9ad0094,8029e14f3dc54f3d,False
img_000678,e:\Final_Project\Pnuemonia_Detection\data\raw_datasets\dataset_1\train\NORMAL\NORMAL-1456124-0002.jpeg,dataset_1,NORMAL,NORMAL,0,515a00c38716aa59fad413053d6ab4b4b7af600912175d556e2f1701d7542836,9164871acd6d39c7,False
img_003518,e:\Final_Project\Pnuemonia_Detection\data\raw_datasets\dataset_1\train\PNEUMONIA\BACTERIA-6394993-0001.jpeg,dataset_1,PNEUMONIA,BACTERIAL,1,4f9ff9bf9adb57f745efc859f0c0844fb22697c6e1a10534aea535591ffc300a,d42e821b8f1b2ced,False
img_004137,e:\Final_Project\Pnuemonia_Detection\data\raw_datasets\dataset_1\train\PNEUMONIA\BACTERIA-8557599-0002.jpeg,dataset_1,PNEUMONIA,BACTERIAL,1,905a703da2ca12326f2d88ce9b9823290bad97e98c8179e77393c56f86978caa,d06f874f45c668e2,False
img_002956,e:\Final_Project\Pnuemonia_Detection\data\raw_datasets\dataset_1\train\PNEUMONIA\BACTERIA-452131-0001.jpeg,dataset_1,PNEUMONIA,BACTERIAL,1,d436432f34a653d55bf9f4a0ad9b832ae48c63d1357fc67c8f11454c35794b9d,d5bfe25e52405e48,False
img_000628,e:\Final_Project\Pnuemonia_Detection\data\raw_datasets\dataset_1\train\NORMAL\NORMAL-1023731-0001.jpeg,dataset_1,NORMAL,NORMAL,0,8edb0aaf6b00b6f8cdb6f1164d2c5dca54cea9d3c622c980aa5fcf252de32d4b,896fc74a4f4519c9,False
img_002100,e:\Final_Project\Pnuemonia_Detection\data\raw_datasets\dataset_1\train\PNEUMONIA\BACTERIA-1541494-0001.jpeg,dataset_1,PNEUMONIA,BACTERIAL,1,171f18a66df27aa1fe30c7730dd87d8e78efbb35b1e59b1418669dc49b8554fd,912feabed24a164a,False
img_003326,e:\Final_Project\Pnuemonia_Detection\data\raw_datasets\dataset_1\train\PNEUMONIA\BACTERIA-5628383-0010.jpeg,dataset_1,PNEUMONIA,BACTERIAL,1,b91ffef5697ac7a2591aede611aef384d80b1255cfe2cacc20f0c1b7adeffba0,d129f75e1e480c3e,False
img_000978,e:\Final_Project\Pnuemonia_Detection\data\raw_datasets\dataset_1\train\NORMAL\NORMAL-3411116-0002.jpeg,dataset_1,NORMAL,NORMAL,0,b6061bb897c632e4a73b240f746b8fc63d22543504e86e330a51872cab738fa2,d066c71bcd2d89c6,False
img_002921,e:\Final_Project\Pnuemonia_Detection\data\raw_datasets\dataset_1\train\PNEUMONIA\BACTERIA-4401755-0001.jpeg,dataset_1,PNEUMONIA,BACTERIAL,1,2029ca16cd7f174fc325e47701f6d7789ba2b23ebed64c759d8e7f19391471ea,9139e19786c69e96,False
img_004690,e:\Final_Project\Pnuemonia_Detection\data\raw_datasets\dataset_1\train\PNEUMONIA\VIRUS-2355867-0003.jpeg,dataset_1,PNEUMONIA,VIRAL,2,d5c58ba3073b9757a4f73b6a39649c2e67256613519c4d9da099b50f76be9800,903fde5e560a1c4b,False
img_002118,e:\Final_Project\Pnuemonia_Detection\data\raw_datasets\dataset_1\train\PNEUMONIA\BACTERIA-1591633-0001.jpeg,dataset_1,PNEUMONIA,BACTERIAL,1,e7b6dbc724927c8478b1109c0997db6f163fbab1a3cb1332fa2d20c12efced07,946fe7428722e38e,False
img_000355,e:\Final_Project\Pnuemonia_Detection\data\raw_datasets\dataset_1\test\PNEUMONIA\BACTERIA-5451280-0001.jpeg,dataset_1,PNEUMONIA,BACTERIAL,1,b210bae937c6e646055a796e32778e89b9addeb83d4f1844f4eb3fcb2ae847e9,942b6a3e697c5c45,False
img_005576,e:\Final_Project\Pnuemonia_Detection\data\raw_datasets\dataset_1\train\PNEUMONIA\VIRUS-8082662-0001.jpeg,dataset_1,PNEUMONIA,VIRAL,2,d7465af1ea6caa643d11d8f2dde800fd3edff7fa84157112ea0cf489fd6f8c60,c82df51cc34b98cb,False
img_005046,e:\Final_Project\Pnuemonia_Detection\data\raw_datasets\dataset_1\train\PNEUMONIA\VIRUS-463487-0005.jpeg,dataset_1,PNEUMONIA,VIRAL,2,6f5e8a5c1afb0c626f380678596cdd5ff8889849137bd205f390367e82a32af8,d42f2d2b17535217,False
img_003404,e:\Final_Project\Pnuemonia_Detection\data\raw_datasets\dataset_1\train\PNEUMONIA\BACTERIA-5978919-0001.jpeg,dataset_1,PNEUMONIA,BACTERIAL,1,c1457f4450346f8be4b4cb5617e2295ffa3777bc8c589ed19e623433480d8aa5,d4fd8709d15f1192,False
img_003057,e:\Final_Project\Pnuemonia_Detection\data\raw_datasets\dataset_1\train\PNEUMONIA\BACTERIA-4892699-0001.jpeg,dataset_1,PNEUMONIA,BACTERIAL,1,ae1e59c07137d8be70a4fa94d0b9d60b00271119d9fd0291fda05d7343cd19bf,912fee3ed8423c62,False
img_002787,e:\Final_Project\Pnuemonia_Detection\data\raw_datasets\dataset_1\train\PNEUMONIA\BACTERIA-392982-0001.jpeg,dataset_1,PNEUMONIA,BACTERIAL,1,7ab07c8ac732d9e71fdeb5793cd1ba66ad3194db6e932ad86b279a7a35bc9590,d17fc61a104f4f1c,False
img_005178,e:\Final_Project\Pnuemonia_Detection\data\raw_datasets\dataset_1\train\PNEUMONIA\VIRUS-5410591-0001.jpeg,dataset_1,PNEUMONIA,VIRAL,2,ae7d84a96079e520aba83cdad93cd6269ded9d870892e2e9435138e6c0c9046b,d02de22ffa683c68,False
img_002172,e:\Final_Project\Pnuemonia_Detection\data\raw_datasets\dataset_1\train\PNEUMONIA\BACTERIA-1776217-0001.jpeg,dataset_1,PNEUMONIA,BACTERIAL,1,3f60ded7303d94e2d8bbc7bf183942db10dec65b3b9b240d88d149e3b3e2e3d1,dd6f6216464b3cc2,False
img_005830,e:\Final_Project\Pnuemonia_Detection\data\raw_datasets\dataset_1\train\PNEUMONIA\VIRUS-9742081-0001.jpeg,dataset_1,PNEUMONIA,VIRAL,2,22934db880d4a040e40ea173c644ebdcc867ac38ede5ebd6067a09a03575f9d0,957ea73a8d382c2c,False
img_002492,e:\Final_Project\Pnuemonia_Detection\data\raw_datasets\dataset_1\train\PNEUMONIA\BACTERIA-2949827-0003.jpeg,dataset_1,PNEUMONIA,BACTERIAL,1,81a6ee0d3c170b726246357bd08db0e7f99761359b466bdc7f3eaeaef95e5995,cc3be71a60937cd0,False
img_005793,e:\Final_Project\Pnuemonia_Detection\data\raw_datasets\dataset_1\train\PNEUMONIA\VIRUS-9550884-0003.jpeg,dataset_1,PNEUMONIA,VIRAL,2,0f624625d31de8134d9ff2548da3c4e8cc340680bbfa8a81a793a1c23e7429df,d46b6f5e5b41090d,False
img_002550,e:\Final_Project\Pnuemonia_Detection\data\raw_datasets\dataset_1\train\PNEUMONIA\BACTERIA-3137106-0001.jpeg,dataset_1,PNEUMONIA,BACTERIAL,1,002f029f6ef5b7d37321120d1e6b90cf474ab5d7e9b26573f28821e456debce5,9139e307e6c7b443,False
img_000423,e:\Final_Project\Pnuemonia_Detection\data\raw_datasets\dataset_1\test\PNEUMONIA\BACTERIA-8285922-0003.jpeg,dataset_1,PNEUMONIA,BACTERIAL,1,8499a0b7bd0d57b3508c5bbb4d03b578111a6cd8cac62f74fbc6ddbc535d22b2,d53fc61cb5013db0,False
img_004458,e:\Final_Project\Pnuemonia_Detection\data\raw_datasets\dataset_1\train\PNEUMONIA\BACTERIA-9727802-0001.jpeg,dataset_1,PNEUMONIA,BACTERIAL,1,51d665ed6a6d93c7915d701bb744f6b63bce01f6f5127720070d31190d650864,81fade5c501d164f,False
img_001011,e:\Final_Project\Pnuemonia_Detection\data\raw_datasets\dataset_1\train\NORMAL\NORMAL-3644944-0002.jpeg,dataset_1,NORMAL,NORMAL,0,bcfa785a51519f248f236aeac3791f9e083b8f3342a196abc3449d9ecb9ba068,957e87398d2c6986,False
img_003460,e:\Final_Project\Pnuemonia_Detection\data\raw_datasets\dataset_1\train\PNEUMONIA\BACTERIA-6173042-0002.jpeg,dataset_1,PNEUMONIA,BACTERIAL,1,27b6602e69486b09105794ad5ae4c9750f1200bd6092e437eae06110df6ad794,d03fe7d74c1a2819,False
img_005347,e:\Final_Project\Pnuemonia_Detection\data\raw_datasets\dataset_1\train\PNEUMONIA\VIRUS-6473924-0002.jpeg,dataset_1,PNEUMONIA,VIRAL,2,cd3e671167960de0db6c25f36ff6343a67f6acb459a5cf172db682ef7706c256,917bc71e0b5b1945,False
img_002571,e:\Final_Project\Pnuemonia_Detection\data\raw_datasets\dataset_1\train\PNEUMONIA\BACTERIA-324273-0005.jpeg,dataset_1,PNEUMONIA,BACTERIAL,1,9eab9a024d3399b7ab7822240fb5b589171fead3acbfdbc41ec48453a1064e59,9923e71ec61eb06a,False
img_001329,e:\Final_Project\Pnuemonia_Detection\data\raw_datasets\dataset_1\train\NORMAL\NORMAL-5729564-0002.jpeg,dataset_1,NORMAL,NORMAL,0,19f2861fdf6e59bf29003f9ea720d879fffbfe85002489f53e07747d285a36dd,d5fdc73a8f0a3804,False
img_000447,e:\Final_Project\Pnuemonia_Detection\data\raw_datasets\dataset_1\test\PNEUMONIA\BACTERIA-9156003-0002.jpeg,dataset_1,PNEUMONIA,BACTERIAL,1,09206ffe61816d99e86380ccb6e2ebbff60ca2194d814a483f628690c739551e,d06ea71a874bb94a,False
img_005131,e:\Final_Project\Pnuemonia_Detection\data\raw_datasets\dataset_1\train\PNEUMONIA\VIRUS-516591-0003.jpeg,dataset_1,PNEUMONIA,VIRAL,2,2d80bdd1f7c0bf3516485ab5f49722c30af4b6632566fbce73ac252a62d77228,d072c31bc039f46f,False
img_003303,e:\Final_Project\Pnuemonia_Detection\data\raw_datasets\dataset_1\train\PNEUMONIA\BACTERIA-5608291-0005.jpeg,dataset_1,PNEUMONIA,BACTERIAL,1,db028384ec523a220ea3a7d4a2fd71c228efdb463a037bb2ee9b5b0f67d2ad2c,c02fe71a96cb0d96,False
img_004359,e:\Final_Project\Pnuemonia_Detection\data\raw_datasets\dataset_1\train\PNEUMONIA\BACTERIA-9377680-0001.jpeg,dataset_1,PNEUMONIA,BACTERIAL,1,de5a2883d29302663879e671f4d51c51ab1ab52fb2a1b334c9cc05e7a8ee3a3e,d0fab40d078739ad,False
img_003617,e:\Final_Project\Pnuemonia_Detection\data\raw_datasets\dataset_1\train\PNEUMONIA\BACTERIA-6686792-0001.jpeg,dataset_1,PNEUMONIA,BACTERIAL,1,2d5b19bc8798432026abc2cc581e832ddbc77c89513b4e002bd11d3d1295376d,9164a75a8f392b9c,False
img_003347,e:\Final_Project\Pnuemonia_Detection\data\raw_datasets\dataset_1\train\PNEUMONIA\BACTERIA-5739457-0001.jpeg,dataset_1,PNEUMONIA,BACTERIAL,1,23b5ac02f480e322e4f7baf791f847b9f0bbd5822fdeacfd88160f428fa9e35f,d03d5a1a5a591e97,False
img_005672,e:\Final_Project\Pnuemonia_Detection\data\raw_datasets\dataset_1\train\PNEUMONIA\VIRUS-866933-0001.jpeg,dataset_1,PNEUMONIA,VIRAL,2,f6a08939b08a54d27a72897e4a631b393f87c5482c914bc7402e3d6ea0cbf652,90eca75b875aa45a,False
img_005209,e:\Final_Project\Pnuemonia_Detection\data\raw_datasets\dataset_1\train\PNEUMONIA\VIRUS-5616489-0002.jpeg,dataset_1,PNEUMONIA,VIRAL,2,6cceb3bfc4a8051476bc63be98ff919686868a36d8dfadeb5df723f80593c13e,91a5c61acb6b3c69,False
img_004409,e:\Final_Project\Pnuemonia_Detection\data\raw_datasets\dataset_1\train\PNEUMONIA\BACTERIA-9559998-0001.jpeg,dataset_1,PNEUMONIA,BACTERIAL,1,9f5b620c2efb7f2ad915335d85898965bf91cff80536901f81b2da996f3a7f76,d5bfc25c4d561892,False
img_001600,e:\Final_Project\Pnuemonia_Detection\data\raw_datasets\dataset_1\train\NORMAL\NORMAL-7448311-0001.jpeg,dataset_1,NORMAL,NORMAL,0,2b9d4494b9c8d44436edea67278161cd1e6000d0ef22dd115618d52142673345,d0fe872cad8e2986,False
img_004781,e:\Final_Project\Pnuemonia_Detection\data\raw_datasets\dataset_1\train\PNEUMONIA\VIRUS-2835219-0002.jpeg,dataset_1,PNEUMONIA,VIRAL,2,1aa6bb88bc889799669caeb42403cb4b64d0348df6e0992bcd57f32bd6c6db6c,902ac71e5e525b73,False
img_005582,e:\Final_Project\Pnuemonia_Detection\data\raw_datasets\dataset_1\train\PNEUMONIA\VIRUS-8101287-0002.jpeg,dataset_1,PNEUMONIA,VIRAL,2,c9f8e8eda8ad00170791d1c6674ce3b4c6264d58afb70df6f53b3601fefc53e5,d02bc31ecc599ce9,False
img_004115,e:\Final_Project\Pnuemonia_Detection\data\raw_datasets\dataset_1\train\PNEUMONIA\BACTERIA-8527391-0001.jpeg,dataset_1,PNEUMONIA,BACTERIAL,1,99ccccf50d135b070f43e0b893a2aacf7dfd3b37bd60edfb4dd01966df725ab8,917a4618565f5c75,False
img_000250,e:\Final_Project\Pnuemonia_Detection\data\raw_datasets\dataset_1\test\PNEUMONIA\BACTERIA-1602272-0002.jpeg,dataset_1,PNEUMONIA,BACTERIAL,1,9377ed8bdadc2bdc419dffff2aea216c7c6e105056e770c8ed403a75a3add848,d2fce1bcf5870c10,False
img_003801,e:\Final_Project\Pnuemonia_Detection\data\raw_datasets\dataset_1\train\PNEUMONIA\BACTERIA-7512869-0001.jpeg,dataset_1,PNEUMONIA,BACTERIAL,1,545de9601d8f455625dfb819287bc7f922c2a3441507c9279b09846f012897a6,95eac2184f5d5b4a,False
img_003868,e:\Final_Project\Pnuemonia_Detection\data\raw_datasets\dataset_1\train\PNEUMONIA\BACTERIA-7734653-0001.jpeg,dataset_1,PNEUMONIA,BACTERIAL,1,b26a2479679a32f64b8dded0d1e2d726356684ce18a6395354de4c05c0ad2029,903fde1e1c713929,False
img_000312,e:\Final_Project\Pnuemonia_Detection\data\raw_datasets\dataset_1\test\PNEUMONIA\BACTERIA-4070745-0001.jpeg,dataset_1,PNEUMONIA,BACTERIAL,1,7e4ae8516816db7f3e0362b42ebd98a3a0f244e462ffdffce74ec7beff17b44b,d46de60a824f9f43,False
img_002760,e:\Final_Project\Pnuemonia_Detection\data\raw_datasets\dataset_1\train\PNEUMONIA\BACTERIA-385176-0005.jpeg,dataset_1,PNEUMONIA,BACTERIAL,1,11274b30100db6afd01a2f8d65ba22dd35e2a66385e052fb7e327abf6e89f600,952fe71ec21eb04a,False
img_005181,e:\Final_Project\Pnuemonia_Detection\data\raw_datasets\dataset_1\train\PNEUMONIA\VIRUS-5428825-0002.jpeg,dataset_1,PNEUMONIA,VIRAL,2,6d2264efadb2c2f0b2ec847c85575324516f276edb88260e2da5bac1fcc68231,d0e4c35ac739871b,False
img_003811,e:\Final_Project\Pnuemonia_Detection\data\raw_datasets\dataset_1\train\PNEUMONIA\BACTERIA-7560163-0001.jpeg,dataset_1,PNEUMONIA,BACTERIAL,1,c3a071e504dcb98902547e0d90e3c93de485a9f7de91c2346e5ef61bcb451779,9178c738bd2d39c1,False
img_005761,e:\Final_Project\Pnuemonia_Detection\data\raw_datasets\dataset_1\train\PNEUMONIA\VIRUS-9361906-0003.jpeg,dataset_1,PNEUMONIA,VIRAL,2,ab2c5ff679d7a3fa4a0432f27f6a4088e7c12a89a98579ae6df824e791d16b26,d07b470c2c2f3c6d,False
img_003491,e:\Final_Project\Pnuemonia_Detection\data\raw_datasets\dataset_1\train\PNEUMONIA\BACTERIA-6295192-0003.jpeg,dataset_1,PNEUMONIA,BACTERIAL,1,81090d9a66e23b331d1d91295274231e32ba1a9a7df08ba3290f760e6cbdded3,dd7fe25a96189248,False
img_001058,e:\Final_Project\Pnuemonia_Detection\data\raw_datasets\dataset_1\train\NORMAL\NORMAL-3873301-0001.jpeg,dataset_1,NORMAL,NORMAL,0,4db9baf5468f513aae4a248bc8e636a0b22e5aee370b137f51e01b2710f0589f,c16f871a89e16b93,False
img_002706,e:\Final_Project\Pnuemonia_Detection\data\raw_datasets\dataset_1\train\PNEUMONIA\BACTERIA-3690280-0007.jpeg,dataset_1,PNEUMONIA,BACTERIAL,1,38cb5cdd39c01723fab926f8824969cdd802411b84fe596c653a85119d3f6a45,d13d625a10493f7d,False
img_005903,e:\Final_Project\Pnuemonia_Detection\data\raw_datasets\dataset_2\test\NORMAL\IM-0075-0001.jpeg,dataset_2,NORMAL,NORMAL,0,9bb29f51f95100232c052c320169945a6f64b5eac6aee88b3124fbc5255e1344,d5af060a87199b4f,False
img_005327,e:\Final_Project\Pnuemonia_Detection\data\raw_datasets\dataset_1\train\PNEUMONIA\VIRUS-6376704-0002.jpeg,dataset_1,PNEUMONIA,VIRAL,2,cf24878aedb39f0bde4f2a9ba6d77b50742cc0dce8a08a8c18ee60350cc8fffc,d0a4c31fe83cca6d,False
img_000410,e:\Final_Project\Pnuemonia_Detection\data\raw_datasets\dataset_1\test\PNEUMONIA\BACTERIA-7720431-0003.jpeg,dataset_1,PNEUMONIA,BACTERIAL,1,14131b57b4f04c770139b6cb7e8bcde118bacd57b715a8a857536902ca40527f,dc2ee71ac34b3cc0,False
img_005106,e:\Final_Project\Pnuemonia_Detection\data\raw_datasets\dataset_1\train\PNEUMONIA\VIRUS-5051946-0003.jpeg,dataset_1,PNEUMONIA,VIRAL,2,cdc7e8ab15166da757f64922a46af1e66c20b6acc6cee93f8d0ce37259244c52,d929e25afa4a7849,False
img_004644,e:\Final_Project\Pnuemonia_Detection\data\raw_datasets\dataset_1\train\PNEUMONIA\VIRUS-1851402-0001.jpeg,dataset_1,PNEUMONIA,VIRAL,2,83bf75d8f8c1a860a6ee176300cb5417b01a3009675ef55a2f9a4dbffe084036,d52de30baf433c60,False
img_004992,e:\Final_Project\Pnuemonia_Detection\data\raw_datasets\dataset_1\train\PNEUMONIA\VIRUS-4313165-0004.jpeg,dataset_1,PNEUMONIA,VIRAL,2,5890a889ab0f6e74c402ffb66eaf52f5e84cae9314bf85fd3ec9169c4c51c908,902fc31eed693cc1,False
img_001760,e:\Final_Project\Pnuemonia_Detection\data\raw_datasets\dataset_1\train\NORMAL\NORMAL-8644314-0001.jpeg,dataset_1,NORMAL,NORMAL,0,d1eb3313d86474a3e5ee60168713b44cb315084794af2e10806801f37b03c1fc,9039e71ebe431e34,False
img_003299,e:\Final_Project\Pnuemonia_Detection\data\raw_datasets\dataset_1\train\PNEUMONIA\BACTERIA-5608291-0001.jpeg,dataset_1,PNEUMONIA,BACTERIAL,1,35bc113bb427b55db8bc0ad45aac5a2b5754334873d497fd75654b4fdbd988ba,94eee31ec10bb14b,False
img_000219,e:\Final_Project\Pnuemonia_Detection\data\raw_datasets\dataset_1\test\NORMAL\NORMAL-9077486-0001.jpeg,dataset_1,NORMAL,NORMAL,0,3a6bbdc331d761fbc39e14a6e75ce3528152206ea2ee5d99a9ade459355080d4,996a035b4f4b186f,False
img_003988,e:\Final_Project\Pnuemonia_Detection\data\raw_datasets\dataset_1\train\PNEUMONIA\BACTERIA-8143049-0001.jpeg,dataset_1,PNEUMONIA,BACTERIAL,1,470c208ef5096b0f1636989c5bfc7c5c434700e0004970006c5dcf285c28d56b,952b57545a623e78,False
img_005781,e:\Final_Project\Pnuemonia_Detection\data\raw_datasets\dataset_1\train\PNEUMONIA\VIRUS-9480095-0002.jpeg,dataset_1,PNEUMONIA,VIRAL,2,d74cd41128a6d1801ffab1bcf6b2f84cb6ab42c65c7aa799e894a1738bb5e6e1,94a9e71bc61bc44b,False
img_001726,e:\Final_Project\Pnuemonia_Detection\data\raw_datasets\dataset_1\train\NORMAL\NORMAL-8347029-0001.jpeg,dataset_1,NORMAL,NORMAL,0,6ae717480d396d450dcd008ebba16215b5ccf4e6b76d3b387c320c0718de76fd,81a1c67af86b3969,False
